label,v0,v1,v2,v3,v4,v5,v6,v7,v8,v9,v10,v11,v12,v13,v14,v15,v16,v17,v18,v19,v20,v21,v22,v23,v24,v25,v26,v27,v28,v29,v30,v31,v32,v33,v34,v35,v36,v37,v38,v39,v40,v41,v42,v43,v44,v45,v46,v47,v48,v49,v50,v51,v52,v53,v54,v55,v56,v57,v58,v59,v60,v61,v62
open,0.5496714153011233,0.4861735698828815,0.5647688538100692,0.6523029856408026,0.4765846625276664,0.4765863043050819,0.6579212815507391,0.5767434729152909,0.4530525614065048,0.5542560043585965,0.4536582307187538,0.4534270246429743,0.5241962271566034,0.3086719755342202,0.3275082167486967,0.4437712470759027,0.39871688796655763,0.5314247332595274,0.4091975924478789,0.3587696298664709,0.6465648768921555,0.47742236995134646,0.5067528204687923,0.3575251813786543,0.44556172754748175,0.5110922589709866,0.3849006422577697,0.5375698018345672,0.4399361310081195,0.4708306250206723,0.4398293387770603,0.6852278184508938,0.4986502775262066,0.39422890710440994,0.5822544912103189,0.37791563500289777,0.5208863595004756,0.30403298761202247,0.3671813951101569,0.5196861235869124,0.573846657999541,0.5171368281189971,0.48843517176117596,0.4698896304410711,0.35214780096325726,0.4280155791605291,0.45393612290402124,0.6057122226218916,0.5343618289568461,0.3236959844637266,0.5324083969394795,0.4614917719583683,0.4323077999694041,0.5611676288840868,0.6030999522495951,0.5931280119116199,0.41607824767773616,0.46907876241487856,0.5331263431403563,0.5975545127122359,0.452082576215471,0.4814341023336183,0.3893665025993972
open,0.38037933759193293,0.5812525822394198,0.6356240028570823,0.49279898784196663,0.6003532897892024,0.5361636025047634,0.43548802453948754,0.5361395605508414,0.6538036566465969,0.49641739608900487,0.6564643655814006,0.23802548959102554,0.5821902504375224,0.5087047068238171,0.47009926495341325,0.5091760776535502,0.3012431085399107,0.4780328112162488,0.5357112571511746,0.6477894044741517,0.44817297817263524,0.4191506397106812,0.44982429564154636,0.5915402117702074,0.5328751109659684,0.4470239796232961,0.5513267433113356,0.509707754934804,0.596864499053289,0.4297946906122648,0.4672337853402232,0.4607891846867842,0.35364850518678814,0.5296120277064577,0.526105527217989,0.500511345664246,0.4765412866624853,0.35846292579495853,0.4579354677234641,0.465728548347323,0.4197722730778381,0.48387142883339906,0.5404050856814538,0.6886185901210531,0.5174577812831839,0.5257550390722764,0.4925554084233833,0.30812287847009584,0.49734861245507833,0.5060230209941027,0.7463242112485287,0.48076390352188775,0.5301547342333612,0.49652882302947565,0.3831321962380468,0.6142822814515021,0.5751933032686775,0.5791031947043047,0.4090612545205261,0.64027943109361,0.3598148937207719,0.558685709380027,0.7190455625809978
open,0.40094636748693113,0.4433702270397228,0.5099651365087641,0.44965243458838006,0.34493365689338673,0.5068562974806027,0.3937696286273895,0.5473592430635181,0.4080575765766197,0.6549934405017539,0.42167467076637627,0.46779384837943244,0.581351721736967,0.3769135683566045,0.522745993460413,0.6307142754282429,0.3392516765438772,0.5184633858532304,0.5259882794248424,0.578182287177731,0.3763049289121918,0.36795433869157235,0.5521941565616898,0.5296984673233186,0.5250492850345877,0.5346448209496976,0.4319975278421509,0.5232253697161003,0.5293072473298681,0.42856485819736323,0.6865774511144757,0.5473832920911788,0.38086965027973513,0.565655360863383,0.40253183297726786,0.5787084603742452,0.6158595579007404,0.41793176816482897,0.5963376129244322,0.5412780926936498,0.582206015999449,0.6896792982653948,0.47546118839971296,0.42462638356425103,0.4110485570374477,0.4184189715034562,0.4922898290585896,0.5341151974816644,0.5276690799330019,0.5827183249036024,0.5013001891877907,0.6453534077157317,0.4735343166762044,0.7720169166589619,0.5625667347765007,0.41428424435837174,0.39291075019388877,0.5482472415243185,0.4776537214674149,0.5714000494092092,0.5473237624573545,0.49271710873431274,0.4153206281931595
open,0.34851527753141354,0.4553485047932979,0.5856398794323472,0.5214093744130204,0.3754261221288012,0.5173180925851182,0.5385317379728837,0.4116142563798867,0.5153725105945528,0.5058208718446,0.38570297021693767,0.5357787360348283,0.5560784526368234,0.6083051243175277,0.6053802052034903,0.3622330632042909,0.4062174960084877,0.551503526720866,0.5513785950912209,0.5515047686306048,0.8852731490654722,0.5570890510693167,0.6135565640180599,0.5954001763493202,0.5651391251305798,0.46847307553596546,0.5758969220493267,0.4227174785462428,0.4763181393259991,0.45146364521708965,0.5081874139386322,0.7314658566673509,0.31327348074082517,0.5686260190374514,0.33872841288103483,0.45280681342105666,0.6088950596967366,0.5064280019095463,0.3922255222070694,0.42846962907400316,0.5679597748934676,0.42696333682828636,0.5216458589581975,0.5045571839903814,0.43483996523941826,0.7143944089325326,0.5633919022318011,0.2974857413342393,0.5186454314769428,0.4338213535231612,0.5852433334796224,0.42074792615672996,0.4885263558533101,0.5504987278980458,0.5865755194170121,0.37997035929442236,0.4665498764159052,0.45250546888390436,0.43466707674262883,0.6765454240281097,0.5404981710960955,0.37391160456649547,0.5917861947054777
open,0.7122156197012633,0.6032465260551148,0.3480630034045986,0.45157659271337486,0.6266911149186623,0.4292330534381219,0.5443819428146228,0.5774634053429337,0.4073069528421917,0.49404746439381997,0.17587326599309272,0.397561235866571,0.47474318486068395,0.37522168180351506,0.6632411303931636,0.3569858622039367,0.4559955513303016,0.5130740577286091,0.6441273289066116,0.35641378488205605,0.616316375215496,0.5010233061019587,0.4018491348952049,0.5462103474263271,0.519905969557347,0.43997831228412054,0.5069802084990019,0.46146864031382395,0.5113517345251248,0.5662130674521046,0.6586016816145353,0.3762184501173151,0.7133033374656267,0.30479122004774983,0.4848214904964417,0.5588317206484577,0.5280991867735033,0.43773004801794063,0.47918777496427245,0.45069990653411673,0.4410635243055788,0.5849602097021025,0.5357015485965048,0.43070904047393455,0.589959987543325,0.5307299520876609,0.581286211883896,0.5629628841923612,0.41710049890779277,0.443981895980303,0.5747293605123261,0.5610370265433465,0.4979098406035852,0.5117327383308782,0.6277664895788425,0.440842861116417,0.5547097381170037,0.4797807347566106,0.478231879677278,0.609877685198719,0.582541634898803,0.5813509636000639,0.6305478807154329
open,0.502100384163276,0.5681952971294963,0.4689733243406544,0.5324166352488442,0.48698569456323154,0.5096995964992718,0.5595157025436913,0.41817793167665274,0.709238727568546,0.3993982618500298,0.3785811387212268,0.6158110873500068,0.5791662693962936,0.5624119817052156,0.562834550926428,0.49877532271530856,0.41027456285141684,0.5075804558193726,0.4322838288487888,0.5975119733417751,0.48529426184978613,0.4174502803207488,0.46786141583470064,0.5412931454275625,0.44362754471960253,0.41777796044335685,0.5243687211491912,0.5244966571108722,0.44930568246288705,0.45289616943816774,0.5232049937357637,0.35519156585026757,0.3592536225623445,0.4281555778747564,0.47865528482881525,0.5310907565598004,0.6475356216949553,0.585765962320202,0.4840061470036573,0.4980983792097311,0.39974706353621914,0.498148686400761,0.47113413610798616,0.532271856033809,0.4172769056447677,0.5519346514241172,0.6532738913002578,0.4891239851543142,0.5401711722098942,0.5690143991711113,0.45987795281141636,0.5224092481810417,0.5012592400781795,0.5097676098548831,0.42269902161445333,0.5024510174258943,0.549799829124545,0.6451143607795042,0.5959270826085207,0.7153182457511557,0.42326524371119506,0.5872320636720678,0.5183342005738352
open,0.7189802933217673,0.4191701714644849,0.4160278157819224,0.44006073545559776,0.28761042756901933,0.4474244978319239,0.4240867338446302,0.5150393786476207,0.5341755975777159,0.6876170839215886,0.595042383818605,0.4423096344337597,0.4101585328651642,0.5491919171506505,0.36797667929793576,0.6831458765854354,0.6179440120721287,0.45308243478952953,0.3286865470909123,0.6353872374165412,0.4885460154747382,0.6237816311973462,0.34055723412056327,0.4400624977046227,0.5005243699718183,0.5046980593764742,0.45499345285207565,0.5622849932347499,0.3932379570617406,0.48576205149787066,0.5120295631711899,0.5514438834058749,0.571161487808889,0.3875357908162131,0.3465885829264378,0.6277676821898509,0.5332314011979592,0.42515134634434465,0.6551151975522523,0.5115674634292858,0.6179297184063827,0.5067518481410109,0.7060747924881987,0.6755340842443205,0.47510358515209267,0.5971570950954356,0.5645375949585147,0.6368631557532349,0.40350765394198956,0.5686051459998439,0.6058424486849587,0.32412605135768857,0.3816741487334225,0.2960767822239899,0.47305931655554423,0.5717542255795962,0.6502357052096028,0.5074094780419776,0.6628615545571293,0.3619898541785108,0.32966175606448456,0.49444523011033814,0.5384065448939307
open,0.4967305251905907,0.2932557899960123,0.49108799604872116,0.36955304994951466,0.5669672548830038,0.5366598246096849,0.40601202136726444,0.4486133082663306,0.39407864781110485,0.49373209027268283,0.5955142320501239,0.4014273953664456,0.5504046515517844,0.44697423816275594,0.4207127167737656,0.4892969640045442,0.3964757677580626,0.4446350694652818,0.38021221074111516,0.696472513291639,0.5035263551971728,0.43002744920074143,0.5213979910734222,0.48876719503091703,0.4779030400466777,0.5614166700043425,0.5757507710047305,0.44694988523894724,0.442418175935532,0.4724948302848356,0.26980788352644147,0.3484808937801448,0.6366874267444524,0.6644967713501284,0.47509639604436216,0.5576556963055767,0.5311250154543536,0.8078880808455238,0.6119574911434577,0.4872082408519233,0.4044459559399574,0.3393553679742427,0.5203463635867223,0.4243649254715697,0.3577746290402326,0.43534271157574733,0.3918451996385605,0.6687141635072564,0.588163975694945,0.49920273586833824,0.6479944138890026,0.5077368307647618,0.4138715798671736,0.6523124077269657,0.5538910043684658,0.39627538456735434,0.4809661321916392,0.41243817466152427,0.3617200269035664,0.5926177547531641,0.6909416640470131,0.36014324261808583,0.5562969236690571
open,0.4349357430878173,0.4512874616235304,0.4407606075761131,0.4136009230320184,0.5048521627944828,0.4169049883588962,0.5270456825779839,0.4949761890550863,0.47610519531335904,0.4092436337958402,0.4423228669431667,0.5755391225825757,0.5500917187624381,0.40224447552014486,0.5099332305429226,0.575138712337179,0.3330594718878628,0.5543360192379935,0.43373762410541533,0.557059866859316,0.4236740843457483,0.3195117899335481,0.33724575621168373,0.5048084946661382,0.5259722501721482,0.4095683374895591,0.5638592458777374,0.33384799377310403,0.49339202013526834,0.3788983800237543,0.43481638921978405,0.5047398671316414,0.41395866347160476,0.46154444557701746,0.6006292809214441,0.4423108130476851,0.5835692112065142,0.38702931453423817,0.5529804177915283,0.64415686206579,0.2528355499872711,0.42031047445295233,0.557707212718054,0.47969546139570074,0.5371145873371309,0.4396014813284179,0.5086589787472899,0.48443227646079207,0.6167782061659808,0.5254420843301213,0.5337602662075203,0.45881230338775325,0.4512393775927506,0.4567441812180379,0.5394452142378297,0.4579015519179737,0.5289774856896413,0.7075400798645439,0.5871124703431693,0.4673976467832159,0.6201213922163945,0.45919246269784486,0.29618754648221457
open,0.39919136890825957,0.3129208078974144,0.46484865159586913,0.5018418379189552,0.6676437312275283,0.5326927373764163,0.47808994711911357,0.5829405581183489,0.27888646909921144,0.5235614558108566,0.5770865193886967,0.35214137542201585,0.6143754043206929,0.5338496407494414,0.45847120860991986,0.5632781866106285,0.7270692857804396,0.5181866255058495,0.5248220586300336,0.45406391004597557,0.41501556305352083,0.5830335816544245,0.4143916174091133,0.5071566237219393,0.4522342553234883,0.5478979825746392,0.5333662105286948,0.6037539944257899,0.4489983601145253,0.4730125064706629,0.40212362842176924,0.4555706739923888,0.5377300493044852,0.5756988616645352,0.40778346758223744,0.586960592010566,0.6355637858804951,0.5413434903223701,0.6876795812558066,0.4226210800896427,0.3755345296688583,0.32212797510957214,0.6496044311489183,0.5654365656354058,0.4944415329089545,0.527996862631982,0.38745109527016236,0.7445751979616826,0.5129221181975228,0.5109394794604893,0.5725766623898692,0.5481009231736713,0.5223884024279132,0.4209525544554688,0.5471468357135996,0.6882024496475034,0.6345420046154978,0.6593186626639397,0.44887843235688146,0.4010395179741419,0.4874213079900352,0.5055724912288695,0.6094191518470948
open,0.33075353702851806,0.6529550319460614,0.48419921014210104,0.457311893005258,0.39878956247398323,0.334514332813423,0.5823170583961914,0.5073317967188404,0.3710039100258946,0.3704921227936384,0.4664215300709872,0.6669021525289394,0.4740408648636395,0.3496857046881894,0.4754256935914056,0.47272764302523296,0.23031133570584283,0.4945705133482188,0.4769065469791322,0.5696206364813419,0.6848956094945345,0.6126565029547757,0.47311113094451696,0.389347409125833,0.7573359803249861,0.5059218434014489,0.5013929291912946,0.49758749128899965,0.5198084760767855,0.4855639588076058,0.4426337993119764,0.44531410587596076,0.4967246729784002,0.4456575228866235,0.42871542173228355,0.5106430227691897,0.47450227825791447,0.6503992988582689,0.23490301916069878,0.6091506851922461,0.6246085192497629,0.292660976759185,0.46573124059196513,0.46285591340042087,0.3592488305282179,0.42221833124091246,0.3889424154534171,0.6752270443423622,0.5935678393147461,0.6271555094994159,0.5721672064043235,0.38709482287827707,0.4475479733720226,0.5489374561227918,0.3777872191108055,0.5712998430172388,0.4759674601841865,0.46251791924504027,0.5710959968203492,0.544426331148604,0.463903383418092,0.6159329803364249,0.3918936672400103
open,0.5615935606944263,0.5593101257968384,0.469045356068601,0.5326133022242118,0.3748886423614697,0.5924027019206901,0.4815097863557011,0.447727697948096,0.604900922583689,0.4295656309457241,0.359153870363644,0.34433708264760965,0.560600995134564,0.3719570647503717,0.6754794181984365,0.29180705921162775,0.6696456368290038,0.5211017467202619,0.49032868881296077,0.445508091319105,0.5399136114352071,0.49623652975751514,0.6103301882016522,0.511422764866204,0.5150301761461877,0.4636387787786144,0.49430543762789325,0.5307801768892059,0.3289831607343374,0.3651814577894287,0.5743264094022715,0.5170865438127942,0.48160166636473206,0.5018433933065393,0.5347581705361671,0.4460240319690638,0.4221695274597687,0.5195845255097682,0.4021627222384968,0.5408252755714472,0.32974163957621594,0.6029155637325644,0.5472597482413043,0.5256029734313876,0.5982690983945513,0.6665474444462577,0.6014370065018131,0.3159125768668355,0.37204230332642985,0.4375181422304321,0.5026091050210834,0.5517659020469123,0.42742561868465345,0.5186766764477079,0.42446170676466777,0.4388482197008052,0.35933389031517776,0.40767667538890956,0.36483153943836666,0.4024126747022667,0.6053641796607839,0.4050601111168057,0.7632382064837391
open,0.549331790088089,0.5184836123694874,0.41416422198187863,0.5700309879408991,0.44243621737622263,0.5122009814645362,0.7560084538268794,0.490394010027535,0.6149273326285676,0.42968235748741124,0.49650115095030384,0.677080063563551,0.43730329422122327,0.6812448557996928,0.5707751935455475,0.44375332241057325,0.563240773905552,0.597255444962673,0.5621809962217197,0.3429775280109544,0.42728628241751315,0.47524813644484953,0.49255665708999535,0.5620672097550679,0.5177701000933254,0.3664655641289899,0.5380197851005963,0.5610585745283823,0.555979044793104,0.6080780725554622,0.5833922154548904,0.5459180079228436,0.4929834288541353,0.33390390664840086,0.5429618219132586,0.5207687687163112,0.5271578837195373,0.37232514241796905,0.3918943459591738,0.6053152853332904,0.4960444846143345,0.5681500697372625,0.5028318376130461,0.5029756139495746,0.5938283805975998,0.4483955271782626,0.5096120776940983,0.45377247112949576,0.45655037725676845,0.46908278765313605,0.5222133771633712,0.45212513783365227,0.6255756125573521,0.4105392697780496,0.4813128355838641,0.4560268941725825,0.6446977884353733,0.5196554776511575,0.6031844539468635,0.3514439626963028,0.5267050265869259,0.5889630795623437,0.5082283989275425
open,0.6065480375065351,0.4482711549899628,0.640934744018558,0.7298898123619251,0.4637161439560341,0.4554497478599228,0.6453384477117701,0.6579572145730712,0.44771399728467315,0.4579813182904143,0.4718215391139493,0.36555494889657225,0.4081348053515802,0.3995859233247932,0.42322024348958714,0.4965315112613219,0.5234214732536521,0.6550500492814078,0.4001645959261209,0.5984322398476584,0.4786011155774491,0.4950536290347567,0.5674819492166604,0.38772779784377015,0.538240974618405,0.5166452208213056,0.5492451264008149,0.5289168643907818,0.7455300139910894,0.4362260015748684,0.4469003044998182,0.43768594735752353,0.4444522880839745,0.4362612872693482,0.6189016531107552,0.6420504247989856,0.4429253706250524,0.41676444268957713,0.5471415556386404,0.4447776955719029,0.5632931817755511,0.52029230208513,0.34842558850027683,0.6547505201330062,0.6795877673095522,0.4387211309515614,0.4612298440064016,0.5285865390724905,0.5334456789987025,0.5658544272672831,0.7010204538766349,0.4823052772505951,0.4201702755461546,0.3620680771985473,0.42690699600580806,0.4966873027126203,0.6794557863517787,0.44823887009638286,0.5223787951638899,0.4983577103927248,0.6188393273448084,0.7526932425873623,0.4469131227079679
open,0.45105605574817775,0.6044160877069072,0.5681891489626312,0.6846707325736033,0.5583928185325964,0.46407079092129405,0.559065483069231,0.6108703580582908,0.5820482181197364,0.5507274031107298,0.6066674689589154,0.6169295590445673,0.6382158991037528,0.5648709887589642,0.4832881919683146,0.5146713686433323,0.6206508966508357,0.4183064329012764,0.5368673308872901,0.46066611876726393,0.5028744822934818,0.6278451862607299,0.5191099068019903,0.5046436548156149,0.3640143859020081,0.5746253566027221,0.5645484181141075,0.716325472330546,0.46922217650469994,0.521915032766394,0.5249383683710755,0.6577453279763474,0.4904704467613048,0.5279021525770339,0.5607896509716539,0.5186609123156358,0.4553566385449472,0.5194089992898308,0.6073631749859772,0.39734847005889395,0.5132969674146876,0.42998791850608264,0.6195046628924843,0.3476813095216225,0.44410781527284116,0.537721187506452,0.6565524029234341,0.49342497389270124,0.44448004733068014,0.688115706944059,0.3551986099583756,0.28011940433799176,0.5440014450053332,0.4497945775647389,0.39787671828692867,0.5708356447299353,0.5243800713771198,0.44359213692632715,0.37196956013291055,0.5872457328280145,0.5650201177958661,0.49008241362206173,0.6846636996047666
open,0.39299152336738474,0.34744748290752614,0.43080919301187554,0.4954413983644502,0.5243339449322691,0.475876394214367,0.5352055396514297,0.37484605758095557,0.644376460407326,0.4917848821607431,0.6117295831588128,0.5342725346377704,0.5456753219153784,0.5569767280232204,0.5447708560017315,0.5642722759867544,0.6329152530132431,0.519652116970147,0.5709003757588512,0.4910264305712773,0.6440117215449472,0.432360769794073,0.6800940432910816,0.49598420493556566,0.3569224897881952,0.5128104414910789,0.4318948342525119,0.5840643548988724,0.4347376020697609,0.45538165667852204,0.31104592690544686,0.45476936807509233,0.2576120673371043,0.34160971765142767,0.5760414656144297,0.5785800158650832,0.5425457561784964,0.4033023856870787,0.495228864385802,0.49963974609094314,0.38416353108074575,0.650339830176715,0.5877362290575672,0.4779035826170336,0.502688583899453,0.5208382807947552,0.2958265131575709,0.4752822617479403,0.4318015752002201,0.3998379990105084,0.4718899707114045,0.6797686526849522,0.564084286126701,0.4428821010217203,0.5572582781356159,0.6399355436586003,0.5924633682912769,0.5059630369920174,0.4353063222294426,0.569822331361359,0.539348538542175,0.5895193220027732,0.563517180168197
open,0.6049552715319335,0.4464764788439432,0.6317394065634325,0.51975996046924,0.7075260872625265,0.4310812181910432,0.6735963803165249,0.5197910783462648,0.43485819963855515,0.4516114165945678,0.46796526918056797,0.5424165946401917,0.55228354880355,0.4426299996061421,0.4975645407739017,0.7142270358611864,0.6727543170100712,0.5436323669674032,0.50380034781682,0.5120031326718262,0.5613517972730416,0.39772074348015946,0.4742623462576655,0.3331415926122411,0.5399223122605279,0.564719593970274,0.4516813537700626,0.6573986763290033,0.3774234336997659,0.353562511979018,0.5224451818559972,0.6047098302612155,0.6683927691457869,0.454111573713106,0.6078680833431296,0.4961491530499293,0.48273727000591804,0.5883659937486673,0.5652322878413419,0.342360784301575,0.6476540349725896,0.6380091354147451,0.43744372984904706,0.5395803533437409,0.5494030186282739,0.5260673765823907,0.444969484615458,0.4328376632061948,0.49744459290085546,0.6172729019259364,0.5543600154594432,0.4629385667913894,0.5771698710648345,0.21514573793699243,0.6148765700372103,0.32602862212219,0.4637559058596868,0.3880330105373856,0.3705318524279094,0.6160826787378519,0.45322987986881086,0.5346503881730715,0.49530794211208157
open,0.5477040827223122,0.5076821891060256,0.37170077758114306,0.599626681944714,0.4506243416838688,0.3443418101340249,0.4571884839034087,0.6500759790634311,0.5850221742113493,0.4651347865592141,0.46507422956815714,0.46783649487826173,0.707674798356084,0.5381935452231553,0.543004164719107,0.6030283454031842,0.5238789159026513,0.4740957854179297,0.4803650150915022,0.4928398740585936,0.4962777763490158,0.572762954363698,0.50519458858073,0.5732640077215579,0.49192834198914176,0.5078635190316091,0.30017993154678924,0.5916327674702482,0.5346488475897992,0.5998010109859653,0.21037446218063105,0.7088374704780728,0.4860410371844826,0.6108182816737516,0.39600940728744694,0.5612773905062569,0.39465844368263436,0.4376231039304195,0.6914031353866786,0.4809317599236653,0.5217432873179723,0.5870067730688754,0.5495681887972604,0.5150418905143577,0.5364961002466225,0.7403415585238275,0.49423812029664144,0.5201099046714968,0.6050654396007612,0.6105525932957984,0.618703030556038,0.5638730222029185,0.38569950872695163,0.6633431532301096,0.3853654606981312,0.5302635465239033,0.4245724149980642,0.49358616534070077,0.532876241030348,0.5321357215450273,0.5421920754235284,0.6613711269058647,0.545353430151398
open,0.4755843364709351,0.5964087168288357,0.6189470488924641,0.37723921848630076,0.5597400069849858,0.5701172742310898,0.4702436496640008,0.6375706813311619,0.48499444129674735,0.5125576453471542,0.48269281757161303,0.5015579047581468,0.3903724913104798,0.3559949117405705,0.6594505063224972,0.4153038651681672,0.4008607650543693,0.2846609886396285,0.4361038252310498,0.3676910206592502,0.664201516013637,0.6009817089342634,0.4311849654822276,0.7252435805344308,0.5981765486991595,0.46751686164913775,0.2500594285126427,0.7290942572590742,0.3610427533236404,0.3354601253043108,0.6022570432009641,0.7439752406339273,0.6384272818510518,0.5563909120052359,0.5594754341665286,0.5853415558780308,0.5758928589786765,0.5281191423969376,0.5104201103951876,0.49374068721004777,0.4246035411133324,0.47193249231332257,0.33070431858046145,0.490166037320525,0.40114088928490826,0.38964106827842293,0.5179894151153478,0.6392002286344599,0.5918316606002313,0.3429499396376823,0.40103718634296626,0.5940771187988216,0.40175126064616906,0.47753668500029756,0.5550052099024552,0.40316555451363645,0.5105375506145959,0.36659745050817955,0.4398632356048786,0.5319781934142537,0.3407006266468331,0.5440474737960399,0.4980362201073319
open,0.5552489954417148,0.5223914134064661,0.6364140429973845,0.5125224502647907,0.4570594458874747,0.5122297503032284,0.5543298029036388,0.5048860070325705,0.5040591691203883,0.42980083121932444,0.4337099082449052,0.3597394728200306,0.6749576743186939,0.3756136764608715,0.4307094802204093,0.42815927344308025,0.5894924376944441,0.4705050321707972,0.6247742072673734,0.4326509375756131,0.5278994162223802,0.41646529467402427,0.7145149127773388,0.3812401580970487,0.5309820710227028,0.5633776880932099,0.5413799097451498,0.4814712341122292,0.4870179300266574,0.5043811471979109,0.48529979983715116,0.596387911679491,0.7210523001591351,0.44425082149921663,0.3630197020420922,0.4911717951648745,0.7579709337654319,0.4196325432030269,0.6639116805444067,0.667770081407644,0.44464117582920054,0.5568983079185276,0.6628396623128539,0.4620872259012513,0.47964196398976383,0.4418319086051356,0.3985243269307133,0.4350722454933993,0.3776059733237743,0.5034083468259226,0.42300267689413584,0.5233785911790748,0.3444104353796372,0.5330880232214457,0.5833528961608925,0.3006264357428544,0.5374056569847572,0.6227668992473292,0.37903589813087946,0.6672572386837703,0.5419019009366045,0.4294988144241591,0.4944230922342294
open,0.5558326912521723,0.5076005391412411,0.5538755992446369,0.40793264069206336,0.5169360824036078,0.35862855030950197,0.48887739386512996,0.40960923585352105,0.42644700574102334,0.6236093175210438,0.6091310120594269,0.5609138120907177,0.3907687235327421,0.46835915503051984,0.6213097699979183,0.5141716913639904,0.7319329539981694,0.5393317839394371,0.5192049116490032,0.4690883535797499,0.5133540904782282,0.4847530163619456,0.570810867668859,0.5956702316794584,0.421401053949205,0.3668767046442222,0.3163794626896703,0.5507991326912544,0.38966333938261266,0.28471094070475167,0.5388578604530965,0.749299951743279,0.4993929088460107,0.5838490774451642,0.5081829358547565,0.49011103468088574,0.5919076482987768,0.4709725455811349,0.5267392314071903,0.5321697806196014,0.4331909546356951,0.5992042349536523,0.48250402433045914,0.4244254840507155,0.5536509843570403,0.41015320182089626,0.5028181157369128,0.49908810033557965,0.6085895565831578,0.5474698232879953,0.4974973041254856,0.5817766299200287,0.6390207549017314,0.5557810306351862,0.501035261984338,0.368816376764984,0.39348863369246273,0.46947752956453326,0.4390487797840717,0.4813028697014554,0.5056649924897108,0.5529692754356731,0.4929501221940909
open,0.5486501643826202,0.5064474414810121,0.3024533433646128,0.40606646061812457,0.48559124442783846,0.37903052571588924,0.5599928729996204,0.6530750832343697,0.6218761851697316,0.47865571290697917,0.6490726136849952,0.5148667457202112,0.46629140288819604,0.43865973364590605,0.4697530313511872,0.4611823181458771,0.5170416222375488,0.5160573981049864,0.5003046020153414,0.543693816974635,0.6190646274786341,0.5949554135441324,0.35151020315500964,0.24460788650980453,0.5934319911239274,0.36331213015845787,0.47752345981073163,0.38298869739406405,0.31980195624199803,0.5541462728204788,0.5759155160302647,0.44234895992732803,0.240895770785509,0.4453755551747517,0.5391804005402546,0.3521088431225871,0.5183359919779156,0.4984690150827004,0.5579291499601089,0.5119580368414153,0.40269310591184443,0.6196571501664492,0.484147042697303,0.4972695460490068,0.4066732040926804,0.455671774880849,0.4115197285973099,0.4827053940076577,0.6711708480142343,0.36280988570686434,0.33864386021232584,0.6471170327493608,0.4790676322848134,0.43309272613400834,0.6039904687396076,0.4394384460263136,0.6826009713546937,0.5677925871339269,0.45120885918542974,0.7157308213265503,0.4394285076996661,0.5742095372009307,0.5299292580406492
open,0.6301741289398798,0.6561511196726852,0.5032004149065766,0.42465821296538164,0.5459972142939117,0.4322284630247894,0.7013387247526623,0.5136535331082738,0.4634678448687891,0.5184680305864908,0.36528737104703035,0.40283859614893486,0.6200413907944425,0.4343105721028604,0.39530890173180605,0.5536652752527286,0.6185704154662997,0.5718953310665067,0.5996047685805816,0.4243204911430539,0.3578189333258156,0.6501333651955487,0.4677320161157864,0.47491669835449524,0.6328194141849058,0.555623000940066,0.5455887772081608,0.7165002344901084,0.4356481769619857,0.5927840128081238,0.5057013124897084,0.5268592278863257,0.6528468426412531,0.5507835756289624,0.5538296079049633,0.6072507337309803,0.46350472704571144,0.41607903326609935,0.39551908059789664,0.30336434106239984,0.7056207129940322,0.3896791634278317,0.4778746376414228,0.47231867001110794,0.5307406697809101,0.5815737212539297,0.5860473488359745,0.44169225614310614,0.48328782862135883,0.52825799504883,0.4751308873816453,0.6607345576019993,0.5490974951638251,0.5734877786049818,0.5662881268667412,0.6173473857485325,0.5181021558703707,0.37031680520441534,0.5399687951752642,0.4348643106208171,0.4471383318250243,0.5586364018755093,0.6238283071433636
open,0.5021271576736062,0.5308833012598964,0.6702214944635239,0.5240753179488569,0.7601683114180395,0.5565509645631544,0.3239237240844182,0.5753341621104533,0.5381158384882778,0.6289752754082746,0.5673181351269958,0.4861544016016226,0.37757017637106344,0.4790976742713975,0.41494795457906997,0.4419476550195277,0.558857840442061,0.6669904504351406,0.5394671529822981,0.38041169379648154,0.5444602668220141,0.6196631486645652,0.43902170956806175,0.4865982833327082,0.5014688194729197,0.421510168691776,0.5648280433843859,0.4879051851392218,0.5419532443907028,0.41125078221979,0.45625416996765894,0.5722381357827772,0.4627166847908233,0.6726963851233405,0.46003638143853975,0.5224684725751886,0.593259083187309,0.3581634267066968,0.32391911880192237,0.3474343685429905,0.6262584103427182,0.44481418541075535,0.7558199285668252,0.44357524013426114,0.5184551303197037,0.6542109952567876,0.7006092888159123,0.7061503576636398,0.6208366230593143,0.6024062525811462,0.5592526949201183,0.5778361076166638,0.44488142836714667,0.41818011165776925,0.49966255425890477,0.4829815377475072,0.4546771950672725,0.5696387447456716,0.595530520857051,0.5088406886291847,0.6477530081055262,0.3858310885866495,0.4806340540720282
open,0.4283177679397195,0.313346338292694,0.4917319314157301,0.48782524916167164,0.6513449743242131,0.5630811684554777,0.3975813175670795,0.6854092566334189,0.6221033695525353,0.5582097703468616,0.4773515901150168,0.404056076327652,0.4627793223928947,0.6088748619704186,0.6884586305934609,0.6543243528272189,0.45111505782137257,0.38803825667109887,0.5140886246911204,0.32315606344371484,0.5323167714184781,0.48523974137013315,0.4533963498131758,0.34052969327332044,0.5513600106569716,0.44672991603380885,0.3830083164289712,0.21277377867183506,0.4972485094949364,0.6772251596669744,0.666125921454787,0.4542903743413728,0.4397787939638219,0.5468774256075024,0.4001614560811708,0.5301791899819466,0.5766080278384691,0.6226933223884308,0.4899845923520047,0.4796326249823034,0.4122017413243439,0.417311964596014,0.4773521108098473,0.5367365506816179,0.5913584626233249,0.4196821049319655,0.6492688568959522,0.4728876398957431,0.4978632705651564,0.42527883208521766,0.2575759739727058,0.588404539636105,0.5736843897092433,0.47186724428817867,0.5066990717224872,0.55159392177041,0.34374541431134575,0.4470947322653705,0.5794264679621828,0.3745710576830751,0.5293557932166629,0.3643418195376595,0.5466429982433526
open,0.4964358517702516,0.33848681840944905,0.6164739354457172,0.42654084232019507,0.4189747562985619,0.5200569197230943,0.6148637349428715,0.3984178181021603,0.5061679849847972,0.5428816500330573,0.5693105607263144,0.5176441555277225,0.46329721609166774,0.41724097793512804,0.5086143883046375,0.39278609880143933,0.20786495165053925,0.5436559804157668,0.5903934841086196,0.26370675644581615,0.39902692952900626,0.5619154261005198,0.7057495469711699,0.5020793707675408,0.42719970587708656,0.481710355889516,0.6374876419148185,0.4354035820875465,0.42008079933497466,0.45172564778179675,0.4046671391741288,0.5122670315994795,0.6624678458469561,0.5323079273116029,0.47476464978737126,0.4708188731084456,0.3436809191303343,0.588310977714716,0.4922162802987198,0.48195200864093746,0.8193107567844862,0.5298752908365686,0.4248208949904816,0.4573642403794457,0.6148445709196755,0.5113270410537765,0.3561722021682633,0.5919228934575204,0.4331855914461006,0.6873297776217546,0.6080048065714648,0.4552678104341249,0.6281016361735113,0.5067855510527404,0.5852773675122219,0.5484732817294475,0.41536433450091265,0.4356450167682538,0.6029960817581161,0.4665224667893459,0.4596351536758003,0.4044877420650647,0.5423599065593461
open,0.7062524919243145,0.3932467085745727,0.5024219456672758,0.6412220555415429,0.4920358608754285,0.5452371796249734,0.393760647185312,0.5428307097207649,0.48128557349954515,0.5985729995679863,0.6187386051564752,0.7589563642018614,0.5579633173213576,0.5325796316582166,0.5194384301577336,0.4646833707189312,0.5338483843461691,0.47045985898609705,0.5168460976269614,0.631759753560796,0.3993457434720359,0.6139878561129045,0.6317115067339866,0.48819314730089214,0.2878145100991405,0.43921780129055676,0.629699454656111,0.4977131937701118,0.4000697767705089,0.44952250787717823,0.5840620026504553,0.554673356820138,0.4761067900830306,0.46331755881853126,0.4608241850956178,0.4077589815501497,0.6615375689469442,0.467767953078866,0.6217158520825496,0.6521316051922451,0.599831089814796,0.45683796872819515,0.5403730090336609,0.4975804393609084,0.40962981392698716,0.5324359281721603,0.3820960208840197,0.6187679388461564,0.4535382702701607,0.5201159655872839,0.5283287871546142,0.4741095026295923,0.5586693801475274,0.45250963433774755,0.5871297297457244,0.36540203197532517,0.5126379579546412,0.6938928999058285,0.39996686753944255,0.43222550294751483,0.5513907849658914,0.5179581781939598,0.5350630099273559
open,0.5489187130147664,0.563472146856177,0.6109699841956223,0.5409818656928512,0.47587423453814576,0.5672573701202731,0.6899881934895216,0.48673662536174267,0.40254706953293584,0.6107080669286973,0.48796188360464016,0.28273304539859634,0.5847421677150422,0.4464671814046077,0.4909466717695839,0.5331980330569015,0.5190499679779066,0.570945181713904,0.4564513629430157,0.5513105798176082,0.4740453322416083,0.5738810480887503,0.5615367484013053,0.40645612979554047,0.6085982116175033,0.4464036554885952,0.5808057798281145,0.5367287313401341,0.6838183676795122,0.4776534017628148,0.46506832038818025,0.4980580394112267,0.4696820217165725,0.579994190194205,0.3383689391563412,0.3946317580853646,0.3932197078420807,0.5950307591973576,0.6710613372581925,0.4895550781462529,0.4831178276809989,0.5070052163113181,0.616187830260819,0.4072646865809426,0.5238368982734785,0.5975197629782429,0.5501094169939845,0.5189581616598743,0.6001046092567142,0.22967677070007625,0.5677875319530907,0.4345924316872576,0.31693671031435433,0.551120259952498,0.6373658545162958,0.48625514853723084,0.5952874547202939,0.6612278257988645,0.6314914453584047,0.6639964529371393,0.5742127491071892,0.5075433638901593,0.33980341881028314
open,0.47539375118700516,0.41567534046838084,0.7170942717497814,0.48241141875676635,0.5123204806784486,0.5551485376040468,0.5043602446372454,0.6695051040430753,0.4377350638265548,0.5194607455237242,0.42575294143019515,0.3679977488779294,0.43882309090947147,0.4962963202951588,0.457069777548274,0.4307579020126144,0.3593682536328166,0.4916894427371305,0.3495279625968998,0.5760055963689603,0.5082439752934503,0.3542448500535069,0.46907909229501366,0.4247843594409417,0.531917451041918,0.6340450446023145,0.3124827530354255,0.5115026079147417,0.48398672044333596,0.5671340076450466,0.521319662823769,0.42480306682611807,0.46809460643333817,0.4203974143196511,0.6076007138598598,0.5021311648671942,0.6901190685753007,0.4939339186185379,0.42915932330895373,0.3486285607387173,0.3196860323744055,0.341586405699451,0.5267126651011483,0.5508725023229933,0.34188092979678664,0.5895038314076115,0.45169389483165606,0.514679301198555,0.6612220628255424,0.5896839315865532,0.47314693520941675,0.41088077745847124,0.2848184598670695,0.42808466807575796,0.4788869761172306,0.4012820472848816,0.48687430329076953,0.5076851882958768,0.47751440181919214,0.434999741917654,0.5168654671966728,0.5441940649569409,0.3909600922557154
open,0.641093237974627,0.4901411867715738,0.5018849622944848,0.5708214423256557,0.5233216131263502,0.5953136633913245,0.5287124165201824,0.43875626253595623,0.5361503525206102,0.38562737926793383,0.5108559705776523,0.49667700093555395,0.47918831427274605,0.4871462488561069,0.3118150954502361,0.44512750922590383,0.5092844901141115,0.51598563919974,0.3972324859074042,0.62657078408647,0.4133825151785499,0.5969457200526737,0.5427194361871684,0.4353772690156197,0.6775310892609512,0.380636316824352,0.5919154173610002,0.6000582318042978,0.4329379790923355,0.639246530006433,0.4749953485401047,0.5288693629279857,0.526032183877122,0.4865691258529452,0.5810808273159782,0.5793488720552213,0.3251468026761819,0.6304340242878153,0.3337508011964325,0.6032546204341658,0.6126705136827584,0.39090335697848017,0.4589185712045415,0.38942953315140644,0.47850789697112645,0.46919657158142586,0.577966053226934,0.6310308746119608,0.6395683810789956,0.44378319734216976,0.4790778126255472,0.33165618077790493,0.4194129933503811,0.5964851633097458,0.6615582823548232,0.3765651128120078,0.44075357408471055,0.4973594243041073,0.5280161158819607,0.4190396480078354,0.542406104446409,0.4526160652929084,0.4985547729121721
open,0.55462842480037,0.5006422269810937,0.4563614109473431,0.4890390196074169,0.49116370407946647,0.4629988970117872,0.47412039373328974,0.6598647170504717,0.5560919447941238,0.47045196819708396,0.5696954404510736,0.466618051024399,0.6173124637586641,0.5369642192198094,0.4892697855995771,0.5447716925810278,0.34291238479315006,0.3873232531090195,0.38060749936009447,0.5142943094763707,0.6732514999485092,0.7231300146192632,0.5638051101440757,0.5500844474944457,0.3198942265847261,0.4457326200265978,0.42122162480917613,0.43791524017488836,0.48318561814152106,0.45279094223028726,0.30207001896242125,0.5747910256117534,0.39272569742601937,0.523924686411115,0.7074082669749974,0.40806154084135765,0.246971247725367,0.47139957781198893,0.6100959634998571,0.6958347454220594,0.3770450405547583,0.5496699223236522,0.45346895432199463,0.48940516456958644,0.7644343347017035,0.34970296716048466,0.5253739661494573,0.5467693171765433,0.6085786324939347,0.5097983153470895,0.5308050539504102,0.4608351432578209,0.5269126941245107,0.46568077245025896,0.5621571889856051,0.4630389663956366,0.5377100393902187,0.4970737186315022,0.6126050250772168,0.49486062764115135,0.32269675317931185,0.6261921500713992,0.4094267699137381
open,0.434623366135118,0.44043387059565076,0.6374438093170818,0.28643257860213045,0.8137748533659994,0.6056056809066052,0.522323891412916,0.4945105999383714,0.5285554074857657,0.5521122428379338,0.5645215585950057,0.5555604466003449,0.5089580681255249,0.4802661579692674,0.4848726716346488,0.4805091719647319,0.6133770096867065,0.5593556722280861,0.20596113653357195,0.5655900776529761,0.5194736194718775,0.49812912435541024,0.4611481546911114,0.6124112719986013,0.5947526462122859,0.42271223321763907,0.5407052287124535,0.40283432654587137,0.36203818352110695,0.43732827754100345,0.5862393472382759,0.5953125045376086,0.5513085420097293,0.5725095786847997,0.5516178287114959,0.43585184047770476,0.543192254467394,0.5800409525227682,0.5754291329813574,0.6188913371474642,0.5708303847201064,0.5351448207541583,0.6070150238316427,0.497347874075094,0.41181253487722824,0.4836933036056236,0.4255097355193551,0.4324821725025618,0.48554813292844823,0.42075800790000384,0.46920384703609597,0.31063853330462143,0.5213293707372939,0.5001205475362224,0.4182911368931809,0.5659245668432406,0.5937570137626559,0.3392440135631026,0.42372752214337855,0.42308576502127015,0.4060096898891135,0.5829474841931749,0.48061738612271965
open,0.4735485158689389,0.2996137635593247,0.5635418030209226,0.37607416051465276,0.5059932630266328,0.5277376937958191,0.6360658595838651,0.3691179600880888,0.19804878441791746,0.5183849544753695,0.6800511181510853,0.6238946352939437,0.5209659415274626,0.4508363814367953,0.5807122596637311,0.40264538002955313,0.5476357769356219,0.5505470159166627,0.606020990749888,0.7759660038911078,0.5392415967178767,0.44910363742925014,0.49744256878080056,0.3230924095110882,0.4305286868910942,0.4590717561886896,0.4475911602065408,0.5152354872033722,0.41775800676177993,0.6121030667324472,0.5000207064918197,0.49906996788613855,0.46721052834870824,0.5155190683858979,0.5825098264667634,0.41328697842890993,0.43418835109247433,0.46962739712233353,0.36541290765267853,0.4180742140278502,0.45237791264553406,0.5874389180712728,0.5262561329001925,0.5193589911367544,0.5850897962167972,0.4862628211600603,0.539046484992889,0.48967782470675036,0.5265362349399628,0.44172413423884177,0.25611828417235705,0.48657208378136957,0.642274813609994,0.5926215402241592,0.5965397484591171,0.6236130721806218,0.5088657590961437,0.5197315707405595,0.438234810456565,0.468392714397295,0.5615771149771142,0.6203884437168816,0.48605537243190006
open,0.45498107351485884,0.5000527958856598,0.5601206748929115,0.3556145183866458,0.2703819046862762,0.44494631505084165,0.3779287574085841,0.4491859802352689,0.48522196811825286,0.4546751590976987,0.6452467534470745,0.532674476460232,0.5300474359610828,0.5622207144043402,0.3861166882219231,0.6039111787420268,0.49242357134645404,0.5670480617241213,0.39281427669598445,0.34462412339839354,0.5817889658025028,0.5376409526097516,0.409794844564249,0.4130336918725306,0.6125434784414769,0.3810588107132672,0.6642672953255964,0.4099379265352131,0.5638391925608383,0.46713815242510154,0.5603187431082343,0.44558859978858073,0.48372070939277056,0.5040919175395722,0.39978125442185275,0.5740824345420126,0.44867864335284147,0.47714000846599813,0.40056506253914875,0.24376663412046895,0.4808972237399831,0.7412615421612916,0.5784604287898024,0.4980739620265605,0.47371091707917323,0.5022465892812047,0.554711911517521,0.3819187184691155,0.6114321694668872,0.5715381315441244,0.5718185725707935,0.5438475738809727,0.501961665769399,0.567286123596682,0.5591814133741378,0.4645959289058976,0.4426398227103099,0.5101856295261986,0.6549020151495187,0.3760892924346099,0.353247473424756,0.5164760841236516,0.5050887701856018
open,0.5173341664370408,0.5243953197908501,0.4776797745365195,0.6489863438602083,0.33990960215234844,0.4171502975219754,0.48967452398509526,0.3356811188845833,0.4824145595567929,0.6661470165728018,0.5020886488295961,0.5230700905718684,0.373983523482742,0.43836385919605225,0.4624803619676063,0.4682284903243766,0.6281643795003768,0.5557691060725125,0.3888542043062968,0.5246504778432005,0.5498221748496785,0.6140149038521266,0.6580540686568374,0.3984905808172131,0.41891424887896617,0.37424221410853836,0.47659801408930186,0.5466358374446334,0.5987334516589102,0.49240489763574774,0.46801524767451563,0.515175799224874,0.4164857098369977,0.7089538721694774,0.3392338972881941,0.5184740578895725,0.7023606219229639,0.5006799844559998,0.48099609649985053,0.46425545771895727,0.4819608318237592,0.637284847467653,0.2788138088670493,0.6533433701296325,0.3576042847549855,0.4733347670765585,0.45707555797013383,0.558855326977072,0.34018756481162526,0.5462172666081943,0.7024309623286853,0.3636825995407189,0.5189706167610396,0.4338017822203391,0.5425887206193036,0.5019147777415752,0.435851309095569,0.5487872284871074,0.6804348109786743,0.4809096208272701,0.5719757942148181,0.3706727042128836,0.4043563623181991
open,0.5472406277880377,0.6484116028535964,0.5355613348785659,0.46869419694768455,0.4999291405423354,0.3749592266030283,0.5604515326355367,0.5882333062323409,0.45479096671669195,0.4529957852240498,0.5265878229652049,0.45632802639594044,0.49338673853741777,0.7099721789166515,0.47529742992540036,0.4641659847978778,0.4352458194364841,0.5744191971499937,0.4818775826781897,0.4350626961678574,0.6321304032273012,0.6419603004513638,0.4399576434261295,0.3133460048639384,0.6007513689836922,0.4315370174239996,0.5790625599162769,0.3029896182288164,0.5892597338299309,0.3788828070719219,0.5730764119066525,0.5014273067836434,0.4046060580603355,0.45929636870732193,0.56863184569567,0.5105894453115234,0.5584412980472484,0.6976440584515485,0.34357583882889486,0.6617212574968624,0.5104355937523213,0.4101215951676872,0.366968637426101,0.48108796092229666,0.5921650111924459,0.4872450879622466,0.6511154930247347,0.35488243099484407,0.49879110521539455,0.3747606555586881,0.5363631882624967,0.5886887390097301,0.4579238206318947,0.23957861433728656,0.5198948146796495,0.543673855173351,0.5404294754961698,0.6235782191822155,0.3928946320350951,0.568021610545045,0.6192507512477975,0.3221412415993483,0.5319651825918977
open,0.44958201689923283,0.4918477326898354,0.5347676483538336,0.4512771435886448,0.4324291920838388,0.5034152417488025,0.39127540611371975,0.39141748711148144,0.5679373282956504,0.3851205964841344,0.5666312500909212,0.5462591292853951,0.32741932712094035,0.4322435347664345,0.6194109403047372,0.40188344688603184,0.45355957376906125,0.5462060893251897,0.5783390509282595,0.47484611139555044,0.44024898053083583,0.6422369861698508,0.673889966379758,0.5978858050781796,0.5085318142565024,0.4191734278359074,0.4169555593443435,0.5522514105265758,0.5418398220888684,0.6401598592946429,0.5650450092536139,0.3496919698240182,0.6051947617722919,0.4001939372685587,0.46160287280476486,0.5250200206251694,0.6995667489783964,0.8109918556005361,0.5606723059136183,0.48168033812796124,0.553450564848055,0.5887655425873837,0.46793323744428084,0.6795211355912323,0.5230070759191402,0.5497743089091395,0.5665924252054462,0.5421586610614456,0.5838940500469613,0.43827468134530767,0.44416982460539695,0.3899845767028305,0.5439501230620226,0.5778936503512114,0.5457772866151885,0.6674492433347538,0.49944039811709534,0.5668741655592513,0.39082991238606857,0.4612900297525599,0.5695537757565777,0.5849102110743144,0.4706033052335818
open,0.49284007481419334,0.34821262533191905,0.46429707991933905,0.5890383163519786,0.5575205016106566,0.5500665721381209,0.504977368718096,0.5007063158628177,0.4339678860526553,0.5698828420202535,0.542097294438939,0.5492018847992799,0.44739651573324196,0.28466570801287555,0.6097152711753696,0.4521162543991596,0.41372242359568795,0.5693478911913994,0.460798736008087,0.6059936384046622,0.5617005949576698,0.5683569323200478,0.36340442887994656,0.6211943985386401,0.5261250531233856,0.4630722860753797,0.5143388467342251,0.322376476710168,0.5408652811480671,0.39706284918179285,0.36473297141564653,0.3477640813782109,0.6112688374989925,0.4370736606307211,0.6533727709916499,0.4464198536947702,0.32926420424070535,0.3883475560051341,0.6235811620006939,0.48441018220633325,0.4451712703509399,0.5160018225852787,0.5501782736167545,0.6117398815902461,0.6448499229892927,0.4640231354210914,0.3673952313917962,0.4586534838876724,0.5260280506582886,0.4036241073789389,0.4042849085104957,0.5343787881549885,0.4951347648429549,0.5032796995411587,0.42415046652999305,0.47695992857942326,0.40757668557316956,0.5890198411124787,0.6035249334723752,0.3153812137761906,0.407048913980759,0.3503470744909921,0.4349976065593102
open,0.4916562030209639,0.355035478030147,0.4078140186874687,0.39960426279185013,0.5207267329398944,0.506934433703625,0.42782624466627467,0.5176820872139398,0.44533199154127345,0.47283448896739466,0.6673452090298537,0.6340461051790348,0.3700418763072402,0.5829732417879174,0.5811396554491592,0.38517367112473816,0.5818777643754861,0.6537931918412553,0.3877455193755586,0.4082497178985736,0.6017661466843502,0.5271495310825648,0.5551476275239523,0.5340589216400496,0.5390695920928145,0.3673527871688917,0.6047317706621449,0.6169589992427773,0.47706092559319724,0.49565230501861374,0.3468892497444278,0.5514254756017835,0.5572057441714144,0.4937808983000689,0.6124353359870502,0.46659227690200594,0.55646059258936,0.39803356613078844,0.4976447849125762,0.48256457420971643,0.5225307922040942,0.46304730711666414,0.4868527404328332,0.5826047171441506,0.45632357627617826,0.339342289926132,0.6749583904205421,0.6381454078690487,0.3707737304894381,0.5689707805245194,0.4497025229448657,0.526348721533106,0.5294224129013494,0.4765592199683678,0.42162343344136033,0.4309458947683741,0.40838080845187574,0.4168177791769555,0.4932821709950645,0.4284240010889248,0.568205206571262,0.6487246155335927,0.4419946758629957
open,0.5239404500535377,0.5499685110302934,0.5472002270919274,0.5075955267916087,0.5742682418359722,0.5482248952680657,0.3762337577672702,0.5869156064389274,0.5887290837266742,0.42367138958214184,0.5037937835447602,0.568332899281107,0.47906861804206385,0.6072978047766012,0.7363872494619361,0.4214013967365018,0.3618955396846225,0.5303818595604876,0.5721562505126143,0.4769133626155231,0.6453260663321034,0.3661394200276751,0.5692918623031611,0.43941391792411066,0.6719377906207297,0.6992515353168118,0.4233343412216652,0.44504428640914195,0.5859587886979802,0.46128693502104856,0.4954588782067762,0.502538842054241,0.30803268438023435,0.49861622539057626,0.4310272225935826,0.4506877177600228,0.6443632003468814,0.3743493105720743,0.5813205186747977,0.47210370696681914,0.47202398315041655,0.5790371896051711,0.534005129456889,0.5570612997219531,0.5968184660532861,0.4668691616816677,0.43877632654922494,0.3914849473442202,0.4174589470021045,0.7949094425308725,0.6244679580736787,0.36489256337919784,0.367754204325643,0.5481866061718491,0.5547264797377967,0.5548883835317364,0.4745044206446302,0.48745457399971,0.5327879524159358,0.508589300629333,0.2780699627252465,0.47702003694248063,0.41485935657396866
open,0.5175211418908512,0.7985259002603411,0.5367481665474304,0.4686470313827602,0.5921801501977252,0.5482687887209212,0.5420094490451841,0.5606850593215671,0.7056543564829542,0.3869111564674084,0.5473632076811454,0.40736188700184617,0.5555512646342249,0.4081313488513906,0.45826331863949155,0.47049100857620935,0.5975816719344709,0.5918454443942414,0.37542826235536153,0.5054934110999849,0.4290420145250827,0.37414950893246657,0.47829829495756293,0.46915172115441806,0.7426716486345523,0.5432959825360696,0.36223824992457626,0.44352259958290574,0.6021383295429399,0.7088442772869925,0.34140166877620415,0.3120075614860955,0.6870965175371783,0.5389614177370904,0.41317072681236333,0.5534629086122436,0.23642522609831224,0.5003375506597161,0.5327821172843086,0.5924270139537829,0.3986104047707462,0.5085687161403359,0.4074575373940413,0.5255383755674317,0.4104653677636976,0.45918991608397797,0.40041846052097707,0.5651136241823657,0.5858451116656666,0.4765379430042586,0.5038237994960029,0.35514085853664557,0.4700323351993213,0.4949795382958255,0.7620793091029976,0.3888032974225836,0.6464177238752438,0.5996858773465807,0.5280636404490137,0.6758620484195134,0.5372105472606863,0.5389159195667929,0.49468793469824546
open,0.6223568882418627,0.6096469233810884,0.43743227125037876,0.3680752805401233,0.4797019362604343,0.41999614356023535,0.4936475425384645,0.6237438134684139,0.45426983449132097,0.49571766186884253,0.5058022734808395,0.5848430882205284,0.2753110666015395,0.43932997052347034,0.5211283692279473,0.6200078956426861,0.4508097552493795,0.3123447293958126,0.5619711445966136,0.43646376111743707,0.38103333409096385,0.4375654610286776,0.481547464234415,0.43952553354617874,0.2794433942900931,0.5897066196887132,0.6274875041278722,0.5651521991339505,0.38623143295751833,0.4798508466052482,0.4993478684770542,0.559879438956191,0.5668340488718081,0.4265826201221504,0.508199555641356,0.5457280404615241,0.6455822322146767,0.5704506539824723,0.5789056687375519,0.5083826627929361,0.6410459145203504,0.5409762795959497,0.413891208982643,0.6403369970125191,0.5697903272539028,0.45569559788715175,0.4520507032600757,0.5296575545140761,0.5463184795267585,0.5197292265631206,0.5311308673442885,0.6699957374576381,0.6071543152234886,0.5190635591265025,0.5941310580767484,0.39674760964724604,0.5397927049946809,0.6809306349733111,0.47819541046076264,0.4152366071380915,0.4347911111406939,0.39103669626576115,0.42152380918722965
open,0.4629491901409971,0.3594432980821358,0.5015618333949603,0.5902277173786648,0.409224381985308,0.6519283923641769,0.5510792088527595,0.6030580585624057,0.4342165446147863,0.5854525227066616,0.3908066099604687,0.5890247500836508,0.5171839339793531,0.5553251219984784,0.3824405394375148,0.41049301577233954,0.5597228218253385,0.4051651995775799,0.5463206292099123,0.3632862193539754,0.5848174212666668,0.3767476685231491,0.5552299937679523,0.5625630933646001,0.4303228181570425,0.5582026567084727,0.5260442263333556,0.44611581438072617,0.39914453159237917,0.3037374308327421,0.5349650047299693,0.3435197228637945,0.5095344199441308,0.47365517839177507,0.5679142775438195,0.4697954500510136,0.4670552213652909,0.5731870704288295,0.5335058029084118,0.5316155957182779,0.5469267589808526,0.3464427876792894,0.5756788679986982,0.5612468794013602,0.3983316871423503,0.47559195263257986,0.4960692712372369,0.48655032155982675,0.5333859966568535,0.6431366781831184,0.6081766727672828,0.36877808065685935,0.5622069990306049,0.632893331953541,0.5386808520689202,0.6090980425185967,0.7012270445700766,0.6023709546106981,0.5249308595641728,0.6045088474084753,0.5144887833096892,0.5023903043284955,0.46485857642862677
open,0.6563413358832109,0.41815713340579985,0.6532367724678116,0.5499864123740371,0.3600693825198058,0.5367649292991421,0.28999734923483755,0.5625508016831036,0.5885231482988991,0.44076440443479464,0.5123547695955583,0.6954157433750286,0.4494253295738063,0.39410924129433994,0.6481663402462599,0.6962587190530795,0.5003695671847848,0.6011463035408356,0.6341475915530881,0.4257515767461616,0.45146941646321315,0.6230874513154735,0.668501427870851,0.5562880860174355,0.4120185646497946,0.6987061111699442,0.4469029102188036,0.4664862218828548,0.5342337834489621,0.6554160420714774,0.5853975976552224,0.5414865500361911,0.5463288530118107,0.5043514668643466,0.5558139514518506,0.24704399223056966,0.4703392540930202,0.5241321934916781,0.3848985916380493,0.538632331781156,0.47955287790138784,0.675547569831549,0.6573019725214857,0.4534194430881837,0.48491622884333047,0.49260524343916073,0.45483405238403773,0.5195024984028127,0.424171793111241,0.38693846650624736,0.5622711223900269,0.5629529584221811,0.41956842403400074,0.58953554307626,0.43684222708346687,0.5253165238037981,0.5820344012612456,0.4966387435296287,0.5454740912141134,0.44835703561124285,0.4803533416571903,0.479414056911966,0.42534216534597613
open,0.4823225836884218,0.34513817011362535,0.45088462528578954,0.47151245066303293,0.474382024750462,0.47585025541292214,0.49382358001398713,0.5479441518086063,0.5874517074132523,0.43502347731517327,0.37967991446108557,0.3957955587756897,0.4512797078805073,0.4648078682183491,0.42300039338025425,0.37038833357501055,0.4543879172525812,0.5181426620113971,0.5595029465835565,0.44425769468916787,0.4587002177856566,0.4073301691152689,0.49685608296252237,0.4151571365809185,0.55731278132412,0.32141335080658884,0.4640370327547538,0.5301107339191742,0.5183834516322504,0.7693033663980497,0.5349800024567908,0.399594540315799,0.4904535752910927,0.3223753666533548,0.4919400250703239,0.4166943942999241,0.5915390275560162,0.44504597254044653,0.48832340842047534,0.43644421585955967,0.6738851351853331,0.4678757233882088,0.6832557043479202,0.5814151762118267,0.5482066727335386,0.5368733147317519,0.5393797298216252,0.307232742065439,0.4721116605849244,0.5845157971184322,0.49511028165258947,0.3594810153196425,0.49475955494225304,0.6704105516255492,0.6246891715534719,0.4937995990633968,0.5951449277058086,0.4633492979631948,0.3296128413173281,0.40755340118704453,0.6562888768508198,0.4726006918170696,0.4756616020624982
open,0.4700161803725119,0.6904136589573007,0.6625958915362063,0.7218780233448134,0.4840954789599949,0.5295624488747095,0.34833574505792086,0.6476934426118275,0.3832220448732065,0.5216775563762629,0.3902697472367156,0.4411133173261304,0.41627375689503,0.4392124739324182,0.44608772968510213,0.4451731205074923,0.5833333911780307,0.389513720693748,0.5220541427013867,0.6217959152305559,0.44868036354866037,0.4282081109252398,0.47694753748197494,0.617972520836071,0.5194107630953357,0.4468785705392401,0.548387665118804,0.38977078501635765,0.5681359510442948,0.5408607307701767,0.4692191528861116,0.4161414201552769,0.4113319077716543,0.553481733634591,0.6228980502489062,0.43626922529712053,0.5458386703551484,0.2912972981397931,0.44153822693428,0.4968941067129098,0.40903165830181665,0.40634936252104037,0.4332220443531114,0.5292192728326374,0.4812670981593625,0.2761768766675028,0.28792998473649334,0.43931348221428246,0.5457686586053552,0.22524951572747653,0.45002698238483696,0.4473752143482579,0.6388337778208448,0.46149781882871366,0.5382988984740928,0.5141257140087463,0.2869433520192799,0.5768207216631738,0.5215396505456288,0.550826863967459,0.8926237706436326,0.29158870605014114,0.6724696649761108
open,0.47125524805996444,0.5287328904403009,0.49544877546987576,0.45757636666019563,0.4430167071761241,0.5329508735573009,0.3482826303328321,0.5750579167521765,0.4583805595114746,0.38699306609596423,0.4549987142004186,0.6257149216862573,0.4464664912983777,0.535845361820962,0.4269043724284527,0.575792184992362,0.5685507738790204,0.6848608833296411,0.48244360545007847,0.5668654804757907,0.5098067539538944,0.6295871781863014,0.42811676123912695,0.5745005312877282,0.48053027038833185,0.4935811822891502,0.5091752484448373,0.5252240396426677,0.4883770956878042,0.5214713183170526,0.6578118057562184,0.5985449685615218,0.5869154592496897,0.4544460473976129,0.41107591717716757,0.5955300558237753,0.5876046792529794,0.6472670675750982,0.43960193740307707,0.4770451344639653,0.3360515837474566,0.4607528893939127,0.5996570510579448,0.4533504620771802,0.5640479795200823,0.48094968940021887,0.532405702822156,0.3852308610184333,0.5085209449633901,0.20088640290992765,0.4813103841838015,0.33695267562848596,0.6205994516546816,0.5777407352764511,0.5466670981966081,0.652100622715938,0.40510834791751626,0.6747363197915558,0.5932191564260385,0.4763444712781054,0.6135620147182944,0.3893706487588366,0.41754858384723265
open,0.43914102767602997,0.4471022291935985,0.3943442357239747,0.6223083067095325,0.4741145599630168,0.5352504968356879,0.44296486335863194,0.3179396699451483,0.5270057358391422,0.3087745024580223,0.49313659539145316,0.363168496116719,0.6987275999230809,0.5911362722174722,0.510575379127148,0.6263706677654669,0.4153684022534264,0.5543479378670093,0.5199810433718713,0.526402008133367,0.6272353500106768,0.5732492102779803,0.5288723662825023,0.3345112563771704,0.40399537047205364,0.48772910664042757,0.5093372374276651,0.3869796275326076,0.7411676675578421,0.6516394055253573,0.5602118320392484,0.5072036861283745,0.47877910300988485,0.4048081539977764,0.5077480518518862,0.525775254014275,0.3758239424518376,0.5334176417244898,0.48447409511752515,0.3092192442122609,0.4139614989220498,0.45863944665783557,0.688768765734019,0.5556553124533758,0.3664518430900109,0.5486036289417637,0.34526960110616345,0.6082691053887074,0.45288753481821215,0.49063638112608293,0.632579664754219,0.371283643141575,0.3602881814887009,0.4416400673653995,0.6038378851019317,0.3480653924523157,0.2167844401889431,0.45488411415910013,0.555174079991092,0.6200261749738829,0.4536838637914601,0.4588573392883998,0.6153900734255747
open,0.3130258300304579,0.46114792248169906,0.5190423889925058,0.5449218721285034,0.4490193306809117,0.5034441011705841,0.25116726465870104,0.43417515876661517,0.5453508712554468,0.40177059657453207,0.5058984221589597,0.5446872500802697,0.4657450799142235,0.5170463770996571,0.40372674347153875,0.4793388720303953,0.5610216169589223,0.5156972960968434,0.4413468730436064,0.5224216404290793,0.5714609790636618,0.29500587214225216,0.6159074064955898,0.4663745261318928,0.5425489933240231,0.6197246923645228,0.3628326302769534,0.42905589975724534,0.4711451304124295,0.42162464788755716,0.6734936575836808,0.4143227906173207,0.4444453220513133,0.5204389031602977,0.3797850473923911,0.4604319288243736,0.5317453261250176,0.4667139595617489,0.4906613141100052,0.4470667887551629,0.3485529690819233,0.5321593211339238,0.6754933071647242,0.5018401630783438,0.522526411724755,0.5692722755116859,0.3730669503453301,0.6702514658129606,0.5202328796422802,0.6631856899089109,0.42669670044760105,0.6818061922557825,0.5775155494034783,0.5553040085852359,0.5234024454353148,0.47514713819255505,0.6200531658473872,0.5140359869848047,0.3032930296412848,0.38828135382929974,0.4814154247807253,0.5309998983165555,0.4943411511100104
open,0.6218970789793663,0.30488981359613754,0.5143587936505161,0.3182020774612845,0.5759712295484168,0.4905541285557997,0.5419609972024119,0.41361170394102337,0.6279464931657751,0.6041724664058852,0.5583544303011888,0.4870482753136559,0.5579857285295132,0.4293107432012651,0.5855555659020713,0.6649480894323921,0.6070610559979186,0.42703975301925906,0.5361417317273103,0.3706858456241352,0.5572390311175676,0.5450603412862539,0.31301836604678357,0.3838216156087636,0.4716861103256233,0.46991402528591736,0.3790523064581195,0.5388978729352184,0.5251473608940512,0.48057308680214805,0.4244208499841637,0.6048707126416564,0.6655407113088295,0.45164385161534626,0.43878330828451795,0.5491207665411997,0.46419706202530137,0.48606027993367656,0.5739653151724672,0.3090643912492707,0.6318302324852669,0.5072680524329342,0.45885068554378194,0.4910765845778551,0.4962429355020519,0.3268798696555074,0.6494938227453236,0.5041325632270618,0.5443002130447375,0.5951549770574043,0.39788375424397,0.5473471899035228,0.47323589091012064,0.5846770775216494,0.2872772579648505,0.4900905699758731,0.43971793442160384,0.5432262950634156,0.5470044187368203,0.4292374105177974,0.42878261358239567,0.48893346314426706,0.4103357772684792
open,0.5841983695452126,0.4630792799552554,0.20930117806783582,0.46251779433781937,0.39614561791560277,0.3368724184539055,0.37625733617774276,0.510940847183297,0.6328640828248231,0.531318447386498,0.439349661178426,0.5455904195170702,0.4540909689781008,0.43053996308368553,0.38456373317670156,0.32481711932482804,0.4610076293440555,0.5158053489920131,0.490337632998511,0.4584033072052641,0.4054253939303219,0.5608246191684969,0.3682868080053415,0.5776027913843476,0.3997782981073275,0.4247564762646965,0.3533214809384323,0.44985978531143633,0.5975312458477979,0.5515628088443957,0.5978422112028035,0.5522142545933936,0.3896330171469631,0.46692107756724427,0.42198008708825374,0.633057490403904,0.38032113535736883,0.5893697689389111,0.5892953870108769,0.6829620201716087,0.45903134073705026,0.5712322159580162,0.7281651836538843,0.4382358323066303,0.346495975246764,0.3119989966092236,0.5712712028861331,0.3116849791941416,0.4627680947062077,0.5437313187038961,0.5185175536829914,0.5425444864184172,0.5222289855800855,0.6278865813313393,0.4047683619261203,0.43230048615414685,0.4227340554729176,0.5830191811862611,0.5900398588395064,0.5451225319318508,0.6183493666889928,0.3821959132623619,0.6667224111551138
open,0.6523238621712258,0.5735621997245747,0.678179890877106,0.3343376792322226,0.4475551863737348,0.42646965393180475,0.5721479323757344,0.39498592603978544,0.5757495149337486,0.6370536143996713,0.5695202900084,0.5283751023661502,0.4012126659099251,0.4153149033874635,0.6249618905296667,0.5779349003905332,0.4960980480622456,0.45820904542341095,0.2974192126888623,0.39291475813155613,0.6911419087139723,0.3719544428997533,0.518947982122108,0.6007443973195199,0.3745077331997707,0.5184710474781083,0.5937915537510655,0.501249932190725,0.7868403055666768,0.3331400741121805,0.6058728529883879,0.4827198262603536,0.5771920154836675,0.5441307151699246,0.42668438028900035,0.5228996392459341,0.3142098548601713,0.5603247500571393,0.5298158465990526,0.5638660168643103,0.6058118325087151,0.5367619840209711,0.5148089419798276,0.41189316633387074,0.4287779236350949,0.6186734620177331,0.6436335405705979,0.4761889563687946,0.5046002747253274,0.40953856250062337,0.6172756845267445,0.5665416823691779,0.6941217436463749,0.4121676922820261,0.46219921009817827,0.5231445922525573,0.5646489537725771,0.47843323624523676,0.41270389095462995,0.5881407528923571,0.5721135362545582,0.4083725899436275,0.6355442801105495
open,0.6170198709196604,0.5134296497247793,0.5079597862376036,0.5554057771115907,0.41382969297437416,0.5030031479164082,0.28476164553908195,0.5876455645502936,0.343850677755814,0.6503419828428999,0.46698799060335494,0.4788333018068823,0.43722660939154945,0.4711961126077924,0.6418531345148036,0.251219134346492,0.6276965386088188,0.5338023481101708,0.37929783521427846,0.3924687606950762,0.6676393027208203,0.40544931200572687,0.38466494894040404,0.6137314542364729,0.5338552876285915,0.4062074423463601,0.5216624975404619,0.39742473163597225,0.6100821398422606,0.6061370964873134,0.5532006198821943,0.5361661061247016,0.6761188124867374,0.4999686327388225,0.3818125874579199,0.5449473912832307,0.7086047049537114,0.3985240506814148,0.46385372333060143,0.5416446038101452,0.4946095150994261,0.40176964196226855,0.612185785623047,0.7320040722017259,0.5196131459023907,0.40959317102639997,0.34510394749465245,0.5257975981221181,0.6103877343316257,0.5475167746495382,0.49975961590811463,0.4410728348210694,0.39078363672819105,0.5834751326324882,0.5913771621385586,0.3454270213309267,0.6589838978180684,0.5574071220894001,0.6399594645145794,0.3657872251514885,0.36341758445845607,0.48510306902327033,0.5502784426895194
open,0.6796360822926963,0.5706078913815131,0.47573187231879666,0.3973630792334108,0.623000057271915,0.4035294574249285,0.6628468554772322,0.47156153503934906,0.659058207261785,0.5678931290059278,0.48630045105575415,0.4480603628173873,0.465909212265392,0.5428316692375238,0.5077156496217716,0.4406188591931295,0.4834368589682368,0.507857702971915,0.28712659055851875,0.5458168114788698,0.4020278775283193,0.3846667596794255,0.3312655652889289,0.32061075021321095,0.3644552496887711,0.42909790423695093,0.6953259137526568,0.4474120324104796,0.5177750106268031,0.5400481386506328,0.5131065186215849,0.4922556539274006,0.38047062364007556,0.6450927548279212,0.6807196643637885,0.3317341305877314,0.39759714091136206,0.4720189657622994,0.40354622050898087,0.5505965553455865,0.4271727797593387,0.7165056067806602,0.6190548594343597,0.5212574030632215,0.6026986263319732,0.6105900424357309,0.44360525119417565,0.41837827554580354,0.5078143062969648,0.5861636124497944,0.5139060398653418,0.34230035178090024,0.41971755560491575,0.4926027136405622,0.492433439567417,0.6972542176789809,0.36140120576010015,0.5505589241835874,0.6489113108328289,0.7271449745422796,0.45956025768160386,0.54914294527202,0.5569760357198646
open,0.5195481731553291,0.4901154798760694,0.5435975389500046,0.24677539147803146,0.5682069490062631,0.5126177903661967,0.4777525103221735,0.7046862195719558,0.4325065981209448,0.4596924010934969,0.6991553302204734,0.41679386951501435,0.4449884717063461,0.485297457656915,0.5840734482129549,0.5207802507353313,0.3707374652847737,0.44678314368728106,0.43926455667877884,0.49227789547769546,0.5425843658629829,0.5418205755887973,0.3223988245951598,0.6063940987560856,0.5252568845996624,0.6384532047593906,0.5444198327290672,0.6101322957735762,0.5466545311450127,0.6346225756202748,0.5522250636017778,0.4902084753557096,0.7272434720446882,0.5889037122279892,0.5573744421004413,0.37236955834616636,0.3711692382536462,0.5292715482141853,0.5145521197768241,0.4385877434991684,0.514098269961206,0.6588626928043596,0.5695402474550298,0.38589914902472616,0.4888491172857056,0.4195033519147439,0.46123000835914385,0.4586384334370357,0.4522354417395995,0.3744864628026605,0.487234531848181,0.443939236315269,0.20705513099977318,0.7052972024501662,0.6088769654216672,0.4623699275075004,0.5018819049740598,0.38283456526824383,0.6695722877810866,0.6897288694773112,0.5156693728246524,0.6023530644185344,0.5175286778933924
open,0.3663274561124069,0.45881766310363425,0.5131927966771958,0.45454522812565556,0.4781346722564964,0.4908600442490886,0.49191215021345386,0.5052258490497483,0.3939394933603399,0.42829838508720636,0.37154157343000305,0.5977815549686201,0.28943530581596755,0.6153590343316926,0.6386349397262844,0.46978194130173784,0.23968629121727014,0.46386894380327093,0.49358158387111806,0.3989401780071087,0.4484781606191757,0.6530195198863351,0.566492716230174,0.40754358856219,0.3402400830404568,0.4672982682390229,0.4786543220649562,0.5496199187363316,0.4464683287432341,0.5511499575361861,0.693515404006023,0.5815501022444263,0.49519114926692276,0.4816849528946705,0.4643326865820129,0.6180640912452144,0.4372686554048697,0.5045222708999982,0.5051197901881085,0.4498215807188468,0.3627534452115899,0.5322974503617668,0.49389960281446166,0.550024046943657,0.4466399693560833,0.6220821298813048,0.4123226218788155,0.6712040284017893,0.3252363490171738,0.5434770064556891,0.5475430682526623,0.42044429320591176,0.5424393937861013,0.6279518669760159,0.27831811606459356,0.5502744807490815,0.2506729179669922,0.4034335196476792,0.6629166364900945,0.4418217966607946,0.38261200355910274,0.4802062271015318,0.7067906338163552
open,0.3168317752793974,0.39486900883606557,0.6497431683179626,0.6857702343537733,0.4896568775709716,0.37609472974733577,0.7095843501809159,0.6594442391749197,0.5678946987762233,0.418759765106258,0.49509706591619634,0.4839639918955169,0.5330851304615578,0.6451001438131336,0.5879417041137404,0.39226239230152415,0.6376496450019538,0.5313132140013155,0.5687065795858917,0.6466540859278603,0.3888419750486449,0.4964174421293537,0.4468545448640785,0.3432140574634544,0.534670997760492,0.7511556551584424,0.31599222554942474,0.49677193889505294,0.5640542935074774,0.5123078201656182,0.488687194748426,0.3700783636554176,0.5232786742940163,0.4243236022984074,0.28100782950214465,0.619459222051373,0.5958385819842043,0.505166097685108,0.5229074688205703,0.6074318012715562,0.5224339656778083,0.5904017554761314,0.47025177991261496,0.6311983738573946,0.5320785725932684,0.5194051943605874,0.3729938911287968,0.5286955854301709,0.4168045082505549,0.4361717273471506,0.4184624371683879,0.3933765068100775,0.7124771403016962,0.6331339061988404,0.6920367502144261,0.3777104980444436,0.5071253749910892,0.37064923747959044,0.4304305122802936,0.4081873016583425,0.6239584006441562,0.460377032189824,0.6068379333694016
open,0.5604120889588518,0.7303638752104789,0.3520555776860276,0.6259233239786799,0.6146440870400728,0.4026621161972965,0.6007133336473159,0.5336144963026229,0.4772523740046592,0.41760645130280005,0.4280890548550814,0.7049812095785926,0.5000682818957483,0.5782130001531459,0.4209100618332447,0.42201470537783614,0.6081984809249943,0.3650423788448468,0.45847862320947286,0.5034027411072232,0.5111372601840053,0.48209067149838436,0.5395819781095923,0.5692855755817812,0.573463754545933,0.40141961913321733,0.4715844902071203,0.6194762861876938,0.5894647187573873,0.36271405485189356,0.5351479900352202,0.30217747506251896,0.5046934902060369,0.6897767016745977,0.40521072827310134,0.41656769545084177,0.5764029781572859,0.34571984847903536,0.43672449701149607,0.5596441137581752,0.4365714152310597,0.47640300127890284,0.5744185710315035,0.5421546083536561,0.5266818396295402,0.4660877720729961,0.5370061115268956,0.4876267319900243,0.5457805609925784,0.4503067974882022,0.4817431025620459,0.4010042207447986,0.4964992389993764,0.41889991363711554,0.38859535498380066,0.5258661147855388,0.521273977585766,0.5782873734948573,0.45688744304249007,0.5408052846836756,0.5550797572273664,0.5444773807831594,0.4174346317197858
open,0.5149363482271189,0.5364140296054661,0.5007178466907942,0.2913522341628915,0.516048962397348,0.7212531039397242,0.46399607312430174,0.42719229021446786,0.5373348559711398,0.5312378210466572,0.6192735165416414,0.3742131844091112,0.5731380252574992,0.5590422061251463,0.4857853463059454,0.533868731792169,0.6029457481598357,0.587231538002845,0.38569806879262714,0.5820158186755484,0.49353113949674815,0.5072874098015515,0.5073196991001695,0.484975701120174,0.6191707497107065,0.4916282040150788,0.38804538716168313,0.46064701440302713,0.5178694716810476,0.622921478429705,0.5603094684948834,0.4149464721252956,0.7485189916678892,0.5264775310977979,0.6275390737999015,0.4848285566422771,0.5533359244705449,0.5839468504518405,0.6218194711754256,0.6057368305378226,0.5872197000072978,0.46849132688058914,0.44282539580439384,0.5332607510324198,0.593312807234107,0.4777279299223393,0.6065171965714387,0.6452616745486179,0.408367908092658,0.416307929620372,0.48596249410946635,0.5307612668189197,0.4475432986232949,0.6352202678867145,0.5424066861518451,0.5039447048240739,0.35640904761314723,0.3684184183572493,0.5281009250281806,0.2867404373845164,0.6012637409644072,0.484184615562768,0.8243092969594734
open,0.7307916250616111,0.4818550930752483,0.4893662997468685,0.599558151400203,0.6703172609918038,0.3361970942563983,0.3213624534645313,0.4377965194445619,0.5582737583173865,0.5496873590507597,0.606977145498385,0.38003024716346917,0.2683856137031123,0.5858014195302146,0.4171803727034765,0.29815121356113616,0.5145063745959382,0.5793175688218677,0.4877942867878723,0.45421516138175105,0.48406377678540935,0.4629417237599217,0.3651952888059833,0.4285319323009568,0.5521279905013814,0.53216785413765,0.516805980596682,0.40048515181466204,0.4818496837864333,0.2822934953557145,0.517847666388539,0.6428857707813568,0.3525867867957894,0.44140723266822446,0.532910677871013,0.6252842634427483,0.45517753836998504,0.43077496707341034,0.30310768575839164,0.5103438129308107,0.7042076040143744,0.5277358461964676,0.49777210208162864,0.5322082310766986,0.49889079960513977,0.418698562773987,0.5823279915677706,0.5225761523111755,0.5017613251933657,0.402463397272175,0.630350793193476,0.566470274533311,0.4447079162632698,0.6001824853681937,0.45024291616147927,0.4217996507488963,0.4240296882519713,0.3228931446911909,0.5471542380418206,0.316885512166165,0.37715561687342375,0.29244119909214666,0.4913930307209107
open,0.4849679539728128,0.4673303786813636,0.3957422305329424,0.382776624656336,0.5464369863546574,0.4449448068291512,0.5316358321536144,0.41147513138757774,0.5181062742771082,0.6303278037316064,0.5586165800392784,0.45875861817835195,0.5257198970355927,0.4759334825469787,0.5007880184694729,0.46743889478514966,0.48356647941146086,0.5212093353074175,0.4006641300418049,0.3984121173010022,0.36114574461687887,0.339972889549629,0.37827173077795206,0.5159462506804129,0.4107212484508116,0.5513614464231096,0.5034713748752562,0.30314957865619463,0.565497558422169,0.581079864559171,0.40061373251651466,0.5420191542894992,0.4143501762590801,0.5097670376748336,0.3735501593045034,0.3206893547465423,0.46171828103870316,0.4876271053725164,0.46023203063853957,0.38159694417774404,0.4600100937868863,0.5269294752580734,0.4955106969877463,0.5182501030599214,0.4329884799545767,0.6171717914716159,0.38238266634452195,0.5487560297086719,0.6181891092959961,0.5480908092748895,0.479747577293517,0.44717029533370206,0.6036087651046256,0.3577025074738327,0.40298757396203566,0.4602442234508278,0.6237653757511998,0.5379767636040896,0.40319542414897547,0.46896922946150965,0.43856768559037057,0.42902110077664646,0.5978889558556779
open,0.3628256870736494,0.6608780855734373,0.5828229690184623,0.6090861670603698,0.45370604879747417,0.4850059280920891,0.35668481854752876,0.4475337592933197,0.5493654847643151,0.6296063061781396,0.38928431831975485,0.4634494063014734,0.48487007797674775,0.36042107978075144,0.55913492417584,0.4276009668257391,0.4804609648822976,0.4548050628088122,0.42106614942803255,0.4992955014519445,0.47843904214319777,0.46281421177213344,0.4271538378319657,0.5319524670782956,0.6653617268492285,0.5139887232839128,0.5996118214911129,0.3609778074846537,0.515776143929377,0.39026316810289335,0.3523075072468098,0.42606285925409637,0.6191899334413573,0.5950015828669646,0.52430047220544,0.3467299440110069,0.48037193486120633,0.5301700008901735,0.5175536229578598,0.3156206416519254,0.4109682151980128,0.49359222358512833,0.553629090951719,0.2803872178900053,0.48378760245201413,0.5143048769878953,0.5849611988516213,0.5692857584237436,0.5582571318808806,0.42000594932980656,0.3091997862876692,0.4606947242938599,0.600163182520856,0.6393454527524431,0.5710549102297785,0.5429340822801735,0.5379639648385965,0.4443881253239219,0.486993970644638,0.6669069525826331,0.40574419942081236,0.6614778790709852,0.46779718455079417
open,0.6325432109095078,0.35931849905024615,0.5585904201164649,0.4263229864052378,0.35847328080758123,0.5218534042410946,0.6009471788595969,0.4155058561406504,0.35009840395415986,0.4908155235665045,0.4912564671222819,0.5548319627554499,0.5949594571364488,0.4940584818727506,0.6855503314794263,0.5224234744535292,0.46535734939931006,0.3388432640897172,0.47373404796838325,0.4663613054588864,0.596030479628147,0.5462483624066854,0.38206308783673826,0.5172254386411037,0.5671531171729054,0.6528031359387833,0.588750396741406,0.5760846654311478,0.5060085994615163,0.538831200542345,0.6249504900706159,0.366722260252035,0.4650560672783044,0.42274312512437595,0.5379153118726124,0.6230222175650788,0.44030257132789263,0.2609695632530562,0.458777925497553,0.5913473732017407,0.553762990294988,0.5428186247810576,0.472000669812552,0.3720969263780214,0.5515294321624468,0.4165718189965375,0.7184096733380456,0.5570507208354516,0.4419351697446049,0.43886147526113717,0.4907055793386412,0.476049807797825,0.6116833775529954,0.5186416169744046,0.4268368261091472,0.6890440685155783,0.5049308331520223,0.5768839675968896,0.4391773492555241,0.5363115627744524,0.5311109991143195,0.3110350707903847,0.701527511046064
open,0.6290644460922548,0.46028046838540126,0.38977302595441443,0.5347561613803552,0.5086697699414396,0.5355668948563229,0.5191577396194089,0.5506240989305926,0.6447305699391807,0.5568103205128646,0.3950344501090059,0.6362562852712452,0.6640614563488287,0.8152056734512085,0.3876505966760402,0.5242882013150275,0.2917901296811013,0.5553149156379209,0.4451799701833227,0.6923445794824954,0.4225385029981418,0.3310816962032738,0.452873625929748,0.30245122287828624,0.575109945450731,0.2934916953743679,0.5028457581183159,0.2922188180143803,0.46797021954633583,0.6643378155804534,0.5360647891435795,0.4136506395035066,0.4968796511060916,0.5018016872044446,0.5472630345843406,0.3633141636719174,0.5592567273847331,0.22956083683972245,0.437011544763619,0.4511726157548455,0.5633326826071239,0.5022630852676869,0.3594436946143713,0.4015006874182985,0.5198680009547407,0.49209326581354434,0.44208758903642537,0.45191662104880204,0.5696167997159289,0.4482307427130785,0.4911908755970927,0.7169936588080543,0.3576317363116077,0.3148157268425341,0.5783589664798607,0.4321356938705897,0.468176247225738,0.4218843621868886,0.47401998592324873,0.6598538112096342,0.5802128458618119,0.5862223511886977,0.3583772944207354
open,0.3848846263447131,0.21609213405145727,0.4190619178917246,0.5956703186385659,0.5516946515748371,0.4778486737047876,0.4977699716281947,0.4311114457424594,0.5204758882401784,0.5765878279480615,0.3384113212589527,0.5299647687837348,0.5932434870954667,0.458489971103663,0.5700700612120584,0.7814654444472553,0.4895657207013108,0.5393307050005324,0.42619429163386086,0.5181251162602051,0.5460271624982304,0.5194842340270138,0.39803046802911435,0.5206361771325451,0.6462195938717636,0.5448635764514528,0.5961987189071841,0.4762988029987372,0.5749900239423711,0.5279267838216526,0.4049089270312768,0.5318521004798874,0.40083033365596893,0.43671197251152083,0.5189328307292375,0.5297244273380124,0.3810767534922871,0.6053985771182876,0.5572006278300473,0.4295271564389116,0.3462415203550825,0.48550954209185687,0.455405628613884,0.5113140457053023,0.46368833388444336,0.299254313925499,0.46116530616988416,0.4694380888931687,0.5633661024774059,0.43018003253889503,0.6678674673372567,0.30883594493482425,0.6311167497802624,0.47756810291218954,0.5859584872343556,0.5079801484058734,0.6139555536025469,0.46126380354471885,0.3901379574822188,0.6420504287271063,0.48865193541178586,0.522155847362421,0.6234751914044795
open,0.3968044757905565,0.5595490897639257,0.4410105243537109,0.4867830644355628,0.5072278965384289,0.34997781385530635,0.4221162957179565,0.6351072892413139,0.5886191188584795,0.4937360422672765,0.5243123458512893,0.4705757494363542,0.6356583385827982,0.4799647422205836,0.5231842092134849,0.6146030144142065,0.4222628515154093,0.6558789184496894,0.34695385902566234,0.6629642131112798,0.46273244160480254,0.4757301252174718,0.3109989828817057,0.4545205282622307,0.39601934689731155,0.43923536546265274,0.48626890342111206,0.5957791614472906,0.5207603351400626,0.5307676653401114,0.3904480611154438,0.411924591039727,0.6798725018351313,0.42647989652367535,0.6656208252057296,0.4756938801119133,0.5002287936143504,0.607036516022993,0.6271892421938656,0.48891874397209123,0.46117569464784613,0.4944079551477787,0.5337957528232118,0.5891303686869755,0.5004229858994151,0.5618886298023154,0.6638359732270941,0.5381309612264784,0.5311652856004778,0.3481089174909932,0.23692698631709364,0.5388375729230168,0.4905175768719128,0.4485217325085258,0.5243530204186344,0.49395962708030916,0.6127780250633899,0.5086110868258978,0.4253076714929832,0.5990166238959289,0.47828689250537976,0.5526536683672307,0.45225892938071993
open,0.43501731145025635,0.5084168230185696,0.5012828643543685,0.5479827035366833,0.47313542466902575,0.3163640216229603,0.4567226116411611,0.5793818467143815,0.4702623920756894,0.4753616597485452,0.5986376505905937,0.4288026772741077,0.34571967817571003,0.48393688804745055,0.4515826048751263,0.4033753680246746,0.4824621544101309,0.5491505647246784,0.49907114384321843,0.5306981072686238,0.6813407698515423,0.4657121138442436,0.527834863464467,0.44907866374008654,0.4153640280113027,0.441509234658223,0.45212414284783115,0.5359475797547125,0.7349075786700757,0.42839565637241594,0.45833746943845377,0.4936876986888752,0.5395798848709747,0.5263550811954785,0.6284095793948117,0.2573607929464792,0.2613070129804327,0.4504121827989851,0.6097300187543708,0.34343519683944035,0.19923676603062423,0.5571179406219209,0.5243657223702715,0.390979159320057,0.401446039927907,0.4030256280365325,0.511053531747394,0.4373684723816993,0.549406391897552,0.2145373337095609,0.41431481348722005,0.38739460390889496,0.4743659321627508,0.4461952241509861,0.5797843779895766,0.31406632283399427,0.5045491476330752,0.5558336423211705,0.6856647436561955,0.4518234028906525,0.5324458604352517,0.3196137207437635,0.2608043795686976
open,0.5844774375781701,0.49944397063519297,0.6178512689798423,0.3626597111030251,0.5519902139528753,0.6868817840543853,0.5419705608357266,0.5276581505591049,0.500855608082435,0.3429118542874088,0.6355572935710349,0.4389142360194934,0.5504483256383017,0.3436965693428746,0.38205403354922196,0.6435087399222236,0.4652697711042157,0.6453275476042545,0.4921769340941482,0.3158102227042142,0.5892067599731721,0.4410107682244392,0.5698688813517043,0.5025210867540082,0.345688177205713,0.516429476537057,0.7196223142152799,0.5492986458514459,0.4942482246994537,0.6075343401956897,0.5210668465203111,0.5209534230262794,0.39083748278408975,0.5233848025789598,0.6035443416416945,0.41639378478999756,0.6424495821246947,0.4908293975854874,0.4112230488461459,0.5997632076920245,0.4713205764261731,0.5759514887486108,0.4708241367741463,0.49401738564700964,0.5493560204334291,0.5290897057590006,0.30044682195482614,0.3878756259905608,0.5929409984790815,0.48678634110984526,0.4476268697228578,0.36414259847425257,0.3920263678724152,0.29782013600380525,0.4898719281298467,0.4401562419418953,0.40334121090146846,0.4931876574832047,0.5363970630852738,0.7093197932209945,0.34881165804367864,0.6159381043300522,0.5973101561015072
open,0.42209072606232995,0.5203235954586031,0.4542366750662385,0.5185688580418739,0.6509131013404551,0.5605606232631313,0.5508608373233442,0.45696906800453574,0.35159433350756647,0.4791531789459592,0.6206608154863915,0.34728321434103526,0.3944910631823305,0.5126267736234068,0.40153452151527375,0.42074765528847874,0.45764014182718227,0.3634382595809851,0.4025878153783632,0.5703427916787309,0.3692630217769036,0.34021278655051623,0.4369975020466106,0.5731955502509846,0.48030781920031107,0.45354189218843816,0.5044358797515607,0.3254292567140348,0.5494705653775033,0.5383435031403644,0.45906915259042785,0.6005924511796417,0.38725039010469614,0.6127908993253569,0.5154493665595251,0.46634474101218265,0.49801263646316885,0.48927352341890584,0.6220282896417717,0.39233208725289864,0.42374807608534015,0.603630289207248,0.4404465064816141,0.5900533077331591,0.669943598300871,0.45982049730583663,0.5681362326575305,0.38463077186601413,0.5754733298067809,0.5199423985986767,0.5473038282160215,0.4354427927964605,0.3338916584432827,0.5503252064749504,0.2936596847520545,0.46826495077574654,0.594118186641997,0.5191897735873036,0.6948342644789813,0.6025109152581773,0.43461016116744233,0.5027313379851439,0.4952629297455564
open,0.3417823236653873,0.40596010835156465,0.443923909302014,0.29637794971440634,0.5047493468251643,0.47509281553469596,0.3327106098688426,0.5404212865277332,0.571587274469096,0.5227034478864889,0.467593182479103,0.5591442151751855,0.5680220360476691,0.5307403569719689,0.4175387749565239,0.527660076551118,0.6195480650825479,0.440337094138827,0.7097939339132431,0.44743690660146157,0.5032407013340137,0.43275144039936636,0.5223270835920261,0.3257778307364725,0.4453958201183279,0.3907878799651433,0.5135338347892291,0.5994447375508908,0.5646006187114552,0.2628340639141108,0.704206965292788,0.5295279940620868,0.42235008595069995,0.5157127918990941,0.5176189822502693,0.43331512830484364,0.5197916667342075,0.43925277123796924,0.45956380073099773,0.43137208642449154,0.3567328710260347,0.5145836470215384,0.5585299436516338,0.5514883596076372,0.5819925252635234,0.5324340210014868,0.4467274501783096,0.5839663864431188,0.3642482460158065,0.409932861748752,0.40357999285767554,0.608005605913931,0.5942788514140076,0.5487305237044995,0.6071929865211797,0.4120717217588012,0.534859511986098,0.4874825571616836,0.5846882103884914,0.48847757674478026,0.46150571115899186,0.554090851856099,0.5876169167191233
open,0.43316548051531983,0.49389243286476237,0.3941559366358347,0.25019389825070604,0.5200459631413729,0.5608905356254632,0.5262066809086725,0.3050438282245633,0.4649150569923525,0.27816522399489185,0.6369701107654184,0.3913945417881914,0.6255403609459896,0.5945869643684145,0.40994096474639385,0.3867215048732255,0.5350370216386339,0.4155675962816929,0.5102484642158207,0.45171724091930815,0.32188415855343666,0.2769531980875541,0.5226684248494597,0.44384422536693746,0.44469101830858676,0.5695863839093785,0.6173442276632445,0.47274552786381907,0.46594012930901385,0.5500143033113883,0.36430644303004245,0.5223153054747697,0.5551885971822154,0.5680230208417629,0.3063247297497535,0.4238644730191059,0.4121736747176533,0.5099886954409213,0.5480744579767984,0.6496710407445981,0.4505034519631927,0.4502427501690786,0.6149672018878747,0.5296576938530305,0.6267651511187974,0.5288728003009836,0.3842883381286729,0.36668716452221933,0.34484877509410705,0.5662051834758474,0.6188596823087008,0.6849362141386381,0.584310533232324,0.6162838577534986,0.44199836673463155,0.38435841832561435,0.5850079332417554,0.5417680752239401,0.5107444374340893,0.538737148063299,0.5323185482458206,0.6283816859853562,0.6294985584816956
open,0.5544220352340347,0.5845802872562929,0.5514062552424775,0.45388302679653814,0.575656467491314,0.36055049311407383,0.6053891552295884,0.3805477060233965,0.5285803286794732,0.4154846041573841,0.5553388983074427,0.4966074774072091,0.34052440418366675,0.5420699631018479,0.44220792231672895,0.5881146720813369,0.5001325688734407,0.5395420985388039,0.4042431044984788,0.4410667768572638,0.45413613638989153,0.5856702480242556,0.6677377087805489,0.41948282482571236,0.607684814465768,0.2830322582274298,0.38058105989077107,0.4041221543813225,0.36474913105592777,0.341641161021242,0.5412998912137797,0.47859323022721384,0.5379405397605109,0.5690472686121513,0.5265616993172534,0.5657763176150373,0.4930467713757731,0.3813006611694255,0.6057814180820796,0.4410887867218873,0.4064403701237574,0.4822082124195602,0.4087189080703487,0.4582569618010568,0.5344053921563466,0.5348341739246127,0.41021699335743705,0.45122946270512554,0.6074333004770244,0.5496400117733942,0.7075065039348541,0.6180128173741528,0.614429306855994,0.3612131449544198,0.5763860351633423,0.49468931983030895,0.44490181964617503,0.5168015340532528,0.5945211534611483,0.5500831591004212,0.412152619865794,0.5742458913592621,0.4362412457924036
open,0.5216683118964286,0.46966499325228656,0.47811337482643745,0.576624297504051,0.3959806280184102,0.6945195074276933,0.31789139307055037,0.4402332316745143,0.5370211889941741,0.558431416643531,0.4899524279428295,0.49426092969984575,0.5410550085327617,0.47689305225423195,0.6393181257934906,0.5839349114231602,0.5872824351005634,0.4033843276629583,0.4920611575594297,0.4699534051279296,0.39943986243105345,0.5360164183945767,0.44623542422201834,0.5655403829850237,0.39298084371056685,0.6719040612841821,0.41036673414079383,0.5219302337200437,0.5791859310388068,0.4429359569799887,0.5852468643432951,0.3770816402199584,0.645211769918256,0.5014149264965758,0.440358859203112,0.4700818227572566,0.5808919269392719,0.4415544708149562,0.42506423105772223,0.4778463402416262,0.3823037887230032,0.6820543907941816,0.44336054087852766,0.5831616786180404,0.5209470083647773,0.40154659495180317,0.49940452907872707,0.5784002779310748,0.48117386649136934,0.6193112945851028,0.6021515392781864,0.5918914854658329,0.4540343227727003,0.3920157552218513,0.4386412394637206,0.5196240940666721,0.5545786713532356,0.28284285952395527,0.499188679838825,0.5158089225323185,0.47224557436844483,0.6291273839015878,0.542178007425087
open,0.6310191908080898,0.47840394796497676,0.5937477492506925,0.663506639452752,0.6311693449272662,0.3907858406571267,0.4746323922457619,0.46548352945502036,0.5489254535076328,0.5686353555014533,0.41611073259742637,0.5067838513916938,0.2980072667843864,0.644194500580189,0.44876257593233065,0.5055863939844497,0.4690350286011939,0.6146027575013415,0.21624935586026212,0.4983389657674091,0.48941812425023024,0.45463636124083173,0.6726226545635633,0.4112670541144229,0.5771796177235662,0.5356252788706084,0.6261519252535516,0.4332810915222495,0.42670311008762407,0.6096069907477398,0.542532130833011,0.3455062653323241,0.44606949855367295,0.5386382653848061,0.5837764221546589,0.4320769346807045,0.20857440101830588,0.5523223185737033,0.37796793100560244,0.2982661201877589,0.2167674075015859,0.5813980860197742,0.5128617450404966,0.47743436192877486,0.6389024362962762,0.5637324683023073,0.6616300042721917,0.36072645278330034,0.49654493760460366,0.33832866250519855,0.4770617668144533,0.4751384146233323,0.562661363726307,0.5045563881141898,0.5623407138279916,0.5703440133138894,0.7154928677383142,0.4684703344713876,0.4058977299333621,0.5246083615316409,0.41977199728604564,0.6481960768436537,0.47167819610547673
open,0.44344236321260094,0.45286842788488824,0.5718417423471641,0.48422530167685146,0.4358333179869618,0.6665351917623531,0.414383015933825,0.5035566074032993,0.565230615161023,0.33686648895829263,0.5480260501405925,0.39448923245195505,0.5822782780834003,0.40373489880810237,0.5692769031848861,0.6105833066294712,0.5861436525632805,0.5251316648238102,0.47686990570703003,0.4423580423665156,0.6471034690817103,0.4300504779832357,0.3962933926430004,0.566536893503283,0.42038631968135043,0.4049936502533873,0.35563957378302347,0.4517090160539482,0.4917284976103507,0.5243091727660699,0.5951306244299484,0.5526897923665793,0.480912778044682,0.480180432362028,0.5510157468915183,0.627257016292857,0.5126314199483201,0.4530869145789591,0.40071339989144544,0.3554794735587774,0.5666269672043523,0.5577978523639557,0.5577363525106661,0.4871340553647944,0.640693474589175,0.45158815054151824,0.5955269237207206,0.4961257105010457,0.43916492353206626,0.5592530307317761,0.5409636118683994,0.5356972759266926,0.5081278422056199,0.4962106918283169,0.7388371992870438,0.6184256645196173,0.5722826894985512,0.5111799158203388,0.6007157200596669,0.5517994776391452,0.5026204752774036,0.4696435674734085,0.4919082662337312
open,0.18295742641219442,0.5210600839297642,0.451152391988964,0.6592669998282884,0.5019344070811754,0.3811036580465038,0.4950119845871882,0.3953878914937496,0.5473407415712467,0.5290947364339486,0.5957839631108268,0.42091182083054346,0.5034008096228146,0.3634978204573365,0.5701494781924714,0.5518871180440122,0.5495805021027571,0.5001619031356941,0.541477289078879,0.6604339108308597,0.4714905742957986,0.5138645183710084,0.39138737008185903,0.4131739038401668,0.5097813293093307,0.6103933546701907,0.47437191757484276,0.4764083470687876,0.45931147554956253,0.4465243329155677,0.5294971455708821,0.35027423548213554,0.6280939576666728,0.43345777018705395,0.5721903485438141,0.3730001402606124,0.5668840130546218,0.5671944607814497,0.5384202072005897,0.4005571478200208,0.5249548189598077,0.3816943815265611,0.47472367449038144,0.6029413100955326,0.5796701927070742,0.5015182942540433,0.4025193424077158,0.5645587712174194,0.5019381237698025,0.26796844017695765,0.5782629826316519,0.49757671661303077,0.6202451247983072,0.39047294811571953,0.18232961868039993,0.5279083858345185,0.5291563676681973,0.3309328372393548,0.4021500454133394,0.7755217743719902,0.46943893858461966,0.5730958976376216,0.4349340172631616
open,0.2909697101146843,0.4829741753204094,0.4734395439713895,0.46001217613316286,0.48853591644936073,0.5264268271645637,0.48498830487461936,0.37359938320526365,0.5486184791561939,0.3050628244677577,0.29496425427157996,0.5739180494701568,0.5507020272135357,0.4942604634925964,0.36045514952449276,0.4292089059325925,0.4737253252313496,0.34041060314258864,0.4260971341976767,0.565233033817668,0.6427305364289216,0.45805652473414493,0.5756488354316098,0.3085939929412532,0.5659451241113611,0.4196051585272519,0.530734561670797,0.47522475817602905,0.6320414009783835,0.41255643516600815,0.5627606297561831,0.47204925367034667,0.4841694521990336,0.481614610684079,0.4154326895505887,0.49859010340933285,0.49373517778781784,0.5241240248406729,0.5084505145692862,0.5797994549612236,0.5923508616047368,0.3949376678172199,0.5868772500590771,0.3813663572890146,0.5587855888137735,0.5619738784702869,0.30886831083374955,0.509297924652941,0.4531503886639684,0.4241234742064625,0.6350852330699006,0.43463208593625813,0.419362307088195,0.5075694940005093,0.5685589746298416,0.4858351413989873,0.6166370545669252,0.553097566196409,0.282178868026857,0.4470533036492992,0.4438157900648301,0.5479360953429422,0.2375182943625888
open,0.7549009708717722,0.553102609489421,0.5148876803917691,0.6181567716419146,0.7343654052812625,0.5870746644588403,0.594881309647162,0.5130690024464383,0.48584742466330516,0.4524204555995099,0.4173888008285458,0.4312985900300503,0.3649444035657017,0.49241285493149767,0.3315332422773613,0.519091652414371,0.4963669391957658,0.5146935298386688,0.44778684299800076,0.8076860370180503,0.6360115900180313,0.37554574999152773,0.5232868087426898,0.43919938570626765,0.3985520273292586,0.3659927928876065,0.5432216690759254,0.4318619764930426,0.5967826024025205,0.5993782214530439,0.637391438521145,0.41476132339258964,0.547536561069201,0.5632454216642301,0.4525821824896035,0.4228228042607125,0.6609520665775973,0.5227495875732053,0.5635967750711738,0.41779239881720726,0.37807155334778064,0.44305502255078894,0.4875978612610003,0.3935779993182651,0.4990155191349617,0.33114948119315,0.3879952577530128,0.5670911248276875,0.5603790520277894,0.46081232346131334,0.3982235690923047,0.3972596448473989,0.4626731754058686,0.5644518491645292,0.5928245691344325,0.4503468264518031,0.3846507574015216,0.5267843637866333,0.41764650293741507,0.44817473611387976,0.6325276090437038,0.5827115428565768,0.5157974312251452
open,0.3728080998887277,0.5211396567470659,0.6062657290787526,0.46243663342344643,0.6351114089986716,0.6292745289518207,0.6663732832143474,0.5305243126531353,0.5587391699806012,0.641418728833109,0.5447393937068976,0.44987658922097873,0.45514571634721385,0.523855495377374,0.3709438578053781,0.4856741084635807,0.6096547118230253,0.2808746148834719,0.6534482101794515,0.6122374218703159,0.45402353841695237,0.5543390827871809,0.5003147726906326,0.6229990368438683,0.5982683142769941,0.3599929276816991,0.5587262413464177,0.47943721463567524,0.50828325705181,0.42718280990301843,0.6748137069120835,0.6040061819902576,0.42602288360270324,0.36653893930897674,0.4614327369022152,0.5434502646091306,0.5240205843946223,0.6253132824768244,0.5789919722180852,0.5969569025752907,0.5326855400610437,0.36107012697890095,0.48043014688530983,0.6060089739908665,0.4948477071475354,0.5503090368623746,0.4681251684753867,0.3970188151458155,0.48766559359538897,0.5309047443032654,0.43443122805385564,0.47642887551433316,0.4060536758014017,0.6119244917564096,0.4705544242411966,0.6452755545126183,0.6528747850540908,0.4918954035278256,0.39915512674526504,0.2914102122266663,0.3527962926973208,0.362616517510134,0.6378469627461505
open,0.5115824587226946,0.5389604524091988,0.2779578991064874,0.38020335707827385,0.5887079776446287,0.5286774112382586,0.4852794721314403,0.5564842358600123,0.6635797806135815,0.47789575364629494,0.5069369802658069,0.5192596918731305,0.7392109635273992,0.29006437355809744,0.5683223014788807,0.4885197751240936,0.556677172618418,0.43426274460052755,0.49510349691415495,0.5711410579465495,0.8112910201043841,0.5808036189402072,0.41519344019694915,0.4576240317977297,0.4546585891616146,0.3204356827369985,0.4669909808298563,0.5732829081821745,0.3725767880923205,0.6048482651050593,0.5487774821084338,0.4265766678028962,0.4858470362662153,0.6598321807641033,0.5733547813505866,0.5008783654898148,0.47623166830390157,0.507660907045166,0.44882364420576965,0.28952504942809854,0.704217791053473,0.5155324999199401,0.5398147265122537,0.49420922501230913,0.4264883199275412,0.4814075519051229,0.34006052378056884,0.7277086498053305,0.3765488001577604,0.39680337161528206,0.45597407956135994,0.6288075724852378,0.5014508999262655,0.37638642039695375,0.625433836075734,0.5731000626785482,0.5538434957216453,0.571573424117084,0.7394361900582451,0.7185094895036113,0.4313284656996705,0.6623884992811152,0.53831681897589
open,0.5499095816137749,0.3307729168356671,0.48296142346118043,0.4187176409663435,0.5828058814893309,0.6071080500402806,0.29255136489836886,0.49779651359957294,0.6121861504794253,0.4813321037686555,0.5729063645002365,0.5351165467627084,0.5341660231952626,0.4728685021931702,0.37834191958642904,0.3878469852574973,0.5709352514455317,0.5019458255518883,0.48614877553927754,0.45761099576776476,0.46948111545192484,0.6046911794488139,0.4664755918131973,0.36589352866984315,0.5743651775540173,0.4795123336135283,0.5031395865532776,0.6607578306399511,0.49794394426494926,0.5289183673118726,0.38210765087016746,0.478033054764904,0.5609526045208602,0.3444626266158758,0.5200845093115709,0.5100791072644806,0.504128745558744,0.6037158898658244,0.5334438514848522,0.6478071898356444,0.4006410484405964,0.5135924567218348,0.5084466786389947,0.393074550624492,0.5956295002091346,0.7324673305852818,0.4982993925516169,0.5505021088273767,0.5084518475815327,0.4286415330092824,0.3179239722197984,0.42942265169046345,0.3608041619048269,0.6704102078059118,0.48848903060767607,0.46540806709528293,0.5889153824787806,0.3878248897144112,0.4233135961995448,0.5068072269248621,0.6028768991423481,0.5501685045168788,0.5248325142515882
open,0.5078117735236016,0.5400235855526775,0.5201652905129255,0.3970027725223064,0.5046079221633152,0.39263113410822476,0.5081082542900823,0.45193520585117586,0.7539381622782861,0.4960105616248288,0.3595760433738411,0.48658197893230754,0.5519358745637888,0.6673363946152524,0.44105476000612814,0.341757202597636,0.5816837011430981,0.36194012941003484,0.45638445584925147,0.4742379514489006,0.4930366546699892,0.5689164457074336,0.4316365717713612,0.47262707478332394,0.49857296470506113,0.5149597957518788,0.5097827174707923,0.543600577522258,0.5843839509641737,0.5392634115650968,0.5453585523509219,0.3417776833253522,0.505022769916568,0.5479507548001609,0.572894119457045,0.4307649225766206,0.43409607251113547,0.44258993247164014,0.5536413899891344,0.6033881054924208,0.4592539892708398,0.5907962313627049,0.5123479809164594,0.4875714222837564,0.4788615770182031,0.5746611364602157,0.532557781678707,0.7275825427647638,0.4147775357002676,0.5518101702029976,0.4470798990188487,0.4130713013011356,0.4989132862965028,0.5137352479407036,0.7918173555060093,0.4815854184316798,0.3869821270515317,0.5273010717494385,0.2925359962453632,0.4908043217395734,0.501602528229516,0.5794600382945212,0.5973622249427847
open,0.44964303810922823,0.4849385985370067,0.4233879169389329,0.3871937445192306,0.5309894779380635,0.37264144514034003,0.45853730994281366,0.40048260401007624,0.554968318629026,0.6801430099266488,0.36984120171966683,0.31469815171024307,0.48751131146499327,0.5015697795957759,0.5218659306757297,0.4553679484765655,0.4799360701174568,0.5367510410540602,0.6040430892644839,0.3044951229681717,0.4631060560968538,0.5213808793941064,0.4082023895389264,0.67311696317673,0.4364590119771263,0.4958707312992717,0.555602209684229,0.44087152111981054,0.31534269521955827,0.4571345473083467,0.602944055592704,0.46631048732148617,0.41535656985410213,0.5925672209502721,0.4669225103976947,0.4489839186349783,0.5149456089663309,0.5770750209618787,0.7381713531732546,0.5827236107657423,0.6159839966388344,0.44940338010121444,0.39741318940305237,0.5062331349619122,0.5107169915259596,0.39214872586354027,0.48247054700959874,0.5399317601719131,0.536039339501808,0.5504287853384272,0.5290964730137443,0.44929913407299443,0.44860993733511567,0.3801048602006124,0.6784775039185095,0.5013450364619293,0.4775146944205148,0.40712079185475414,0.7935657902327778,0.39266719677771045,0.45711520743939266,0.5415836836286061,0.5600212965744278
open,0.5957932055215684,0.6807608507769263,0.5506157655460713,0.39439692000333326,0.47430548748782186,0.5307832372513885,0.7068226041505824,0.3602194521575703,0.6202576505225228,0.5179914369546417,0.583783053522948,0.4898005283364068,0.41575673698736737,0.5750872779401333,0.5654431027105621,0.5972056965739722,0.49866953646213646,0.4400177976680151,0.3441213004976158,0.5819373268139406,0.5423889482443986,0.40342173671360404,0.4461426326703376,0.45332411880485596,0.3517015568017582,0.4182317603394866,0.3866169643193646,0.4587520988112063,0.4261302501670437,0.3372995079133251,0.7022590230569481,0.625254073102923,0.4220980578480014,0.527242139665361,0.5417465089821295,0.6191085854773477,0.41813949733399214,0.6092106783982426,0.4452094695793065,0.36641375958313865,0.5724136559314498,0.6290758424122428,0.7587908973530685,0.38002747349097865,0.5698919685080789,0.4590198756206467,0.5783358710524031,0.3529510448768749,0.37372302243014355,0.42241251768335164,0.5078964045668084,0.43589187334616447,0.565905434391342,0.6026894618257914,0.5599577541245355,0.6618787639660868,0.5415826629455343,0.37831032896598327,0.636337651353834,0.43948437643940025,0.591041849968557,0.6573734216555106,0.5456688010730399
open,0.35038411868353503,0.40817878334902086,0.6322744466885135,0.48308773143571837,0.5079573534942166,0.5758824416163609,0.5696322862080323,0.5278799812385461,0.47913316287795343,0.46873315542676425,0.5857898825291343,0.5553569531067793,0.47426999993822105,0.6082112312993141,0.48709658848702164,0.41483378256656067,0.4241029301096655,0.4021259163690234,0.4727589983396313,0.6233724278336193,0.4194904818969491,0.5188475761018103,0.4343310654372587,0.47396909587285624,0.34899587880147476,0.4779461770843463,0.4806294620195038,0.5540287944035696,0.522328091325537,0.3801607875047955,0.6084198244043543,0.5210303040221995,0.5198393517177486,0.4990817646614861,0.44822425527777804,0.5217802339748726,0.5475588435928582,0.32531043086544453,0.44612391626539044,0.47450530295964105,0.5256170605694278,0.6193311005927126,0.42282591854032175,0.4502038153182158,0.44874658893534497,0.41984724098954584,0.4652813504887737,0.5770802219987972,0.3946164504635654,0.5427814395152903,0.32980977699816644,0.4438662003557794,0.4670510699782014,0.6674859672914065,0.4725197695247312,0.27987565265490816,0.30011110931387497,0.5034029586346681,0.5613770855789909,0.5375455857627253,0.516757010580099,0.6162259597505667,0.4460408779262868
open,0.5894910556026826,0.3367985114973583,0.4095052167061934,0.31929586050681835,0.4725154699330208,0.49537387827336576,0.511410149222652,0.5061883352887135,0.4072446669188272,0.4809759155586784,0.35025533313942514,0.636322897513225,0.4696373927101999,0.4511113880956309,0.6588940328444083,0.37577534664507706,0.3874412885968031,0.39037796751314346,0.4932128618300518,0.5431631629637598,0.5739675468117834,0.7571995317494968,0.2750567545799236,0.5608735589124417,0.44428694274277686,0.44135848511112263,0.43802278717461224,0.40912303291920266,0.6684524834603451,0.5842297327013903,0.5023195978557374,0.6351015752487,0.3487471034701124,0.3669294868669074,0.2822032267805312,0.43005854598767124,0.5161698526704753,0.5102858577932334,0.514934191105988,0.3588943168933918,0.5803154742614022,0.5239627518238998,0.5733054281465999,0.31072378224099484,0.5311490858797789,0.3812234760082473,0.4602676747448638,0.5534364898636384,0.5091093606255913,0.4148460020220681,0.5006273156184419,0.3468464684756357,0.6150267395898297,0.47947159805037487,0.6118549944255326,0.4473468312903957,0.44764240115934173,0.42358132133621534,0.5876173931693075,0.4290568842671524,0.5644595432415176,0.461754760233071,0.302403670010838
open,0.4429685932213534,0.38208917856371516,0.5033902723682337,0.380959226432551,0.5925975100714617,0.4908924139646973,0.4822404005241261,0.5655892137787583,0.5963906934075862,0.49799012482303484,0.42287997004507094,0.322603038388787,0.431395024296482,0.4382787753352038,0.5107057452992296,0.4654853118861973,0.5687932972051428,0.43870167287293105,0.4942958833147058,0.618398744319689,0.5341825213954966,0.49399624583114354,0.4398055558064823,0.4366768603285023,0.4149386747048052,0.4458993134217101,0.5755665838744315,0.4778111728707731,0.36502269306187685,0.6768169293059784,0.5319965191145163,0.359305659948683,0.4558151072759176,0.5110886382828418,0.6704592093297377,0.3891887541741131,0.5976040719355946,0.6399486426972343,0.437134569492543,0.47224863811397666,0.396369075262623,0.4796538858919695,0.4963410025657069,0.565964999808237,0.6090183471020447,0.4251903935378353,0.30326749357740057,0.4978755220723758,0.529353752996864,0.5249417687685042,0.4673326752490956,0.5124752099663934,0.6515444808352248,0.538173416896251,0.46266315749969156,0.4499802182904004,0.48301476423222695,0.663673996183064,0.48166992904738026,0.49802056554792923,0.4517686429063697,0.6098983357441965,0.6959837254744675
open,0.5450613049431389,0.5082772903785425,0.5036782833174235,0.2615693211214254,0.5745150864284817,0.5134166415995843,0.5428342050660725,0.4288537805916295,0.4615543121022908,0.4588975063496827,0.6021622984073038,0.4621240163396907,0.7082660322109797,0.5430862419015038,0.37243173400042684,0.4871453706748043,0.43483248778435846,0.2805617530179976,0.659947094011379,0.5703142542220004,0.5533207317899312,0.5165403660299704,0.36179824313075626,0.4516382860444563,0.5841780774784013,0.39487799702174975,0.24682306837491863,0.4772893992219074,0.48582424459724616,0.5135563416414709,0.5728518643514536,0.5637605812231209,0.5258769805243921,0.6195531388086709,0.3481030219186685,0.5504581814477391,0.5626538363336943,0.37604377139197603,0.34971293913176105,0.42540578735243983,0.4338458557484708,0.575341946350243,0.4385461216308905,0.4143651481718796,0.4388366263305441,0.6118632334154211,0.5013043374376952,0.4820748974643088,0.4889994501298949,0.6292060334326522,0.42508282733967584,0.6315508290940104,0.5210496298921503,0.48395806180246526,0.7500900497934282,0.39443605102014034,0.4646314240432994,0.3767568760836,0.5952461970536169,0.668918893365168,0.6669922781404639,0.6223948753146005,0.4802379532204034
open,0.46347590225101537,0.33288302275059345,0.7035873535181792,0.5468978078148468,0.45080430951305167,0.6328056888986968,0.4027235483239999,0.5406622034222675,0.4827370865709165,0.5638677139880302,0.49364264608138786,0.35490721088887756,0.5075576372670038,0.6048864141875362,0.4970783594146015,0.5775115121589086,0.3954470514325947,0.4973739206730148,0.4375489544911423,0.574698084010471,0.5031491562261996,0.5690073676336612,0.6087710426157866,0.5691618575121389,0.5273118434293644,0.4001787741488595,0.49972138893330986,0.44669095979841666,0.46559360432957736,0.4625465849249749,0.40200744252177556,0.304266141086601,0.43318569516722333,0.5193379451924159,0.365182295457251,0.5015682236471625,0.6900268424310965,0.602305655525224,0.664354150912053,0.5391127876932726,0.6167509822986446,0.42760352695322124,0.43556597329780156,0.2260859793862527,0.6186145474042299,0.6540323979819886,0.444682275465273,0.4746048293602765,0.4246137886309038,0.5382653551477492,0.6124932545303241,0.3257228026118959,0.5409438530642252,0.4723328228280855,0.5113394391966689,0.5458994001674291,0.4811797561227179,0.48964131465942196,0.4786124832445361,0.5970316201788282,0.5418759960127497,0.5220583537737361,0.37290482789077173
open,0.46214202567868456,0.5898669160339174,0.5037696573123923,0.5659531469589139,0.6766511800327634,0.6038606069208816,0.5093158337699742,0.4489010829804273,0.24464504039441015,0.48316150775271477,0.4673987504183151,0.5390366194395375,0.48460947730253123,0.4679614940563206,0.3220601069492779,0.4060032170849933,0.5476651040800558,0.6715907631132695,0.49024746162543764,0.5327811073574124,0.5952478156952805,0.418910606379975,0.5366814043285443,0.42595098936678416,0.5864824438491012,0.5151403047951733,0.529845181398144,0.4217401402581411,0.5707032359610785,0.7084712921231016,0.39920883045717936,0.4660240992352476,0.5231607474168092,0.5786406211995816,0.4440453714710531,0.216696970985726,0.6359189494164025,0.5760506119584142,0.3257052469513335,0.4392431208220444,0.6568182429527326,0.6447796418457866,0.5938640022678945,0.48238875660401376,0.508298741881251,0.48690741948738736,0.6128239783268837,0.41241575935048896,0.4194200345115795,0.6010274586836015,0.4955638544488438,0.6378467355453808,0.43284877930194543,0.4945221639661175,0.40775870151560467,0.5007362681423567,0.3521453063001201,0.45123665790450374,0.35637461350718824,0.5693923233191258,0.5716589339759651,0.32697372695156546,0.6333885745500573
open,0.7497415126419854,0.5046006386736341,0.4358885739775355,0.7824330591003046,0.3681031501697489,0.5020106466869099,0.5179622272631923,0.6345147620452415,0.5359738975126789,0.4501366104211548,0.40488156296120437,0.46581781797538646,0.3993072639054856,0.5047825319784683,0.44358038201395134,0.3505962206710249,0.6255145788374904,0.4502327476570961,0.3731863195024687,0.48317408655124583,0.5068371565967659,0.32535332744209666,0.5331647667125763,0.39528424313097354,0.6711028809190788,0.5523960512076734,0.46001000098906836,0.42548322296826496,0.4895032292436376,0.561279074158329,0.49745058714148005,0.4782841192863143,0.5058370290817895,0.43961410687630453,0.46567940731569624,0.2914207561094996,0.5973726230852368,0.5298797780321762,0.42265441559665695,0.6898734981355239,0.5087016480392387,0.39638564280248034,0.5856737421470458,0.5398048216509262,0.5394579985484219,0.45742443953484097,0.5450495723778035,0.47382417097789054,0.5555941451645843,0.30950555459893614,0.4566126537020811,0.6722155097808195,0.42329325445996996,0.43961617025068134,0.45520386615500247,0.3785193864111357,0.2791719223771748,0.4769413601476387,0.5135859424081657,0.49474949314613476,0.4855121438052113,0.5043040870850387,0.6022841471550764
open,0.48095538140707833,0.442591742291273,0.4718874515111914,0.5579346759756776,0.641202687854325,0.43718562608308215,0.5098933787028884,0.5338357441935959,0.4007421993271177,0.5020417167212918,0.3534326142657905,0.3230949696260601,0.5366746407892257,0.4616125258669217,0.5202280407621219,0.49821050229916497,0.40235999513362025,0.49547456980356636,0.37668986949851446,0.6390972358001401,0.36440296551400364,0.48042147290314186,0.39577284119527517,0.5570421173360796,0.4668568628718497,0.448133328037879,0.5853201545051554,0.5029430591677552,0.5516644445935968,0.4018674063482535,0.3595183056072493,0.5107207962040133,0.46811536445052687,0.5626434672453944,0.492009154733745,0.5205075339234629,0.33766174700587565,0.6888436939614256,0.4835758014967968,0.5697586970339199,0.41639083297803736,0.5308009902217341,0.36971552364752547,0.5452067838259671,0.4644025915614167,0.5029190503935568,0.5697974030130097,0.37674596887797196,0.43155082693872027,0.5457324281086765,0.7098221474546746,0.4861917665338518,0.5591136117923933,0.489302853014152,0.69422455947563,0.32527783330347443,0.5094621044669359,0.3374455966437939,0.2493428429463283,0.5297462053117816,0.5139497796147459,0.4715163062257799,0.4893805909960247
open,0.8098299434071258,0.47418248619685655,0.5510124361250075,0.4350635180386119,0.5295232575040603,0.47617663249443826,0.45894815172702697,0.6818898532200325,0.6177184963184339,0.5136746647399231,0.2695788064056033,0.46389907767474303,0.7703027564405084,0.4769338333360292,0.6103217572053659,0.6441942401952601,0.5218963915855975,0.41581783681318474,0.25646876682171116,0.5684163208608954,0.4185243997176452,0.5176150451887692,0.3750179660410636,0.47347624595297977,0.5033719054901054,0.5268593581044297,0.38851778126475855,0.6196910948761353,0.44031052152680283,0.3325530539546755,0.4890976580036536,0.503437530902646,0.5160589433171759,0.6362132403685079,0.4763551163264141,0.48803803756312286,0.3896815618766907,0.5820553502887897,0.5184309064078103,0.45799722727058373,0.30953253065345365,0.6444412195055087,0.3772320035543943,0.44087219906302944,0.5358344511076003,0.38034420713833134,0.35064902217468563,0.2876052417299335,0.5720996952905636,0.4454813755273678,0.7927270092473331,0.40056449343691264,0.40785489765710786,0.44346070297145984,0.5243134655138489,0.4529796661214689,0.5612332214002512,0.40214116100113456,0.3618408281536419,0.32017852605908925,0.2776425832062803,0.4481930980524943,0.4699019687606778
open,0.4368562972516817,0.6243405797187163,0.6228030209608135,0.4665197012555498,0.3206078886808037,0.4433294891944947,0.44001786060829384,0.4342865037721942,0.4302281096101755,0.43465371042751927,0.46134583841022403,0.4364458901184443,0.5208322508625592,0.5360368715904861,0.408935491281751,0.6271065326007034,0.4019937698159386,0.3382199386184663,0.5380778071365052,0.41825918655856603,0.5321291470757388,0.25963313988994696,0.6392455941483067,0.5672293408040402,0.3499523450836998,0.35212228761537145,0.6672265904097527,0.4262620096502041,0.41658151512673763,0.2733947905850717,0.4649221794398446,0.4772280385164247,0.5715493096769485,0.3600921571815524,0.34797132077593906,0.5450962634776477,0.6006730071227064,0.3428847648882117,0.6081514086299742,0.5037541841486821,0.6091805339074645,0.49297796384823833,0.24777220825120494,0.4848032617683961,0.606014381867127,0.41062539809162857,0.4612035031092548,0.4823866496449022,0.21004861201315178,0.6671347575437476,0.40986243201028255,0.5505735432472799,0.4913298863851791,0.625761905635936,0.5406056122428081,0.4765075728479025,0.41064849074807197,0.5797850701382139,0.3126558696045383,0.5645890420275892,0.3900955248445127,0.625228366195664,0.5161299542662695
open,0.5644123767850109,0.5081988813824719,0.32476229048590033,0.41392708366046616,0.5672389337611382,0.5166655817359844,0.6180989905305672,0.5403274563037171,0.403329810929734,0.4203935862279366,0.5102917390523237,0.26859559339998945,0.6673441885622985,0.5441746736377557,0.6227034597048873,0.3419396059190831,0.6244565160355255,0.7231498911027748,0.36791216446226827,0.5771401794903767,0.5001109944687293,0.34555661517517555,0.549288397185187,0.5833603204837349,0.4398873447331153,0.6165916520255224,0.3333236593210802,0.3505243853550356,0.5136597395588752,0.5025385277972272,0.42834265115758946,0.5809594435971885,0.553089431421595,0.5858139070934016,0.48768635646477326,0.5602580267978341,0.45543496969700054,0.7053818690086595,0.41874542298780143,0.7105297429458313,0.5034887947089408,0.3624489110431257,0.6368079350488601,0.5125901388394959,0.5851124098380238,0.6223855918542593,0.5337955554145025,0.44077591551871853,0.5975713377669251,0.5000755507454595,0.5685857818608419,0.28462694262085386,0.5446981717009852,0.43614141748549695,0.665330963717853,0.5623087347889095,0.5239857745849297,0.5486309993350221,0.40015591471232814,0.6623256690528054,0.6991370418416905,0.5392913510548216,0.6590403568573638
open,0.4430851801327466,0.42028864337750194,0.5040924748728923,0.5434941038367899,0.46060133187568797,0.5537768190368484,0.5306389482073414,0.4001693224708945,0.5518793017451721,0.5863528242521521,0.5171469317590391,0.6152648103261693,0.37825962065030483,0.5467950422131852,0.38297192936032254,0.3885918641766912,0.436906916626221,0.4057939816425755,0.44520041812588623,0.47858496892888114,0.5837154486331384,0.46788409612942977,0.3414374293230407,0.6140067846495161,0.41629098663849606,0.4941279572895371,0.5446536506940711,0.5199610418402782,0.6094179547521476,0.5479003143392759,0.4138690420302892,0.7178562173991662,0.5194333463338233,0.4852659773378494,0.5963925423055572,0.5249450945930072,0.5399228192939327,0.7492183998600687,0.4724878571744953,0.4682239105982604,0.5116578512012464,0.6071515935581039,0.34934659698096004,0.30344441085234947,0.44128847293798523,0.33660770409407126,0.4575168652474362,0.550249969612929,0.41092511364477363,0.35731734232186574,0.5069337161715348,0.586254348461517,0.33050265614833874,0.5820232398305984,0.5817306203738326,0.5954085102156628,0.6218480214871687,0.7202013924659616,0.4643907951380945,0.5109571580077858,0.45835615667519747,0.5001976844755811,0.6532873355636312
open,0.3654985516069331,0.4138950327834424,0.6377180936504562,0.602003650690209,0.4636868353182922,0.585440200112072,0.5341215842492033,0.6500274609000988,0.5074509593826773,0.6025632113872582,0.7642011910492621,0.5598099155047467,0.5049328165794844,0.5722446985220979,0.46347191417961153,0.7387967705524732,0.5180071037695981,0.4727066679774487,0.4164310994979964,0.6097220191606438,0.5867187412827739,0.4502645628585907,0.5576451345122423,0.3491444031787143,0.5184970575073157,0.5452756352076694,0.6707329809559223,0.42291811972713106,0.37216473711976755,0.41045720390749585,0.36634314996850803,0.6336657357758984,0.6548639295024037,0.5320216577948829,0.6221294945685149,0.5133958380580236,0.49048883522992337,0.46669623809462385,0.46896090086224346,0.34521984436909686,0.5264254763607339,0.4959666089785956,0.5745360724077876,0.509352349643861,0.4837296298430908,0.4128806969992369,0.5072153236821761,0.5738237230816162,0.3856661008916139,0.5087473753680739,0.5233042951529484,0.4281935216381736,0.44121436950919996,0.5230610848766214,0.3866578981707377,0.5349923715249393,0.41046456263408,0.6062853693033217,0.73378277453883,0.41392431982981803,0.5534207862374675,0.42732580951179805,0.604095417379779
open,0.3734741590914785,0.5480586758427712,0.41270110331106474,0.4793015410901631,0.3968974724852693,0.5822350470895754,0.4163019645560413,0.5551964259331827,0.4655901971737667,0.48855276282011373,0.5147755907400129,0.4238175328341151,0.5210367113540887,0.6530334564354411,0.4221905214167286,0.6171810143273845,0.6498097633487785,0.4183845010971956,0.3544945394909448,0.5301960900171765,0.4452592477233127,0.6868603219163003,0.5034807540499833,0.4197800591964821,0.38528404889882883,0.608990495909083,0.4428816025915813,0.5043828799460428,0.5955802745112481,0.451574164806917,0.49540711712598395,0.498343159017748,0.5683324511516092,0.5590744335510326,0.47798862687451715,0.5063649061496518,0.46282209884765113,0.3522387593080555,0.5257600857398129,0.6892191760833069,0.41162808593089373,0.4226970290397297,0.4129272228356259,0.5724591778723123,0.544848545419644,0.48414623075835433,0.4081980938361035,0.5092376791639924,0.3435377872664196,0.5143426566857493,0.5871524386087934,0.37488008633663217,0.3467481723170336,0.6579437891694859,0.4388240360495415,0.6135947845943822,0.48460023348021686,0.48380451830586724,0.5438412699496645,0.4116001143253559,0.5132497143495646,0.46185105851759073,0.3679506556594968
open,0.53374820747264,0.4736692193122084,0.4842975171555292,0.3789839056585842,0.6591400367762804,0.5876714186386116,0.5964155884171979,0.4694555297558318,0.327081711049658,0.6952917382489511,0.4938902491994132,0.4251200203979946,0.5416801574483114,0.6167120788003297,0.4976949443914534,0.6278575167939374,0.6082999938516869,0.39236188125979415,0.43262098943405236,0.5957537163279767,0.2287387436189562,0.4850544306835011,0.35691687983753284,0.45234461985664753,0.4701179910970796,0.4641755622092492,0.44477387478873914,0.3902856350371186,0.7291911266818686,0.6867462004161351,0.3837934179743717,0.6582116751303567,0.4600534509527147,0.512918747333171,0.49367260401030844,0.4340251358746034,0.5983852343606146,0.5125886530576658,0.45234485767807586,0.36954105561995276,0.41064049862808794,0.3358619884397903,0.5012223548415169,0.3803334407715604,0.4734439487481459,0.637010185361037,0.6199299572921586,0.4967723105897382,0.491291527385685,0.6879874549421008,0.5520756120358711,0.4672193540123477,0.3573981882879548,0.5393873218164743,0.5829323772582863,0.4368348475486356,0.5291202755138033,0.4636426705084971,0.4815967600800997,0.2512177942437669,0.47782185962838647,0.5969369302408054,0.4368597444433442
open,0.5052526368215317,0.424404929330808,0.5360441676292773,0.47834768024638263,0.4060758459317993,0.6332551467665128,0.5928932013532215,0.43950932360718253,0.5497788309417777,0.5537412002820381,0.5642301235011176,0.3305744104004922,0.6006606541032629,0.44303010370742685,0.4642172066558733,0.76378817522602,0.5301873380721012,0.46136775245528244,0.2794705627244094,0.6389764133946356,0.36547903291913975,0.39965610965004966,0.4668647700912151,0.6416411791700293,0.5773239986665759,0.484216249015974,0.5308292063638821,0.4399614307128894,0.5139653689565351,0.5073336744778136,0.5968769895681354,0.596717812243895,0.5493977382205645,0.4637652442453898,0.5741822294390126,0.4908031533796953,0.3918085631286867,0.4596712208089061,0.5084526983784324,0.5910215783664745,0.4816471827842847,0.37908012887603937,0.5056741683296819,0.5113456040056552,0.5185837628902753,0.591987151595443,0.6018923240089898,0.44057891276183336,0.43838565419510567,0.39598012890445267,0.5698815670280476,0.6448820108337716,0.46849180720910766,0.4758569435275007,0.6466782556898976,0.5505557853215007,0.5436235704801056,0.3809083494026273,0.567872806927942,0.40708636594902414,0.3865979814065042,0.46532284232332877,0.44142072765513096
open,0.47784003056149604,0.3559018365475081,0.5958816306467672,0.6127686294516429,0.3052657525859186,0.597845780566655,0.41894713701783737,0.5856975536982786,0.4931553507333584,0.5028775564080998,0.48149023505787814,0.6212129204233486,0.3760411987474972,0.5607840338735008,0.610133016488955,0.5716340080540411,0.7324698914323418,0.4471053237275301,0.5957304822593531,0.48939093646585796,0.623340607635267,0.49923110042786306,0.46121242181375305,0.6306072203871629,0.450843806098107,0.3587274241099444,0.4483153116826171,0.5619032946588532,0.6392038751587091,0.5111129375296513,0.6318197067234026,0.3641825078522406,0.4556736535182097,0.4711424882845899,0.488544057252748,0.5084094388250197,0.5690910957392192,0.45551931618295094,0.5139028686953125,0.4954877109675948,0.407411009610885,0.48863333109185647,0.4856340470102882,0.4834919434996954,0.503175945658145,0.5075673540613386,0.45677048208926696,0.6272714733971265,0.3830519370796983,0.4279029891530104,0.7779963624223556,0.396200864501077,0.36462453252902416,0.5734476745001218,0.29228801462261256,0.4764726090027561,0.7145824925076488,0.3455064077846599,0.3018035514261287,0.35008187980423017,0.5898359568346986,0.6124776719985813,0.44874112030214913
open,0.5683212404001069,0.639025532751199,0.6787346414429826,0.4753664718820152,0.2698528282330013,0.4179121077590313,0.45731958050647425,0.47410612034216093,0.481214059899128,0.611889459793067,0.6274428426687582,0.4828326346075217,0.6098484876051818,0.5357661366631089,0.5064505972862572,0.5906544157109964,0.5072252048237916,0.7057811177097763,0.3561588833205441,0.4484829100907982,0.48734811030460495,0.5439452690457991,0.6267960487103089,0.4975601432763843,0.3577770350493793,0.5842513896455004,0.5754958766141964,0.3058141340620594,0.49961958663292005,0.34098581693197016,0.43353489024979375,0.40971910730372,0.5809264698241986,0.5116830174172183,0.3714408999243972,0.5880065962957343,0.35661941760715854,0.5330113790470944,0.4185989330708444,0.463432291746948,0.5504270748038385,0.5521449399059529,0.633696907355596,0.4917746300328547,0.5306450862963341,0.45622626775956754,0.5181989882622797,0.5439486048008512,0.4901690152545624,0.31962495159075033,0.5331470896330895,0.5364561477355457,0.4319826523652049,0.3715612963927486,0.6475879150503966,0.5491445510894402,0.47709189690782905,0.38629671168525126,0.4178185171578654,0.6302590396786232,0.5137661940868046,0.4449412932999293,0.5509689231224656
open,0.41856018125536765,0.6500843030280379,0.6352800534896725,0.45334259287972234,0.437132975296914,0.238186680130772,0.35184192284486315,0.36605302250422433,0.5135190340987386,0.46737662955586406,0.3654664512584759,0.47188359575354427,0.5505337147647349,0.5527839349915588,0.31003297191411183,0.48717365195161694,0.36166592230283895,0.5901728697140274,0.5784146416353498,0.4101972773675542,0.42339547975996,0.45387329495016926,0.27472066052686606,0.5335968173440576,0.4727155453659869,0.5970175082567859,0.39015907820374474,0.43808770517500684,0.34934747419608847,0.39957094365057466,0.3818018003931781,0.5995973678846446,0.43017381512486075,0.5124175684744613,0.46192365961381954,0.3730534733987187,0.4831699576828357,0.5599103331863595,0.3792240607456648,0.5809112790731379,0.41502790785223037,0.4517016073927159,0.5530683123010047,0.4336563842780512,0.5037574859335866,0.46853091712119077,0.5129368006703818,0.2619260894476503,0.3170318184791917,0.5615967006046838,0.603718140564905,0.4089513296468479,0.47559716478288655,0.5294719252902301,0.5693217601658704,0.2972322728329151,0.41139597530216226,0.4667420620150125,0.570314019723605,0.7498430483721494,0.4771994273190282,0.3593022537896011,0.5402268077201298
open,0.632099578954071,0.51080141209795,0.40933514548457073,0.5957993941480019,0.5663545618498435,0.39739191558043757,0.5381425617534342,0.5997265567658873,0.6181890042558894,0.4933551024690544,0.4641920553820681,0.6227273822081263,0.3789839497019115,0.5438579290921005,0.3629973372635571,0.6065376272259603,0.47419544843888384,0.6268583235647469,0.5491412756355527,0.377677976993807,0.6424627732077244,0.655124526642773,0.5882286492599216,0.423841213496378,0.46939860456425914,0.5145427217405759,0.4296289600668567,0.6692346572463205,0.5144326471726037,0.22966519528926427,0.533935581275622,0.4651842603182687,0.4925073443881552,0.46313806342143005,0.5807046416606687,0.6119687778553381,0.5283053162258654,0.46606888128618407,0.49586627951908296,0.5019599616577628,0.4197569960135163,0.5578928648571235,0.5460042323860466,0.6540441239776673,0.6255349780288475,0.431432508240987,0.5820298374508965,0.40490466169055284,0.5695932100940849,0.4483385801239892,0.3976746776624416,0.5280045342697405,0.2325432871845859,0.3249024425594772,0.48225081162257166,0.5082441766634842,0.4630681229841811,0.3420563701282401,0.41821081578614944,0.5391209327237394,0.5581781770628362,0.4983776882404059,0.6156833781036989
open,0.5397397023459234,0.4252544346041788,0.47194979465883824,0.3597133842792145,0.48918610096085835,0.6112100619221339,0.5685290084710968,0.6402009325919122,0.4697114756201007,0.6346099794514257,0.480669577355203,0.6471585082569894,0.4978143252557876,0.5707231373804277,0.6475112364309856,0.48065723714187947,0.5218388987544175,0.6288863425206302,0.4866996836069936,0.3679107717493839,0.714300705458491,0.4530235535662863,0.5158756050937543,0.6156006669451127,0.4391506096268798,0.399213208677787,0.5253737296774833,0.320692360208761,0.47120939231320796,0.5245038664315406,0.4730048103174836,0.3456549056814253,0.6594177956204013,0.5103538153949175,0.6431152117761741,0.4739963749819555,0.41199880183092363,0.526918092025516,0.47842128736717804,0.3822238542008642,0.6469784258787495,0.4377729777106004,0.31597336152044314,0.6328166053957333,0.4495701984187377,0.43921761073843757,0.3234612412970026,0.6740941486596991,0.37105194127903124,0.505844948070565,0.5912620322540441,0.5421716933003097,0.49403456880078084,0.32983341417125833,0.41902751642327163,0.5187800338042522,0.42128259300130033,0.5203359459998768,0.5681743408815142,0.5962502885800102,0.37738206421873166,0.7196646054978955,0.5767479344554131
open,0.4998285846330936,0.608953658307664,0.7365407771999973,0.35612798989431305,0.47747373575086466,0.26215683401266715,0.5192651532648025,0.5365394241925141,0.49608378845572404,0.434546642900169,0.29504854838116745,0.5373533683411769,0.6455434483915325,0.4408981544266568,0.5440059929023146,0.34318556865799493,0.5457213063692514,0.4606617702255343,0.42375820493970856,0.4239636358783869,0.460638841796699,0.5382433315692535,0.36878367988044825,0.4602884668432147,0.49585282220008525,0.3900960775468141,0.6796665201675017,0.41465045199386585,0.43305630863665096,0.4021692050177502,0.6798480087138118,0.5552905228599482,0.4063407993756358,0.6106231558859969,0.5200698694288879,0.5257253421111502,0.4655522791247547,0.42505840130430267,0.5337766099054602,0.44549127700044094,0.6816755629575104,0.37307088947568956,0.6536156772854945,0.48886811512021994,0.5299085734021106,0.5833157766629434,0.43697507049955636,0.5864248384698636,0.22924561446188224,0.4280010466778061,0.40759371926589344,0.3746493987628238,0.4785045161921049,0.5385749968181694,0.5702659998499305,0.5240876757200408,0.4334306535106453,0.5369016437825167,0.5124285694850851,0.5936056167936017,0.5776936702931517,0.5030476413920629,0.4102746993838743
open,0.4347049844167919,0.4450210640361967,0.4684733666083744,0.5268050427589753,0.5715174390128058,0.4948881306984622,0.5016124787900472,0.5143306305000004,0.448409468686766,0.40746077423570437,0.324456210268929,0.43048506419231275,0.5473145453267787,0.42970885619604327,0.476219296257406,0.5466431287412317,0.5520689496422668,0.3920467147833961,0.5997059356453641,0.6127350089355486,0.387015014278144,0.4176163130358846,0.6191090683146192,0.48531464787446993,0.2780222052548149,0.3600318495267314,0.47506303748275186,0.3836957349715398,0.45865762293635587,0.5032396213683579,0.646225460403473,0.4709546083772211,0.6072541799572759,0.6428760162036771,0.6434309669352076,0.5284754593385568,0.30367108521610253,0.5460824865403865,0.6048399887813541,0.49189328945645827,0.6744583870075249,0.5859833561467458,0.5568273377152784,0.6086380711205838,0.5333369851260878,0.25071895006046463,0.4500861048529634,0.6197168027247854,0.4192408659901704,0.4776527494763061,0.39551636860969286,0.6783922595201769,0.6681492457418016,0.4116131104859271,0.5147298000389084,0.43195059522359525,0.5614944639031378,0.5509683077242329,0.5811705571613266,0.5331918447707887,0.7935406206388469,0.39720762349892613,0.3289396645563486
open,0.46069097992985386,0.3432011734439733,0.3507537729994007,0.3998685345802033,0.40778110945683727,0.404538189804994,0.5518218950445412,0.4493810938914664,0.482048542512752,0.5894232774500935,0.42336774752185735,0.4735454101295278,0.5365759986092915,0.30584321993797786,0.2615094491049418,0.5346117328797723,0.5492014280566898,0.706422013485241,0.515809487586681,0.5819739717258094,0.4804527356414026,0.5297227221585087,0.6667256841749534,0.28760071818743643,0.5413616257571681,0.7135586730077366,0.5282034219209343,0.6650572963232848,0.4370787850470558,0.49679525058362867,0.5033524702388588,0.27824089206412295,0.38318221721497997,0.3903124920616014,0.5822066078032527,0.5872153105684055,0.5324036442706533,0.5824102896855706,0.4835850587278226,0.6201931669539543,0.5008788442632072,0.5057864047426757,0.47344073667375886,0.5684450477636428,0.4578801183387087,0.5976431377198068,0.38678508592839933,0.3901083745271806,0.5687426755126505,0.4911455785416987,0.4546108583846872,0.589005773247546,0.43927385859139156,0.479979874569963,0.6399227950071159,0.653914234581065,0.6572398210270327,0.47178742230660886,0.6230702904984471,0.4051047172231322,0.4093097125277939,0.26495441473756387,0.667286820189853
open,0.41360201509239214,0.487346742025294,0.4089675658071716,0.5695165248330141,0.46243663392826595,0.36951831095670506,0.544166256418606,0.35662699751897714,0.41625942746845085,0.2893110885373919,0.3576041887802393,0.5178529169720478,0.3035463961897075,0.3518854275378284,0.49976310838671917,0.4456393103906947,0.6992036635959309,0.6833896546024376,0.4132077537248846,0.5557137618403482,0.5749282556879451,0.44025211419755966,0.3504458463501796,0.49877015506919425,0.4827154325185889,0.4564235503029381,0.5442316868164485,0.4249270392994401,0.38480024524208567,0.5109082970349832,0.5385970092568876,0.3823355056099947,0.5928090610991081,0.3229518862223922,0.44218865412843567,0.4741991463802391,0.436377628734807,0.44349395264488073,0.6871074482308114,0.41491159109611014,0.7441221722471913,0.5437126779731052,0.5092055137311992,0.5476240353387666,0.7529927749251952,0.4006406996068552,0.38795820810636106,0.4245133803428079,0.503214314696456,0.32742288751874266,0.5022339239318608,0.6693547133413672,0.5151407390624777,0.4707314541024723,0.43818395513163727,0.5898511704551564,0.41741672267619523,0.6846395920599249,0.6933359747714357,0.5256750798661788,0.4988484911923355,0.603065980824156,0.6094798502227325
open,0.41940082689405844,0.4473444866863298,0.36776525653167047,0.5409064938334057,0.5666627883456891,0.36500743621387266,0.4544801095183841,0.3652746082418651,0.41012001897561623,0.55510170602263,0.42665179333217207,0.46991740439677016,0.3372688272052684,0.5186990209724665,0.4955726680155351,0.4271040749966838,0.48109857023175256,0.5180294880503444,0.4185131851090656,0.35237374559982204,0.6805574432686815,0.43667272952897274,0.4903239896813111,0.6010839735020314,0.8529055187570485,0.3755513550111134,0.544982721372651,0.42924477147058937,0.44612096954232894,0.42797879789932103,0.3874345032199415,0.49587086382153384,0.3525497312951764,0.594680756651187,0.5055002936033375,0.542243497290144,0.4533811388053777,0.46327960657882516,0.5287563905167328,0.38359493675941747,0.46420095655866644,0.41403864861215456,0.4109431189408986,0.28901617593743584,0.633932658948,0.4313461246846231,0.616337605516355,0.6068792321394292,0.3714000293483506,0.3911588764327154,0.7560502959355684,0.6750925941927144,0.49684814866718957,0.5257373106417349,0.4369153597052811,0.543235271420034,0.42828180992775283,0.29676462357016153,0.3678444213488949,0.5021092747850587,0.38689327644974125,0.49327225350864656,0.3925338960567137
open,0.4217646077498006,0.5853165306413192,0.5247480547640104,0.49903355786866527,0.5878963973070651,0.5480608593347347,0.6446563291251368,0.45401407376848596,0.4570365021472491,0.36988907336086546,0.45710192826275803,0.5964769894302446,0.6299987372262135,0.5960305168086668,0.3205808133450564,0.6083145212660734,0.31614813767279293,0.5898117324122347,0.4632215473428945,0.5702533313933855,0.3667551652105434,0.6171167632706147,0.3535025253895111,0.4331545089146822,0.4001905372230965,0.3245715147177501,0.5094527567588468,0.6806089117836962,0.7666905222320008,0.5097155787086248,0.6116681275067523,0.5232094637928537,0.5498883194768213,0.46578513488727613,0.5195076925422603,0.5537478704606429,0.44215402711236684,0.4922505700107012,0.49415698810025116,0.5826403317330524,0.39339678283723195,0.49484577913923483,0.6912005469052698,0.6164060152585937,0.6349179048888706,0.5024431840178034,0.5320997563686023,0.6002236166702926,0.6560255529530931,0.3048397087117113,0.3684558692950154,0.6309444101402648,0.47231106442311965,0.43282792107419227,0.3745839013004396,0.44449832984558907,0.3597630716576175,0.7091094272732477,0.49775639480194267,0.49420494582372826,0.5588076675167832,0.596234516926657,0.594588815655464
open,0.6073621943907572,0.4369154449209144,0.4702133195043139,0.5769031655442276,0.447261093836038,0.4994893367972775,0.5398763764424814,0.5785185082310376,0.32223190376297983,0.5714745649888945,0.4766275942148275,0.5707457710864381,0.5776931692354829,0.6607915061119157,0.6353453647621203,0.6346571662610296,0.6443670319166238,0.5291378984815946,0.503218508703684,0.5872817083178334,0.5732080951433023,0.469093376326174,0.5404823408808268,0.49649035332154057,0.4146067091539944,0.629046074137635,0.505519924253009,0.704870825769885,0.3374507729800167,0.44432212271566335,0.5032638836690871,0.6137381097628914,0.5399469372602185,0.5310472754180752,0.38727362074458527,0.3843058602770529,0.5322504660289905,0.36358940061816414,0.44681222497106715,0.5500917329085857,0.4017675727723224,0.6605355962361806,0.622393634423789,0.34285800016616996,0.40676287568180125,0.271422275550505,0.42174086374518666,0.5766388476572399,0.4586105057725143,0.5460797243615968,0.3477665681718256,0.5797975254581905,0.444489077207165,0.5012169682282905,0.49071254986069474,0.3728451479107716,0.3846915668260218,0.5967794469003426,0.5398992157501695,0.6050049041553427,0.5324658235502518,0.5142990634809217,0.3273989381333233
open,0.47296333032388305,0.4972615679596256,0.6953107198272575,0.5686956632098678,0.6536061181709528,0.5597537705894728,0.42886967730505204,0.5117124216149851,0.5236223646264233,0.40608444302293184,0.4615612623407079,0.4794233006322828,0.6605619832565118,0.29192594746090217,0.6205818420716043,0.4063204765040617,0.3627920812730386,0.6179942130038464,0.5731898069234381,0.625451870238119,0.5800701947545577,0.7059845001737401,0.5558723836944486,0.48435226238768414,0.5342926377321342,0.6243469128345964,0.4220624674739883,0.4348111417468619,0.46910399854020923,0.2895417201234668,0.5138078408417547,0.31138712960489734,0.505305931293262,0.586528975613525,0.4523123539356164,0.6677115870186872,0.35394991005815124,0.6191260681631833,0.567513705640692,0.3283966751689311,0.7710794299040533,0.4936254714496034,0.4122515977844368,0.3592912805215983,0.4779981972340326,0.48725931276100404,0.5102645528539664,0.470220384377604,0.5633225310115093,0.46123701673367534,0.3065035882759529,0.48506385043503586,0.26325223466267217,0.5353770630891389,0.40206997697173646,0.51633603549158,0.6314074981524604,0.4051251304732,0.6061256258512118,0.4566610433313847,0.6753194802065585,0.46348473868017864,0.4159507014493309
open,0.5687238450395289,0.45642102703763643,0.41585504858709915,0.4522160149296209,0.49553934678169986,0.6342180131244854,0.30659122545404227,0.5023080658950421,0.5624903594654043,0.5193448574991796,0.6309865169433534,0.49256546702414755,0.4815448557814055,0.5592329547013344,0.509931381495135,0.4609591261719529,0.5516144039586379,0.43474717067833546,0.4388822847980673,0.44720059782343863,0.6353069160166407,0.17789836440142864,0.5395598834762942,0.5034271814200222,0.3319129540761879,0.5309726779136003,0.5475751991831532,0.55896392313574,0.23481719369550508,0.6366389411854438,0.4262263295315159,0.5686567746753176,0.5741073780682286,0.4123302914380707,0.5660459952351551,0.4614506759087642,0.29286228206618425,0.6167741925527779,0.422495503698376,0.4145506537261946,0.4596934131963278,0.5272236725327388,0.4942729589177898,0.554806692470717,0.3660510633471341,0.4257613629569265,0.48840029276784663,0.6897887292658705,0.4886187461586242,0.6085222263661632,0.5038555168784318,0.45163413625624316,0.47532755758855594,0.4831580287971119,0.5603645738960739,0.6374611267576554,0.5359680847686321,0.6187077678741756,0.40352102623703145,0.45853694911859694,0.4275697465792333,0.5314444590874853,0.46410416148205863
open,0.5729772937034195,0.40689982883675585,0.5043030973321282,0.5686857911012256,0.29346972249593894,0.7121631307330203,0.4716848115120124,0.2974960086323827,0.5158093898576785,0.5033443467973151,0.4918105620427507,0.5991191112926666,0.5747444971427056,0.5297876191023845,0.5450155633946647,0.48956415505619133,0.6775490849240049,0.3520803981642233,0.5139651674215897,0.506502463118878,0.5813280406064593,0.41561461225751006,0.32563273976034635,0.5156823016098193,0.5281230492218604,0.648959940944765,0.37296379536749136,0.615469376671672,0.7367414364027122,0.4622235112477523,0.3709057780506776,0.4593025633626629,0.501400496737138,0.5563787875006915,0.44086052701619527,0.6555198534147342,0.38854676849919384,0.32607948478272,0.6106710424287317,0.27253789687938,0.4795870231127284,0.8117681129208048,0.49879564470400684,0.38792323493037506,0.49426025362132064,0.49491992113804667,0.5160649940353117,0.5662262982159619,0.3960888831632261,0.6687548055236794,0.5245114284372618,0.5726794046401804,0.43718506002443575,0.6286382136995534,0.4742947591186935,0.5277552513493532,0.4066893922812891,0.40030683735978734,0.5688205306452883,0.4556393169792614,0.41461769124956227,0.43568166579729695,0.5698953071717421
open,0.43709621387963893,0.4882345068397836,0.5015027750287097,0.30826511139897006,0.35288735946264815,0.5336277889247563,0.42629706388473027,0.6056724911280419,0.5966807104250544,0.5719168666355438,0.6819771787312597,0.4916910672256817,0.5648881925903839,0.4415599023403969,0.7452369912868724,0.698363365243602,0.5011880434517791,0.5386586229905193,0.6359297599364806,0.4852860495185893,0.4343375929200295,0.5873989751006883,0.507843924608367,0.5182994449645261,0.41657286569320345,0.3282327851636604,0.5236142409879101,0.59049620414942,0.4774193250923958,0.6436429519558867,0.42960836745844555,0.394529554503408,0.4932769692803869,0.49174074246487093,0.5769968731335222,0.4225037175936015,0.6368094236814899,0.6966916962508254,0.4960855973031658,0.6249710420184319,0.394350292937474,0.6075221541181917,0.6047276408559463,0.5863437280189878,0.4984436911129706,0.20457510587579686,0.43582728563478706,0.43740839823153976,0.40217450619395223,0.5122243004547066,0.4581036554478765,0.4175387990234978,0.394119985175218,0.4284487014514771,0.6121499211849928,0.43389749453725057,0.4485061293566728,0.45433023849767534,0.533899351380942,0.5456249488528533,0.19553434607568376,0.6021635213827609,0.6436368034243753
open,0.3949813462638331,0.4027701755265165,0.45497466122217284,0.4243995980543395,0.5223926873946606,0.30534747136411355,0.38820723919632605,0.6539197200174908,0.4071780032651982,0.6243428278102925,0.5355338195590137,0.31907322854117415,0.5635329195216207,0.4882332697807147,0.45445329437502596,0.5244957093172004,0.5474633485566792,0.5707591821974619,0.6178252847548003,0.5408135912778357,0.36243659112136384,0.4526354542348809,0.7943048335268621,0.5724491060381728,0.7369287300811497,0.6395434082199185,0.5241802071555749,0.5301407069781118,0.49634199601231543,0.32621953841535,0.5018047252468224,0.6210674552542197,0.4400360005178796,0.541195299906181,0.5851591045893197,0.4090319560687524,0.45486971356563355,0.3982088509522841,0.4177834393310593,0.37123947163469384,0.40995515386219733,0.6419455680797839,0.40845229709097075,0.5126459219060691,0.4497131246329044,0.6178865937036939,0.6311162296603616,0.5864069982138946,0.5306134553102755,0.47689404631591015,0.380812529580875,0.6943528881122197,0.42403269822474465,0.5663646347032841,0.6059565572623398,0.44447195030946707,0.6038012527315962,0.5764213203338855,0.6727963835381765,0.4530653533573289,0.37141359827202847,0.44945102445554885,0.5208853542534332
open,0.5058212727085056,0.46065621037254495,0.3090802541022757,0.5470482996129107,0.69723444790822,0.5464251238123004,0.5609135519053514,0.5572445306155102,0.5397046669882399,0.5931665966868095,0.5395373681185666,0.4687322830346724,0.4204011089991246,0.47510263447193246,0.5314129496450666,0.4683917038877027,0.5314338683131431,0.5439150133700418,0.5833179431270181,0.6282794968838981,0.5078007418478857,0.3692223434852339,0.465489590318081,0.50440625674066,0.316423124382291,0.6388664520102483,0.5142377912510466,0.5381352834580285,0.6365526462526265,0.4369857169857653,0.557404193088403,0.4890135876898064,0.48159131329840804,0.4227807612195621,0.6665603213686527,0.4624499959924429,0.5699464246895702,0.31249926125280636,0.6179988529689786,0.6052211155957059,0.5097434110297303,0.47730575338620757,0.5400000005613567,0.7288790660880289,0.32367633010965147,0.5782027387574128,0.40883826978460974,0.4980081603700269,0.4752119880921337,0.45716817422022443,0.4989534870947271,0.38658288547222097,0.6029180436127968,0.32058564888013996,0.5539764512828342,0.46734641474654287,0.38290751061925465,0.5202383370598695,0.34430489132935216,0.5039713821719635,0.35771230921884456,0.5461272084317831,0.40756426663696244
open,0.4549005982970691,0.5293949387943162,0.4227457888157764,0.49420360003316977,0.3486169498755146,0.5630875603596156,0.6764913805550772,0.7792208867909962,0.5091168146666439,0.5788204140797186,0.32193743270925107,0.6502734326305588,0.5776228504724106,0.45160665550487666,0.623718080028901,0.47455239233546587,0.45419748169854435,0.5475334925427491,0.39366455001696815,0.6021624764399949,0.39440101880731565,0.3949945210176814,0.40903102115916656,0.5759500037516122,0.4383224638480292,0.36520042156328314,0.4394320000064202,0.4967957629319513,0.38190275163356147,0.3848318890965656,0.7111296334099584,0.4139434596186113,0.46769576312269934,0.4632762999200714,0.4578643192229558,0.5621346739969102,0.594814295047205,0.4694045568468408,0.3763521713407651,0.6274440227848903,0.4904658908803317,0.6730321814857169,0.2754414102434837,0.519540322128332,0.6918606333876208,0.4646735864561842,0.4774506576665364,0.5295511691590339,0.44412041811150427,0.46879280679472674,0.4662184905808597,0.4372579265573627,0.622885655020056,0.5461078032296435,0.5250628232103302,0.5808571006890116,0.4735644166796533,0.42257961816470996,0.43973756953854426,0.5001783041104609,0.3940788291627098,0.44997389834133245,0.44838833581285653
open,0.7124556229829013,0.22261850600660832,0.48203802785943667,0.6725693792814771,0.5121844464132455,0.5753417473421093,0.5099826315099768,0.43326666187835194,0.27580840654910865,0.5205455687036303,0.42243933953976087,0.4199664593834696,0.4501012744020888,0.6744861406623494,0.7404837542253973,0.5217207937528401,0.4535232776088272,0.38227735825487896,0.5468540161546069,0.6782905600065144,0.47526596129748433,0.2621003959246776,0.5670049671815524,0.598539971145005,0.3414154359614152,0.5176484183662953,0.5451226016136099,0.49268926979910616,0.4209229080914646,0.6015937223563557,0.4596620254031317,0.3514813837300068,0.2950525514330319,0.626084951999931,0.5616663976471118,0.5087973547129169,0.45597253631491963,0.4471001585796873,0.39242633515583886,0.4568544355440115,0.28799127848798256,0.42639363465314856,0.4689062483648906,0.5609880047190419,0.49600735366266363,0.5794923113875559,0.6349135105113429,0.6058170093824102,0.5470509847378557,0.5011862679180784,0.4019211991586441,0.5739944051379317,0.6679747382221529,0.5342106039650418,0.6917259148426123,0.3474428291938916,0.38458366152204587,0.5855201507748262,0.5264290210153251,0.6313782176571807,0.49845283592732603,0.4132024577471668,0.47864067577949576
open,0.3467316029076266,0.38714093269029654,0.597244399791801,0.587278741446961,0.5363004284806077,0.32789224790395305,0.46415964244871116,0.37750001113399495,0.6176533253787766,0.44162778664373986,0.39142522892184506,0.5029796165121424,0.4359845543165388,0.6483743910203708,0.4265189102465809,0.36007717407753687,0.2847086484242484,0.4969213497586585,0.44380698861420737,0.3571095393488273,0.6189226461255786,0.5667245147429242,0.497178212106277,0.6364326244170867,0.5662536033398613,0.4177144098481568,0.3960779836009234,0.5817981544453862,0.5396366956467351,0.5169747767970662,0.41535021971310926,0.5607947567005754,0.42445011168660507,0.4898013345406322,0.644694414638698,0.4339165764189854,0.3427010742927139,0.394745280812989,0.5994298826687623,0.525473113738021,0.48711226213112463,0.44909061946884304,0.548535990755319,0.4150895149009777,0.5305665568642596,0.4268745431187043,0.4102340614724946,0.43625125651749885,0.4624592553516038,0.4951170164066297,0.5235455795111115,0.13116347085715557,0.4192349442253235,0.46084300226439606,0.650506203860833,0.39199973916178676,0.5162796618099913,0.6495030309735838,0.36870314700527274,0.5393975225864402,0.41977281660654797,0.44953662577107656,0.41968891660466856
open,0.4268142691584114,0.7721912147906493,0.5844455872071666,0.610173786178621,0.5491993486836496,0.33937432115980415,0.5394957970323307,0.6072929614507346,0.41466005259608885,0.5965326667161126,0.5704336209854078,0.685204004481367,0.4582216987486381,0.3902389017724273,0.46383718906274546,0.6435570993163624,0.31715941191580366,0.2931624284568968,0.5089395278931613,0.4557410707225844,0.5007727893175684,0.5945311771235865,0.44474306538811476,0.3126994169069379,0.7044481557199944,0.4002771712561224,0.39409628779879025,0.6103720013722597,0.4615510878958482,0.4936610147965189,0.5482790124060318,0.6083583103109995,0.4666539306818228,0.6519952005914299,0.28642001512651943,0.5759787236953078,0.41604724419823425,0.6372271316607991,0.5142044478830545,0.43270946679905986,0.5662841093021632,0.5893188347207252,0.5641894122858638,0.39703037603669394,0.45159828763779153,0.4995927162878565,0.495874034734994,0.5749745475438348,0.29850987674933915,0.5334327054553504,0.471001864556336,0.41614993836160474,0.42575132222304,0.47854623354820364,0.13989148955404818,0.429871042920845,0.4124185175353707,0.5532783209322625,0.41944733174894794,0.478488619982951,0.6542276627661302,0.5994351519815424,0.5902271399943453
open,0.45001275695891485,0.5543032279289652,0.4766102199546406,0.4803906789323062,0.540968534374655,0.44030064115790674,0.6493003104443203,0.4839869860402063,0.5618360566259665,0.6455600479257299,0.6031653774575175,0.35910808973094754,0.5444895895009885,0.5850719394460647,0.5891863022160748,0.3886705165885369,0.4342964762982676,0.5994558235741622,0.4238239629317354,0.4700303943335686,0.657587580950197,0.49522007496152104,0.4273225862166157,0.41223826431370947,0.5332719329585188,0.3666851991522791,0.4752664036103582,0.5333230534990022,0.6299149820547667,0.5667548080369995,0.4285934882017821,0.617841931756372,0.47004849624525225,0.3764296977950591,0.48279586407345276,0.6438169201145703,0.5165240050064925,0.5012521864329786,0.6637211644702854,0.3568645152945573,0.3714400885947228,0.3384153529033168,0.5372648186480055,0.5166493127115125,0.6542736367279776,0.524347507713677,0.45958428405206975,0.5001794872878107,0.5117707418460958,0.3328238726671833,0.7710331644334893,0.5519871018101912,0.5210008308022589,0.561516398427858,0.5709410980586604,0.48594465144975685,0.43687588637592994,0.5599450686321704,0.5385710840531452,0.4190109900910592,0.6419035611367264,0.5293352036322984,0.5729819362267631
open,0.6391920887679919,0.5021888821164835,0.5316952006984116,0.5810027238506117,0.42751389161999476,0.5054051662846001,0.5125548586651149,0.40439414483166053,0.7317636788673878,0.3592706556507598,0.3701896096312842,0.6314226575703579,0.5713266250796543,0.3974035182519222,0.5607289015101693,0.646785044499731,0.4969736942403014,0.7598822900074582,0.32759381891319644,0.5693823453859103,0.6166528336221003,0.5891343901605247,0.47956442733543514,0.47095585179888505,0.5444145171087258,0.5815754486652069,0.5602473436282364,0.6040057890793389,0.39811300429332647,0.4772229020876365,0.40599840678762456,0.46138872239138584,0.6015220891814306,0.5107983920725229,0.7606859163149771,0.5193406367189717,0.5059691880579736,0.5106182919440216,0.4362191307140064,0.49421633876224064,0.6127788027111646,0.5113970668127772,0.4206540270116529,0.4074915379521365,0.45497981083341565,0.507386343441088,0.6193586535476262,0.3659511358633563,0.4680173722111244,0.5144310019435079,0.31662942323705656,0.4166401717033594,0.43201114602638135,0.42040296261495014,0.5191889545021647,0.48394403904982025,0.44447138973989636,0.5427962626552635,0.672307471764625,0.6639256516741752,0.3077228227937664,0.557707218383514,0.48219767099361616
open,0.5155155342865356,0.46017169664574514,0.5117588629887202,0.5151407396072019,0.44210482426510767,0.4103632452174819,0.45513043173805157,0.5234259264456765,0.5598996341684264,0.5853348977340147,0.4505809976933087,0.5283844567302737,0.5962502591953298,0.6165594895144129,0.4941167145868478,0.47790682750603874,0.5191124233836393,0.38502925271025945,0.4806390488964492,0.574458639847313,0.5641947129443701,0.4729732395636111,0.5217718201087167,0.41753496597093126,0.5703492148225024,0.4922178563863527,0.4724048548303862,0.46382761639066133,0.4937106133100142,0.4552122355068042,0.5658143036002563,0.4604716451983819,0.6592964096027382,0.6465210503481381,0.4108456510145495,0.506970426942928,0.43493433786638047,0.4673352436811389,0.7002427467644797,0.46924285828842005,0.5360226037077429,0.5541321294008278,0.39993706275167595,0.4144904525590795,0.37939776285918814,0.4114029266102223,0.21499698906828174,0.5544582400793628,0.705419384125607,0.5147820739036527,0.35837311406593925,0.4357223617100052,0.4541123154975003,0.39824152227866244,0.5860182638395157,0.5810260044375334,0.38445482061823405,0.5725081044447508,0.6526812663577265,0.690255820522956,0.7865212023085963,0.40980073505568027,0.7824220426395203
open,0.4645793611491212,0.4407534544619486,0.5327072374877845,0.44179386659069875,0.5399044140646526,0.3679922812262698,0.47612473979365655,0.628558223436168,0.4942938708568844,0.5141595786739883,0.5475258604717311,0.617066162931766,0.3344775287810567,0.5584524051837435,0.4731860860758237,0.5166637895311839,0.6059950169762376,0.38058133485881557,0.39873555585569104,0.30645700402861936,0.44508410582362234,0.6330432344378817,0.48794128115265306,0.3659875104345214,0.4514321255424953,0.3512138296509377,0.38748138982688385,0.5388818910263713,0.38261266736939714,0.6112634305203302,0.4928879709169664,0.5085594703944526,0.4721627032392106,0.5772847838543723,0.5783159887777011,0.5335054351912172,0.5564789105907648,0.47879103300795745,0.5542203006909049,0.46621222245261934,0.5002231622162402,0.47253562506337027,0.4542781460680804,0.43108882022782097,0.5467690103858885,0.6310605912813463,0.6171101971669559,0.37434346640545646,0.6289203051406873,0.4681841498382071,0.5600733015145591,0.4093784667952789,0.5141979913874005,0.5313723182896907,0.35153952080803474,0.560826716634419,0.6345935007838315,0.4825352054318372,0.6360168130828013,0.48103065065475925,0.5849584531046618,0.27814300340489007,0.7418777779313463
open,0.6495458245242958,0.4715374495746321,0.30279109733561815,0.528802836830549,0.35560744529262434,0.5444853537557488,0.5411565719164282,0.40585968309979753,0.6120967023614378,0.5805574702806173,0.5975823337288564,0.5008857703668895,0.3584475933086293,0.5977872272211138,0.47296286008642086,0.36102198568073307,0.6352039365974326,0.709940752050251,0.4958751871020797,0.7159121154603292,0.5091314728611349,0.46195440958336487,0.43695415458145226,0.6637082407992743,0.4219856118612228,0.5735269309974987,0.4440836164940792,0.4539693237425637,0.6030249693969567,0.4619963153710646,0.4595204620579707,0.6132804697174807,0.6597397293221623,0.5644689803284233,0.4345230224376051,0.44893915007024204,0.5079915263740038,0.5320930061925657,0.4012134089860228,0.5723037939579864,0.5085513329639599,0.32842916813618706,0.407107351753927,0.44958713263483363,0.4927142311158945,0.6889278795503996,0.5238171306139628,0.4159228110101375,0.5220630804307164,0.4647912252546119,0.5324758239533541,0.5580567687035615,0.6209230647223938,0.49757135043299744,0.6638960527599833,0.5908022662536191,0.4292560455187812,0.7209855665748464,0.5326994513270098,0.41648754960277645,0.6652913051230422,0.7077777585198445,0.49669747362804395
open,0.44963497396244034,0.4827625042546338,0.57147317275177,0.6277856655030514,0.5570487330863574,0.510172320847177,0.6498011770304428,0.4687163526948478,0.6030919338366907,0.47119372016487215,0.5431022958010894,0.48864374352095485,0.4944147817347189,0.462261348253779,0.6344854031180694,0.4267073961891465,0.4259767747451292,0.712099356584511,0.5977847564654332,0.26148863013069634,0.44347412607895964,0.31880106624379456,0.40493093065847446,0.18614853337659598,0.4863010422306058,0.3858058180838688,0.5059905256796439,0.3374878741117475,0.508291185317204,0.45850837218796725,0.6501952965188595,0.6411356861745625,0.5785345603010283,0.46733862193387876,0.6985380395260293,0.34469647221601796,0.35964413704363374,0.4916216900110935,0.7254038108921119,0.47976610931299124,0.4816754756790718,0.35580896438881904,0.5945929585270379,0.5953176254329354,0.578907520139991,0.43707793271526374,0.42932932316269945,0.37068777495950295,0.5083872501760933,0.39195926707214984,0.38225834947507115,0.45763092830893237,0.4510843824815784,0.4462021471178045,0.5466444596840261,0.5079047802150279,0.47118439694888825,0.5183012928311482,0.40084729588953677,0.5105278623909678,0.5150602492844634,0.3496953140642519,0.5995693754370361
open,0.41185662947730045,0.5090309799206435,0.616441174053527,0.5925676757713869,0.5034333388568836,0.46375009971179315,0.5947511908575567,0.567469497780862,0.438163497995587,0.42051063529983096,0.29276448183040016,0.5154031841683587,0.49173022549816015,0.6136191374642542,0.5359055093480367,0.633422919417269,0.43026357720838293,0.6138150330967619,0.4471083620895345,0.5777596061792272,0.35412416074693065,0.5235135299366188,0.301531205855409,0.47328625140582453,0.5440353993877913,0.4479031448768904,0.39495623712440325,0.5846118469295933,0.48965372101530763,0.45104293529693285,0.5041895921154277,0.7636669141945589,0.6153502849781544,0.6162573668187841,0.5435546318992364,0.5166485272577147,0.26039177116695833,0.4321019653536868,0.4519425586797525,0.3125107935952467,0.38425842097845664,0.30191635290773655,0.49616761643026275,0.5818765970848816,0.6106774518624329,0.5414784462079241,0.4036603658801431,0.306793484148004,0.3243131300598498,0.3731017422745502,0.41111403019643256,0.48402515020084136,0.39858357818730317,0.5338975893668262,0.47677264972005273,0.5010545711741026,0.6140250552671205,0.381976826579963,0.5418704578292368,0.49860267715239265,0.46665137190303047,0.588525632086596,0.5879014154557007
open,0.40535092040115717,0.48178394161420757,0.5281211682584065,0.47269932519774155,0.5585021332287798,0.5281192017910276,0.6832561240356012,0.34697208640702126,0.48775640102526024,0.40914974884878086,0.5604107455439045,0.33828281099544555,0.5346312710224886,0.4369951568651659,0.4265838133878986,0.3553501796459313,0.4534924053798994,0.6084500530290926,0.49748113164705204,0.5627680417874474,0.6664641821966275,0.5263755584822576,0.44412004279376593,0.546725221518279,0.4455703853685708,0.44955773167028307,0.3480107200381015,0.5926257491084392,0.46139974243505605,0.5182098245815862,0.39640380713933604,0.5435947629715472,0.4238058761864916,0.4858291278298176,0.5877826031239126,0.579075931223253,0.49779699274830597,0.32318689672932815,0.7992810570060642,0.6745858970273136,0.5722674824888299,0.4246796218409029,0.4886407838298035,0.4456579570223483,0.6263855939096389,0.5262502890851833,0.4215836141640167,0.4529244900875218,0.6121188142569904,0.6600097846820479,0.6528331563486246,0.5757032065053977,0.47473751311973633,0.1758486174670879,0.5297160023808222,0.49981712411559,0.5139982096321354,0.5053897347033206,0.3673737838050843,0.5557408556851186,0.563221631403185,0.5682338782059659,0.5946577003573387
open,0.5604051644921624,0.4589970588461089,0.49291631520839096,0.5091124867253377,0.5107699449106619,0.5998217655971729,0.564366875302249,0.7077343439569953,0.7206468979884673,0.5079649582613925,0.11633444515406305,0.6236832466127267,0.4459623661012946,0.41985160781689934,0.4601554725010633,0.45533569531853935,0.5612269810105392,0.3440564220873774,0.39222792542083984,0.5343158554197417,0.5622944030413308,0.5641541644936012,0.4212963721066701,0.402173435073376,0.44933651662120805,0.5239872752284725,0.648547736927255,0.2952562814229249,0.47792712430416334,0.36673215589747965,0.334775732264651,0.5966956645344816,0.5544624574499338,0.5449433515947262,0.5921025839730993,0.4520281103233864,0.45673624836664717,0.7185730616722574,0.47534289457404255,0.5735132113054091,0.5006381540963315,0.3151741469921585,0.2955370996198732,0.4421015780060095,0.605610125166999,0.5788291656636004,0.5914077164224034,0.40129538210636845,0.6615872490122314,0.40351066998136154,0.5212824398669968,0.4989647710092263,0.4826126179685414,0.6338592138295607,0.4294889479834039,0.3650394744288072,0.5019995486206419,0.46001732657134736,0.8377382919082645,0.5676507476439975,0.4590659424781376,0.39438884308129135,0.31197115894312155
open,0.3974780914262567,0.5114941771759132,0.6427328651594769,0.6121689142387919,0.5229094831646379,0.46768323342975154,0.5268812356412155,0.4481362002515424,0.6718363995763876,0.481080981872492,0.49136621417532733,0.2784177574979332,0.4804565153477236,0.5836484137964941,0.3932277422961455,0.42492796655071874,0.5792711017733665,0.3523342776481947,0.6057801007541919,0.44678561098268976,0.4611431779508797,0.3876121594874406,0.5378046260427883,0.745987198502938,0.5781497239460632,0.4135714738059464,0.6135620585491476,0.468332045406575,0.637448498142756,0.5806676402164364,0.20568584345282664,0.3995920367044973,0.594438522283539,0.5151657272145017,0.39762440522921494,0.43664104845061874,0.3093763379910619,0.4911626712473604,0.7210689726015764,0.5804933390732325,0.7190417001188423,0.588239708978998,0.6027479343352692,0.6974078687745024,0.5377263259342226,0.48127726784931196,0.6032657516622012,0.6453840237121885,0.4520035357287791,0.42784309176599705,0.5138856032430881,0.5831498866931663,0.5798091048661562,0.3575832399812401,0.6911606067063322,0.435883507060315,0.47349350031114207,0.409734564001218,0.7698328835937087,0.5242070670287967,0.4149024919318435,0.5863923549962446,0.5769135779310033
open,0.4812272976420116,0.5840606712783383,0.41747080391691355,0.4507081725050748,0.29897833454339373,0.3676048915780437,0.6807630805670686,0.6641428627722314,0.5065788648648962,0.6662931447189837,0.4839925513391695,0.4756589697432092,0.5056510648465556,0.48750784046764345,0.47848036764398194,0.6143398107149552,0.5150135653956203,0.5712481764433804,0.6031380525277331,0.5388185795654733,0.4029728674091761,0.3647134111035961,0.5148780634807305,0.48287436951750656,0.5087391428920122,0.49839459607514136,0.7583573660166567,0.3669773744358662,0.30100537301788755,0.533237683351961,0.46235774454118045,0.5316067869729951,0.5583883022284001,0.6284104695178898,0.34927741796160616,0.4443282102142837,0.5428761258880764,0.5770463595687226,0.7193449550288386,0.5955703971113867,0.49432114041137226,0.41095642470573385,0.44357101472809807,0.44072971770428937,0.565523362851376,0.525699744558583,0.3676350429157821,0.4564098530909567,0.5877547553451421,0.5351662354974059,0.556864461601277,0.5382921710057263,0.6626430734608859,0.523604306382437,0.4613977202129302,0.4084244958866439,0.5249609458209712,0.2559295985224916,0.4815710998167288,0.4794160140078656,0.3635529146382719,0.4071734161344004,0.5809657530148241
open,0.5230711749074962,0.5101788333707328,0.5306347533932023,0.5092627587948924,0.6242862562858315,0.5123429181703649,0.35417868861812496,0.663012996487441,0.5370340267328846,0.4410746269204932,0.37465982817049814,0.5395914220958046,0.4882827995025625,0.6574146786032409,0.4654092719333172,0.4162619210317533,0.5895796218235929,0.5925281892716832,0.5168651367610195,0.5676357047674908,0.4962312879257762,0.5233865101009247,0.6164990882563923,0.5625318334021503,0.48307255616673755,0.6352362545926151,0.2635144627208488,0.7052073311421935,0.32940409051092645,0.4372907175227704,0.4959082464804931,0.48535193292718387,0.6006411040026555,0.39421633813897655,0.5260766817483064,0.4421787901780246,0.5295140979337417,0.49352277402021233,0.5092935652682978,0.4450075167535654,0.44899360499039176,0.5287272514027427,0.5943715505756044,0.44017206658021524,0.413123245542709,0.5613460165671837,0.49674961069423107,0.5830498133985952,0.4094202786628852,0.3220561074576569,0.44669959181736657,0.42336473907349836,0.49212115999197004,0.43631547857296105,0.574101695133645,0.47118497375774837,0.5150474498773902,0.5157634558440944,0.5194955092412188,0.49758708895450265,0.5510600690410313,0.4204344866174192,0.6399417926653883
open,0.4763462616631465,0.3688450862101318,0.5188073356991774,0.4148819517552515,0.5665334534508875,0.7209605576042377,0.421342790844215,0.5332372333223985,0.3244494411295372,0.5453905229441347,0.411428620020031,0.4375165381565518,0.3898713510160172,0.5732151226054736,0.6007304357473262,0.5023385214658508,0.41355732946642804,0.6589523036103863,0.4249589872245344,0.2837967700072561,0.5458389009957069,0.38952253263584835,0.5988608793499175,0.46188623033265813,0.5603713240544196,0.6401500346552158,0.3791141135379278,0.44340628691075945,0.49243289273429364,0.6537551319034344,0.43416172820595544,0.44054963040509926,0.5478140575555809,0.4422771274289429,0.5152525882897616,0.34484625790318735,0.7214329942556597,0.36522907696905965,0.46782472960097915,0.49675189641579054,0.6912688134356796,0.367515421906726,0.6983704135478751,0.5757176821102022,0.5417095324423246,0.40153663129820444,0.5571141242038073,0.42765133775802,0.6266661253198412,0.4028937970892267,0.4886841505543916,0.4444726911986828,0.4012477037573005,0.5741319816907914,0.5535458747409634,0.6209010198900997,0.32201248917918324,0.6064170702341044,0.7505448905356894,0.4548358910823053,0.689514861210897,0.47368387279401736,0.3627590262438693
open,0.4694367557593204,0.6048203967675276,0.41618235176684687,0.43996613409935126,0.5593539432293191,0.5003060116738572,0.5584622952486741,0.5237829540758336,0.5479625319551573,0.4567698814190459,0.5231730942030393,0.4072626994304066,0.6288433622503389,0.43657252831826865,0.6128847487549389,0.47663930390171344,0.5201999010757321,0.4505035449109299,0.3984004568831971,0.3255239612394698,0.39446758414075406,0.4676091146784078,0.5211879178828884,0.6010379313283264,0.4554242540203151,0.4118039235732826,0.35572852139972877,0.5480063617904104,0.6383194515329343,0.6266330267956288,0.5709932748147237,0.5638543317267599,0.6697623779709341,0.5332081461416811,0.5646129676024172,0.4679216138148001,0.36379566291452425,0.4316151099500424,0.4990840961465345,0.5060785372501303,0.6926285854855393,0.5081277167591068,0.6178843444025643,0.4564922758423684,0.4688324114234766,0.36709923627765517,0.4257671987123428,0.5526981391363753,0.5007560180394133,0.5942938619897233,0.518125394834505,0.4647546268362258,0.7148296863786959,0.49060964312869526,0.6163000969705305,0.45987907934553224,0.5709599479383567,0.5928015659151686,0.520849197057558,0.26455170773033976,0.5018252460856113,0.6230460047759976,0.552748083302773
open,0.5445838875229246,0.3277743066042481,0.4279544929324941,0.5411357631151439,0.5410383276786892,0.6214666780132903,0.4855133244853906,0.5405824086673814,0.5016374241931294,0.4013057263498443,0.27442086689052525,0.5431009692130077,0.5173947208412811,0.4381824957899831,0.33808269434841354,0.5629739514408738,0.4734079925804448,0.5556874722368146,0.6864048530411758,0.28585691196802954,0.4300399191297636,0.47906243866880865,0.6454826174146651,0.3363596980793515,0.6935861025680605,0.5135855901566291,0.4903999338266142,0.48019402367810937,0.45637369678199713,0.6048116759269155,0.3931479245917561,0.5345414181643854,0.4615818334293024,0.4237866551485902,0.7585975175683897,0.541905073475346,0.5613265544661143,0.6137776780668662,0.35786500546814526,0.6752291909122032,0.2491042821504924,0.42312335899614795,0.45409683268211,0.5581723364970506,0.5218718266141488,0.48331852593016067,0.4988002655372276,0.40219769764774316,0.35027676055158263,0.572651162233606,0.5693706112536185,0.6584494375157058,0.4209982903184792,0.5692815210300922,0.47162932716352685,0.6190474985193483,0.6021962776678141,0.5211209399224457,0.46604698433340136,0.5960932178608261,0.5646904523256566,0.4315559597913817,0.3672201326520569
open,0.4711467099318204,0.6515413815348209,0.6146487158733038,0.3887672530329419,0.3832242584100079,0.6274683849679487,0.3864364095242171,0.5509295323642008,0.43839287846636765,0.6617044924521682,0.4229575200862121,0.6143361530205829,0.5184858654060365,0.5252194854234287,0.3029691418648599,0.2797086646794281,0.4779434059732686,0.5246906063416612,0.38748021722622766,0.39113065895236576,0.5561472629826133,0.5562854480457131,0.4862258939612073,0.5780201721186076,0.38257977042798536,0.4644065082913029,0.6647877605783673,0.5068322129939817,0.5126312514586999,0.730594658596774,0.3600657834151229,0.579643036664211,0.66639862798081,0.46751420735014537,0.5859630786854846,0.4017980502789095,0.43132676044326484,0.5384966416047634,0.579856667311059,0.6120936512406245,0.6569628586939493,0.4932553441444818,0.6193611755172588,0.4657695156550851,0.5902091311588268,0.5207488797852182,0.5445677907081924,0.5423507874022038,0.3395294990202188,0.3875878141139227,0.5102541439817523,0.33127209203588315,0.5831211103199756,0.5871555966288142,0.532717055287779,0.3878865987242078,0.6380138938868515,0.7037210639718358,0.5147076827445974,0.5510535378451237,0.5201738654796044,0.5530369188998799,0.4880441243373604
open,0.49654357601561966,0.5905717600497365,0.734562416189644,0.35999287655982615,0.4896187515597033,0.3819539514767918,0.6592024898576083,0.44122620306801014,0.3556799206214206,0.5638186998848573,0.6744311114743111,0.5663597868560762,0.5204797877281917,0.5409140922775993,0.6414840662825555,0.412580072998585,0.4888152895913687,0.45473098514904664,0.383213469270829,0.4671624740583198,0.6107721095982449,0.5566602148392725,0.5644310500108201,0.5146475611653318,0.5523323782728589,0.41994096576518947,0.46904901140727706,0.5192004236968677,0.527751585888189,0.5320187854921873,0.4861664717983622,0.46225765988696704,0.8157771283044298,0.5906787272932399,0.5413147475952622,0.4766791501793606,0.45487811730561234,0.4869199406273044,0.5292828843586683,0.31195644559369184,0.3430610404625316,0.43631176110610426,0.5207139436778568,0.47607268528481483,0.6478121226099485,0.3517603213004231,0.42486545303966294,0.6520091740991101,0.5131119324675146,0.5884842582801159,0.7051246943269464,0.43061955820981773,0.4900685662207968,0.47275730990691284,0.3045406995516724,0.4689603196244031,0.5881062187380666,0.5540589541812241,0.5619083169388011,0.46244910193605004,0.43439027639943584,0.626925567189862,0.450268285364233
open,0.5294082038793214,0.5163334680677538,0.6461717016257118,0.597141235767236,0.3704741379332879,0.381244683322496,0.5578909818069134,0.4935662352620834,0.4544828216046236,0.6015627883994471,0.518745938208891,0.5052457386889444,0.5779828640755049,0.46248910050564357,0.6568518985472555,0.4211952376766992,0.5656929066342088,0.6433832838659845,0.36227045107279,0.46566648241475506,0.6142207392885558,0.6157244547731026,0.48285043996117605,0.42653289063231403,0.5955935822330762,0.6183549102581605,0.3835336651487605,0.37960863510336196,0.52252566819836,0.5629360633428893,0.4700930914769945,0.567929381998235,0.4289863393162618,0.2885306400926264,0.4576098927667404,0.5063232146513101,0.47241600401035433,0.3841396736340515,0.31843510241211825,0.4485911195632102,0.5897655771649744,0.6256197439413682,0.6187713384138456,0.4184090464851447,0.3846293676369636,0.5496634614979895,0.5635100011597926,0.5400169605200498,0.29859367257622366,0.41331154151165334,0.4970311209714022,0.5487218194630428,0.5767307362602487,0.514425352228204,0.5330783806538236,0.5084865458361104,0.5685619374218482,0.5312865651490911,0.5065737660047287,0.47316312008626193,0.5081291425042481,0.5484591378839275,0.5267475388898061
open,0.5380826418345254,0.6342721861351186,0.5265163922746587,0.43510014795268426,0.5883606785994169,0.3633801662331082,0.39185866192607127,0.5335847264720069,0.5516396667786578,0.3754948776496005,0.461718251901325,0.4393916167780341,0.4513323677118403,0.5943597776272946,0.5706505463547252,0.4980877820146293,0.4454038072885072,0.3650350329779859,0.6420184938781949,0.5592113900284919,0.42933308959268596,0.5719599497624892,0.49297763794253746,0.4712890495137657,0.5435211528289603,0.4258501750087275,0.465624348048989,0.5121461064199546,0.45005488071147864,0.5669085210267524,0.686906650367826,0.4245701867392857,0.3334874703695956,0.29982598325237386,0.4849531858505018,0.4336835409873817,0.5207860501067081,0.5132597672026101,0.3396783153385904,0.3185116170518594,0.5295933240346096,0.5135428834719957,0.4574182001633449,0.33428564148676954,0.5471391262764991,0.6271899545423943,0.5277982440218922,0.4152526109434935,0.5044552165571151,0.36338859190663153,0.6057960713838793,0.5081844334529538,0.3231843088246768,0.46993256395563177,0.5463301510234231,0.46669523790244777,0.47241042785598264,0.37755977929527285,0.5566540987081656,0.4351530799980863,0.2843554622994967,0.46287426293296063,0.5981149715570353
open,0.46130705534000527,0.6737984985123521,0.5428967948548518,0.5338758162280366,0.48716017340823914,0.49317137922357096,0.4736576364880496,0.46977306079174735,0.5530867162067149,0.4064168770209434,0.392410617127574,0.38768049491246226,0.7045654547677154,0.553034290167058,0.5304492201680144,0.3942485329706569,0.5623342300674828,0.48834286535466714,0.5214168941131749,0.4023379684136444,0.5160268857417577,0.45761664617935166,0.42343888429698123,0.5734106335807249,0.3462292191469998,0.5564776264314151,0.5684486133552996,0.41203563244487595,0.41796715388675326,0.4776974318733598,0.5282036210462221,0.4847145008185775,0.543356246019188,0.67629796525374,0.4492283230850286,0.3284820029296579,0.5825923583030653,0.668331457592753,0.5392768363051125,0.3912251324646332,0.48761076367647993,0.3881476515788368,0.5642855493962947,0.36487095973015654,0.46998712131718,0.3995662173706094,0.5126824685134962,0.46336583228622424,0.5176762103250264,0.5022350554966366,0.40133409722758895,0.5626877063529022,0.4951234348156885,0.40114709921340996,0.7240926556205792,0.5476430166717124,0.48467394466006947,0.6415204526701823,0.6841815609386608,0.4854650577686115,0.5347397486434762,0.4011997181997059,0.48528072492319885
open,0.480093744624013,0.5184827033621654,0.5332760478637011,0.555982844882806,0.5237642656299959,0.37892573733708357,0.4061532894258915,0.4453592380536327,0.4717759408076771,0.6050774290472114,0.3837061013147087,0.46425849518293,0.595300949821405,0.4700122525503388,0.5460415649842825,0.4860457957072096,0.5256783257324723,0.47715274561904597,0.5667065472728354,0.34549435925935645,0.4636687991611455,0.5296572676694308,0.5533695248006193,0.6492952622753828,0.46089753331344235,0.6479481761860872,0.43409761733403296,0.6328646411544644,0.5817467126698372,0.40865414203677775,0.5307039237251822,0.4948764164467808,0.5625584593675,0.477672841156669,0.46927537743382686,0.6369094582762851,0.4901279105544327,0.5826422324191767,0.47746485149558004,0.6666663259227523,0.43216653706645064,0.4385856468752815,0.6524517181115903,0.4555053609104747,0.6601074306164393,0.5891840579594813,0.4845350293439167,0.3186706527982841,0.4980681695728164,0.5101630053533425,0.6167217733304373,0.6588447176240112,0.4315012820856252,0.5801181763988182,0.576540215601335,0.6073412702410446,0.5498689912135545,0.30575023090382303,0.484457756747224,0.38442924250830846,0.4797394227081926,0.5980004236133893,0.5305150835874972
open,0.6148090866397433,0.5341753920713539,0.3701674060331097,0.24791529934272655,0.5148808761679591,0.47860735336488347,0.4023054260618118,0.3299372750348622,0.42652567865272906,0.4805508515135224,0.566587782370639,0.518863108156798,0.6608067247172729,0.39643959439546056,0.5881058892057434,0.5047298743128728,0.5694669124118584,0.45634851367344564,0.607168037389059,0.5295224758345243,0.432055501508225,0.4987975971086812,0.47604441410629006,0.5489178350637793,0.38202232506254913,0.49706482978843053,0.5395307252649331,0.5033023307193033,0.6346941244388996,0.5774022774071053,0.49925192032592536,0.5216689097497673,0.5295665551482,0.5403299604166825,0.3174342004335392,0.4698473704230653,0.3515560931806574,0.6278280947459487,0.4939150479997072,0.4806659050320377,0.5896797332033236,0.5422324797449875,0.3871365485620793,0.49290946374726313,0.4664833026773615,0.3255467111393946,0.4309723766762795,0.48164596779835345,0.4885049068508157,0.3517768576322691,0.6151665583047475,0.4897896941108561,0.5037553076660563,0.5400641638339837,0.4211923746096329,0.5456355973132696,0.4632925353981817,0.4103414459352808,0.5573447493355399,0.6491673858801807,0.5724829373485831,0.592297756514043,0.4479369393437701
open,0.3402380270831543,0.6490137522099841,0.7054514889404759,0.6542806773769683,0.46642140610202504,0.38453656612711556,0.39343173021804334,0.3316267432385951,0.48926213815899544,0.6605677958082454,0.4858337368127757,0.5302322900348275,0.6375596964304209,0.45959046881676,0.7035531456719595,0.6992094407497453,0.48688886613195176,0.44224657359807873,0.5697238046390313,0.4652475057481142,0.38434447829326635,0.628123865352298,0.621644738727708,0.5155511603763561,0.3737135246271822,0.3770473748782614,0.5107229288419153,0.4500128965494968,0.46589070678583916,0.6021963155060004,0.5733179317422558,0.6378142680497613,0.40093767766227423,0.4656808431313288,0.5758981695460113,0.5448078341012892,0.6532380382587621,0.5420536705904069,0.6848109104105553,0.554001780172314,0.606216744758866,0.4676485053215543,0.5014287211883989,0.5910944403839475,0.6612978170593055,0.5729236949310753,0.4916828228065381,0.6377335029528342,0.2808021343720119,0.3577765498493126,0.5681634223668389,0.5014108356253125,0.5605513651124165,0.5064407522431942,0.5570945694603873,0.4185597179006809,0.5570486086079691,0.5994414528207584,0.6220550603931233,0.70135542946487,0.5244098443502386,0.5273911086847178,0.34768275358261524
open,0.4468588598861575,0.48069179259933875,0.6050319552276355,0.4388998875910371,0.5796340019748832,0.49983782830366197,0.4822831884885238,0.5248893969133257,0.46088436277471573,0.4570962751907334,0.3295214094209885,0.47520457926721105,0.45200318538512735,0.44840190106509203,0.5416873062590041,0.5658631952790509,0.5232194504642328,0.5995415190449475,0.5575561925830366,0.4704943810194358,0.453714371428562,0.5312822236766847,0.55737671099019,0.6397844307031498,0.6191173044940096,0.44585269934928307,0.48979937198727386,0.567101780491777,0.6067997778058972,0.5938969468704792,0.49361221671686534,0.3745977347571483,0.40010636237544084,0.5272633514319415,0.5342225579424346,0.39013206265656153,0.5044569610889271,0.5631224356971783,0.3848773342492856,0.6104997201804414,0.46224688514401746,0.6257613112576651,0.44665475542240995,0.3973374517115821,0.454186301015828,0.490485187692268,0.4611520093228519,0.4783998578426887,0.5333965149676191,0.4828820630203601,0.4933887606047993,0.3290773600797404,0.5391698016010473,0.4910796702308332,0.6610292980482871,0.40604348327460416,0.31917046715004854,0.5618068493930042,0.5346527018313001,0.3991566979468854,0.34702510449959084,0.6537396730684291,0.6414110390606782
open,0.2512543241293871,0.4541776970743499,0.66641920547839,0.4523937442222133,0.4509387765973347,0.47172406723706317,0.38791030262318404,0.3295224255771956,0.6052547310734748,0.3157063093752324,0.5247271452108756,0.588657949275765,0.3548773701098842,0.40757315974049285,0.621317918839159,0.553289172022704,0.43827142931211127,0.6202249003361171,0.6206535723454303,0.5269052693015707,0.4099839772126337,0.45865512965282046,0.528638674395539,0.4811405170852512,0.5938957178234852,0.3470225919890664,0.35057364709337613,0.5180871111482432,0.4508455586193095,0.4372951385302259,0.32319432808256027,0.5019545844798182,0.49472448919992346,0.5653478981951741,0.5068906133120972,0.4867395921759503,0.6177000636790337,0.368753269655145,0.5536389218847576,0.3328852835204651,0.41616381199991925,0.3787342867376686,0.5781942535451918,0.4934589766404606,0.49864967554070233,0.3893267012270549,0.4700306504067111,0.42365346966908884,0.5383455014854216,0.4008908864668386,0.6329794365205076,0.33244195503759055,0.41934801675434386,0.6677200509966097,0.45648612520379656,0.3685121335595588,0.5219071562537668,0.45246077577854577,0.4164129744381694,0.39041291892012825,0.7768373605625943,0.47484480998158635,0.3074432639667123
open,0.6493709759005535,0.5611070905110571,0.4233533568980212,0.4066880911313858,0.5673472796158231,0.4753081672510545,0.30740221815548985,0.6787239964604669,0.4566009537784043,0.6495571736482426,0.6278434957965715,0.39989904555171857,0.6033189864363148,0.4348557450136319,0.3133299413196058,0.45754018339778574,0.5397637501776279,0.4537263352003662,0.4692951659074899,0.6143566044928613,0.5106493980290092,0.41567016887150476,0.5702030323667326,0.5197675566954245,0.2478395198537957,0.5428352913771448,0.5391828707716102,0.502012112958086,0.5891700581069576,0.4327606415673498,0.5336499788820901,0.3433040628832647,0.5407090383398832,0.6953059695539896,0.40051436475324587,0.4240197868012225,0.4289984557108448,0.5129998225801595,0.3936963727146282,0.542124737869098,0.5846839945469166,0.5534347213453784,0.32315845743619276,0.5995167665158606,0.593736741425368,0.5830161372346304,0.5372842248655825,0.5220189314205133,0.6032389398126397,0.6923513487603454,0.404695953663515,0.6078125395794772,0.4913782901992547,0.48703269479713995,0.34634693096179614,0.4715210590484605,0.40027350420315844,0.45361455704940545,0.39018136162218503,0.4551091612686994,0.4593889642976597,0.5096754918438801,0.33852501377086686
open,0.3554481852254676,0.5361914270730527,0.4202561882929901,0.6074529790229931,0.5225269722015047,0.5606762150206407,0.6410692320420894,0.4690289188193427,0.44255132945837244,0.5871702585598814,0.5509513563929685,0.4812669690178699,0.6391457966955942,0.47877556901600693,0.5032773637555782,0.5021222650834258,0.4065406105101529,0.5077585389486391,0.6396760177398492,0.5444968315376176,0.5031063426398932,0.4838232718834331,0.5330867028406351,0.5749766628489185,0.5609238830889753,0.46681351381780206,0.5324781594110115,0.5479939741148279,0.3992805012473022,0.5168230541183695,0.2838696113697638,0.5482533709821185,0.5660343054562682,0.5747546125786459,0.46049531478304323,0.5309046835024035,0.6423953845541167,0.6413769648291259,0.49708273007734394,0.513931963072956,0.6110911144734433,0.3499197984737825,0.4676924257322975,0.6335570455536756,0.5975200541684766,0.5369263777649904,0.34941675946693795,0.4950089766958838,0.4410084603750067,0.5331038902817213,0.41906533152051195,0.39742766050253925,0.2935134722316358,0.6221804684976702,0.4600229488556943,0.5157145783702535,0.4997761883525819,0.3932566067039501,0.37409350885518067,0.39946848740027646,0.4276831561170607,0.5366606247013805,0.42042823364793885
open,0.6746490631594622,0.6027151035893151,0.5808359549665708,0.48803410975268496,0.6514280735720483,0.4781994368878876,0.4968738585845754,0.5169974539749269,0.5701823040543343,0.5636908079002986,0.4524874721555397,0.4467006280574046,0.5639902957152084,0.5715236583891232,0.46066488751771273,0.3412811930321546,0.47926839039917557,0.5623525798825859,0.6805416846419781,0.3802042037659338,0.4573428747169426,0.46105964384746234,0.6355805339431502,0.4965058499541367,0.40926734406277343,0.555869528292182,0.45953614799590536,0.3775612726642046,0.41072266927238493,0.6734041954422619,0.5384209221649462,0.5107760055452543,0.4750106264187954,0.5292148842118799,0.5280235946002494,0.5292168828207326,0.5114845090277753,0.586879833830555,0.5023104346000731,0.40220611644473614,0.43875771090991317,0.30209813065102875,0.7026817116042392,0.5862754591952687,0.4169929504870763,0.47181551506029,0.43631235257935663,0.6542547211374117,0.3580122835729071,0.5114476058818779,0.4891472157435152,0.5826838630709115,0.4895990772275305,0.3241791123344565,0.4748882165357559,0.40278377820566746,0.5079579546556561,0.6434177036520327,0.32605747557677217,0.41997772646000964,0.4447307046216503,0.4618368904586789,0.5740125664105244
open,0.48264555824386124,0.5415802725720446,0.43742269562682234,0.5229924345417938,0.5777797630877715,0.4267700450262911,0.5781358119806514,0.5052372768727569,0.6045460240482252,0.47985800999230266,0.5381244655162098,0.495939376832147,0.4903787737959421,0.525893042822569,0.5536807469224904,0.3750435088075995,0.6433633608817878,0.3140336959450202,0.4315187890261104,0.4905730929235099,0.5412355969085948,0.6576172527741379,0.3141708511774892,0.4492305871610289,0.28731665122007344,0.5031621973910247,0.5271683584500031,0.6590795742171253,0.5120634760893454,0.604402512944238,0.5583837081539059,0.4564751802994832,0.35910392532079605,0.5275002298291811,0.35078979828546364,0.6295207072669644,0.4837937897963176,0.6195177411511417,0.45197855658676006,0.5268850786400991,0.5209348857334689,0.4954955881989076,0.4567340486603408,0.5392456018470521,0.40738367365167916,0.37905646710409413,0.6242826893326827,0.57271679888921,0.506589160860224,0.6665142382543782,0.4732234481275155,0.632270321998898,0.5175574084925821,0.397524924992361,0.684804019177085,0.5990710846624085,0.48789789689904356,0.572717125953395,0.4596296566002093,0.5829149035059542,0.26089214347160405,0.3980198666305406,0.5979259744286963
open,0.4750344461781081,0.5207542294888742,0.3653214337884565,0.6847866995702103,0.6190529643717677,0.479931478162467,0.45953041431366737,0.6029604361419694,0.6982470450168927,0.5953760255811353,0.7171802667396602,0.4077648670938082,0.41806131695012094,0.3811058881946651,0.544176064964948,0.5175603549804371,0.4848048876528014,0.5809258628123298,0.6232328605214664,0.3474337590713158,0.44030279720988846,0.582014359412306,0.4532261316141418,0.42017939236418456,0.6018537427650394,0.371049993027602,0.46984201922088953,0.5328644025804808,0.44261800860898814,0.5783155656013175,0.4431123024802631,0.640861949344592,0.48742537025042276,0.5671270136705353,0.5746023952982816,0.43724599972559275,0.29465134513441116,0.5360755754663835,0.5072288347124869,0.5555826027575127,0.4773472527617162,0.4569572301199284,0.70084730109817,0.3527645938489222,0.5733950478364238,0.4425398141816609,0.4664221382259578,0.46828971674260345,0.41965657258287425,0.557122421023624,0.6390643595949957,0.5470013661246661,0.5103381996212095,0.40135595009007535,0.5516825265824451,0.7156349631729298,0.46193053762049074,0.4624016420648134,0.44389108690190027,0.451058576550558,0.22547004463276155,0.5405035385855713,0.41544478236453863
open,0.33897368812081996,0.5753189949732549,0.3917982214958064,0.4661330946116242,0.646644239118858,0.35907842019754865,0.3467401765402238,0.5269306189562338,0.6149487364010369,0.3425658282268037,0.5407689736837177,0.5580999539961692,0.29408395163076795,0.579850133790722,0.5876605879842179,0.4688214426743975,0.6252346362298008,0.6136455574324845,0.5103117925717204,0.4548554609675066,0.4027172107417043,0.49624364906338087,0.5569758919704179,0.46758231389593585,0.28024989947379697,0.6268713894576571,0.5190223221844894,0.46203755033231664,0.5857158388423288,0.6524638596482757,0.21980884305121084,0.5434263649922072,0.35733507891896527,0.5499110506798941,0.5127927202374579,0.563572652644055,0.4500752385505345,0.3126759888180848,0.4549631808743332,0.5406847635139783,0.6015392328675223,0.3828168699527475,0.6027060426873018,0.43521277103534783,0.5362449881594527,0.44901060471343673,0.5182170627712102,0.5891877634570275,0.3772985922711464,0.43200941032531687,0.5184962587342087,0.7401583661030352,0.4136810287833172,0.7040133885996919,0.7004423303675171,0.4902688849298409,0.47018474738001,0.4307934801335308,0.4931797469667331,0.3593280567440442,0.49237609826794027,0.6496880273850856,0.4388914937523282
open,0.47592756960109495,0.3298859525732758,0.5374062088131043,0.5264481684951374,0.506370235976577,0.47831729497778563,0.4707242081227545,0.5501900233700672,0.4971183398411377,0.5314971871555332,0.5214982817454548,0.6123427287095762,0.5676994097375054,0.519286184315019,0.651842203065218,0.5420268529056561,0.6304962688790419,0.5606942608386638,0.3158080921068457,0.6304834763319329,0.5135176241342669,0.4948045229099222,0.5281348347489577,0.46550168380429324,0.5227028860388945,0.4408123933656908,0.627427225873437,0.48864118863789496,0.4617416157277566,0.4075074184280726,0.5268775789148642,0.5187107100125092,0.5388424613677506,0.3972748112494871,0.3398818801188427,0.562559130250656,0.6484641861876508,0.3973646377610104,0.6589441283561699,0.5283911058736381,0.49929370954491703,0.4602451303454222,0.3615481980575003,0.59877285159246,0.4224393638562397,0.42201933242623996,0.5991926309886955,0.31170165533282734,0.3476402189331833,0.49818657564919183,0.5293284429004852,0.5484734647968924,0.46982015066037475,0.753036966864169,0.4772107441234166,0.4769213847897278,0.42030133311861223,0.5123906816521071,0.5614961232046775,0.6203578054533461,0.3510715735559782,0.47540046616442994,0.5446703610809144
open,0.5587057534594535,0.5006548657804539,0.5542423969532102,0.41910361070741997,0.6557905432318357,0.5992628102979429,0.3655072212934828,0.39248969518832444,0.3953078249893094,0.5677969970896528,0.3715272233582533,0.46689756657919196,0.5454704396416774,0.4933834065453565,0.5258887515712706,0.39341972886512416,0.5594854373397244,0.43867881075240034,0.4675380325602059,0.5237731727905987,0.5103078221530848,0.5023980019015593,0.4249373178023244,0.4700450588800808,0.5002183590837036,0.3624914766832915,0.45374670336866213,0.5387679879032846,0.3722563396154657,0.615658165159424,0.6269613262599842,0.37548494240399144,0.635761963305014,0.48564184112878656,0.5418514559157055,0.4503348947871753,0.5923044827226762,0.5406094018848667,0.41858467434023966,0.38347980000347115,0.3539697564790777,0.5187941776432756,0.5572471411779736,0.5650965678779442,0.4882018905392622,0.3843003544335636,0.4317925201976217,0.6152348638961926,0.45153714353999186,0.5143417630681476,0.39243495164251124,0.5336583045459035,0.4542315438320922,0.6046712713775764,0.5773557706206813,0.45042940534251,0.4873335972652337,0.4448883759959371,0.358056680345499,0.41425575704527834,0.519821732772082,0.5325259498229582,0.5148547903592638
open,0.4698266946041364,0.5933066605720986,0.5063541904560938,0.5703253828095948,0.32262248677974814,0.10775997483816574,0.528378802783808,0.3575234346278511,0.4787548297286944,0.46979029589753946,0.6587400602415537,0.5399996552943607,0.5165859026798673,0.5836991154633674,0.5368497586839038,0.4542323007011567,0.607147593025456,0.38902498721117257,0.5323247187533562,0.3452430205863689,0.5203943857515995,0.5192989641772929,0.6676454961914663,0.34350261065582205,0.43991128241461874,0.5822682426574144,0.5335317256397307,0.5180305051337503,0.40438642970414607,0.4409181651908571,0.6245041008223257,0.4948490806246072,0.5375359696144473,0.4884811671223521,0.38169144847502345,0.5933810426074997,0.5503232384532496,0.7305636837367189,0.39844186203494547,0.5822572921200481,0.3688456033962999,0.5157346567673078,0.5976506589063164,0.29278648839035126,0.4795067525758392,0.443679026595738,0.42980427017048783,0.5385212652259355,0.6120685706422595,0.48667212847708446,0.520548642756002,0.5114308753059248,0.5001803506356414,0.3910657362287894,0.6108444601722893,0.5295195368158836,0.5394881490002578,0.41934903709744176,0.45407796020107594,0.48238658022892217,0.34658753065511483,0.3311965674802322,0.43992520693614323
open,0.552252076644239,0.4346862610070059,0.39811948024092864,0.418531434676233,0.4544657576854687,0.4646141037179896,0.7165521452206557,0.6054620628487318,0.6024774112281728,0.6168580364273382,0.40011791306659505,0.3777635385012761,0.38931297084659433,0.6334506133337838,0.4452808211117509,0.3748643817760713,0.4569003799780187,0.47613944682853726,0.5268413273694562,0.5250951020712042,0.41718194361264915,0.568565639251371,0.4360806466249842,0.4843723663294957,0.5686774070503355,0.43581785960556585,0.44306485764188624,0.5591668049693131,0.41422668233949805,0.4615207976395929,0.5555742178042893,0.7054092441435975,0.5605404504762747,0.5472639762990011,0.553080158367273,0.39268097259329504,0.5115596738679908,0.4970233511663598,0.5321584540372756,0.5116508052475871,0.5379699677417112,0.46885328051007985,0.5058608917371793,0.3772171433943008,0.4680092721997086,0.6390833548176643,0.5318808339628256,0.4979078962616923,0.6896123276254347,0.3639165021698921,0.389054444455378,0.6712711411276273,0.5045960936048934,0.4757416963710206,0.3800795674904357,0.5447696266395012,0.5544459869527463,0.3905505639165104,0.48597244144495716,0.4664484167966934,0.5255977146418771,0.3880749757779356,0.6251947454513157
open,0.5915823781597604,0.4636824441267184,0.47835812883616285,0.4863577849722384,0.42216914469934963,0.45565705817649643,0.4729729632325391,0.6612868370707128,0.5946618308330437,0.5934654707336624,0.536992561300439,0.3882672991068765,0.4958508895422621,0.597048845961338,0.37417353706327117,0.5636553206873265,0.7322609225262766,0.6061816645989732,0.6414029135561987,0.5218338750442161,0.596793194876499,0.42821467856459644,0.5795863812341226,0.5654388134060764,0.5289911174037663,0.6316007419718499,0.44612151621526114,0.48129424835263374,0.5095462041358296,0.3970389028910599,0.5226931943800248,0.32810695870461526,0.6046954534428209,0.5046637366565966,0.44791070960962365,0.4165626387704878,0.47654209703808126,0.5688259710772413,0.5547738978737561,0.4294462052721539,0.4153960327372366,0.5656898706319647,0.42776525953849703,0.5059909774079504,0.5123754642524277,0.5312062131726738,0.5858270430181872,0.3737037063132677,0.30888406747395125,0.44325527187716485,0.6801528407832186,0.7022174100087378,0.6831177135565888,0.48070186322393105,0.32178849180151714,0.2656960898348159,0.4385961838450589,0.480192636985064,0.6300625401055959,0.5867805459542446,0.522740507899162,0.41101552290588583,0.403922044175511
open,0.5254127687071435,0.5697050978839726,0.5391881262245585,0.39654020403933454,0.5650667628792087,0.5425910967101412,0.3929333593809822,0.42156790296997443,0.5688495974561567,0.4765492464854109,0.6589147301636458,0.5501129276064576,0.45133688118107307,0.4989794399609067,0.5063383392637718,0.427160968675829,0.4087411801822373,0.57013898938095,0.5845273297042095,0.5603781469552959,0.6515318094323802,0.4458226763988398,0.6674270766071131,0.40990788814458473,0.3987314436631507,0.32400411178507493,0.4554204686173183,0.44962776631705464,0.552593728025465,0.524389094162045,0.3807026628980863,0.4607273761574182,0.46285379789123143,0.32240177530381076,0.401905327298663,0.42291863693859105,0.6433625019820947,0.5191450715957353,0.56621687539475,0.3501364502850788,0.6194214483013992,0.6301102063024093,0.30016550328553737,0.4294683276084152,0.5495765573015511,0.5644388453538183,0.4321505269512778,0.4694500536946347,0.4402618938954857,0.5110418046946119,0.6197178531461913,0.42289578428587954,0.6000820497768414,0.4218327927653112,0.4152372787503116,0.5818594618343214,0.5921936378007617,0.5851409936762655,0.3684202591781859,0.45340490219279495,0.5822988592003322,0.5041541840563895,0.39263071538025357
open,0.5458317939125442,0.42851927410085294,0.6794524848392212,0.6544841462418258,0.5604097426355568,0.6361006704769774,0.5064791350123381,0.5765437494375016,0.6477720295302075,0.5245498681794313,0.4744812828485716,0.3295378041822884,0.4916866474278506,0.5823423184562311,0.5945633427567629,0.550436506571841,0.445870090503776,0.3023178431052409,0.45047849019952646,0.46956551289460485,0.46870710328099857,0.5618556356977924,0.698567641101484,0.5123529201841093,0.4783268210843538,0.47407781869959076,0.5124384766907715,0.4171706239651601,0.5120198558746055,0.54508123363318,0.5209686063574488,0.5457541934004781,0.5433747609348535,0.3228103317753556,0.5636870158395403,0.4328985154337546,0.39041608369960423,0.38955481721450036,0.543354161047253,0.4777425072775147,0.3318031216014589,0.5478037815192284,0.35603918692011727,0.5139821358518211,0.5238498925673054,0.5885577081695045,0.6781684786466852,0.3635323674099458,0.49475261439369506,0.4723664704955783,0.5433749685960962,0.5215668770933619,0.464745375726338,0.45590978113891445,0.38835491448159526,0.598786158240651,0.545920418159953,0.5917768197795137,0.46896038635244863,0.43431645313055695,0.3921684933370772,0.535891758374066,0.3960206775471765
open,0.6848663068966551,0.36923574189065594,0.5273660119212502,0.6566854707213786,0.5599089759263809,0.517567371249178,0.40315163530381043,0.3618230811432296,0.5770050108917586,0.6506147240774947,0.4561150009521828,0.3860938492383649,0.25418305694509813,0.40192351563374623,0.48863431575009597,0.6599123240836734,0.5673133692232969,0.5305085404706753,0.4599880338698869,0.4416834282744044,0.6405647597507964,0.520073854075839,0.2897399308078978,0.4326460352102757,0.4141783968228373,0.4453735990822535,0.5562910660285085,0.4892555118205751,0.49231345929963377,0.6313473161325237,0.43035389102133115,0.686419952588735,0.43286924086289136,0.5089198196612571,0.4718796404597233,0.5123419133500962,0.5444591995073129,0.5433835240088877,0.424688266937942,0.38770853225524293,0.7503171790905712,0.45160156603994467,0.5699212438671987,0.3392358689476803,0.47203872800953234,0.4872800616017557,0.5472815069927832,0.2277545859008061,0.516614061307833,0.3850258544632107,0.5324345711194924,0.39636708031618373,0.4144517304074419,0.47263723896067317,0.39476705303968046,0.4524465553264645,0.38066242314566845,0.3166829548301272,0.6017957052429359,0.37039513071760716,0.4821319112392016,0.5752891081493785,0.4385055897483957
open,0.4174834100254462,0.5226238088667422,0.6117933822727152,0.3830684734913531,0.4849852167982561,0.32675054050326724,0.460679899631781,0.5034204684538075,0.41453753582449343,0.45430081661747684,0.359177323169255,0.5077078611381494,0.605569424888315,0.3902856130229536,0.4377328233447617,0.5502546246454182,0.6212090719322736,0.35068101877910685,0.48312152625840504,0.5283130822319525,0.4897943609371152,0.2523207933122913,0.5501090009308772,0.6519336351090644,0.5116661751169503,0.39688939467057366,0.44868727536357167,0.6769913067655593,0.5909962540860558,0.564002661838433,0.5356412583534376,0.43388628878090274,0.47994288193442314,0.49220772643214844,0.5549574316064444,0.6508918894266904,0.6118338136793128,0.35806156442039594,0.5223994968901049,0.5736763345167897,0.5618860330144635,0.43707662366125805,0.7914109215768361,0.3722915437668881,0.391681155333395,0.5233595081261576,0.7116803054963854,0.4163805149295829,0.47341716343530077,0.6077293673015693,0.49821378451122666,0.46653961454697046,0.556563290188672,0.5272517990229593,0.6030438785636791,0.6291468889065364,0.5307003060005362,0.5291732725378309,0.5214110982286133,0.5489130556649288,0.5055170637871464,0.49993915176777104,0.6196627120827243
open,0.6516116180355043,0.3492447055366579,0.5010021151740569,0.4311305566554765,0.46890285335139276,0.5402516209735322,0.5669438371542468,0.4887873556388655,0.3086659665277197,0.403495441942382,0.5896499670200166,0.22595735779650689,0.6187427151682,0.5521229990644542,0.6316176081530023,0.480143081311904,0.2938594575977095,0.5430362641506498,0.6274653124038341,0.5924721805513421,0.43373085165119646,0.5086761075462647,0.4467163731220076,0.4180733535810628,0.5955388571179852,0.3802467688734838,0.41061835694183874,0.3895974366527615,0.35097524767009536,0.5146414291842604,0.6161503048481975,0.4815123243754734,0.34942521994358333,0.5839944539742028,0.6685701754034972,0.4353757675853405,0.45214457332822816,0.5515660630083394,0.6621873747785052,0.44801658542747735,0.3667550219001795,0.5631418606272407,0.5799068073142299,0.5006131450435227,0.44418667403425494,0.5994378730992046,0.5528036004547965,0.4231564483096507,0.5049094731305671,0.36482924679753537,0.568589045643792,0.4737766430617144,0.4564289167615263,0.49671255148475657,0.5040307699330248,0.5894930061565561,0.5591090531325221,0.4843590721207197,0.5763668149718996,0.5400737253691613,0.4573400363713963,0.4875281841763514,0.4851777111156879
open,0.5505261343174201,0.46329773852783585,0.4609590813578367,0.6968757309433959,0.5939735481747104,0.4239399335574861,0.5570940993942198,0.5118350065655177,0.5391551175260094,0.5137341324565105,0.6189642645485236,0.5345620344651446,0.49379113017857124,0.6042190576983018,0.5233285041087872,0.5121478579329057,0.5314022602486115,0.49063909766336333,0.5009226992995469,0.4413305411238127,0.4248832780376121,0.40014296135175603,0.3608016713202924,0.41202826386154434,0.48257329655330744,0.5103117582445637,0.47287034368523595,0.26442965098726423,0.6574586357762342,0.6086480122890382,0.5445759851217129,0.6907490672553268,0.40226358825162895,0.6887625120626004,0.4034785923249452,0.5238737925291357,0.37261626748657956,0.5014694095544366,0.5386166497998389,0.4845309668865445,0.5713877444090137,0.5099014449487257,0.44775852716224906,0.44331866821976607,0.5810913772615697,0.43462579701930326,0.5915402970484938,0.6222711792831931,0.333128613765387,0.6132926387301034,0.7060422698444699,0.5252003761201929,0.5599084185294823,0.6037005324369159,0.4724517684820978,0.518228022353787,0.3685800470376891,0.513863502853045,0.5498111995644541,0.5516163022926469,0.6065424723597581,0.4225197821864471,0.44673932433265034
open,0.6895507345991355,0.484967162623629,0.5200033787312328,0.4932989958274779,0.41783191736949776,0.6623529210891806,0.4472298588079394,0.387271447629307,0.45492597226972487,0.2998293998274466,0.4348712535016818,0.4031871402147673,0.5617428630927325,0.43265857604401275,0.5887803935578848,0.6398483993069322,0.57811753362876,0.47846117111399233,0.5141114496705593,0.34750150598559404,0.486622062747876,0.4139561531933167,0.56943263811493,0.7572752389244475,0.549982163597381,0.30088598510453335,0.4638769807085627,0.5122490925374454,0.5087357425260264,0.4269186874391247,0.5245291742636935,0.37574991630806126,0.4055091277314933,0.5645797641603711,0.3984336769120174,0.5538211605492257,0.3630536225343942,0.6764825883791736,0.4225730077595945,0.4776333428196556,0.5330613261090406,0.4434650047498906,0.5143405961071305,0.5575356724520125,0.5960613232503486,0.5791497435972958,0.4828189536197326,0.48533682259563976,0.7349108558025033,0.5949889068249292,0.40781763436797863,0.5099988163765552,0.4664856861221808,0.48646657660768905,0.3770504842291912,0.4588076765614047,0.6811555773193914,0.5579076300875503,0.250883859184854,0.6216723492497946,0.6089629522909161,0.46407146956935835,0.5717263543783215
open,0.4140600789182799,0.45297442837336427,0.6498546360669853,0.47282699601302913,0.3130268338045009,0.4936696777218663,0.49214116070856434,0.619836856937346,0.501433642217576,0.4578417688559707,0.6045056145231206,0.512079023250111,0.42499773184342826,0.6154997560541617,0.5193661764516799,0.5002925966679438,0.5177908391411654,0.3929331628583403,0.44723462238216627,0.5003582601832783,0.480533630497532,0.6272428382816595,0.5217405852727004,0.5854903922636403,0.500939535457585,0.6056288483746123,0.5397527756573154,0.501342048538846,0.49867169110409804,0.4045561373709037,0.5506915720136311,0.4959795265463621,0.44980080398187955,0.6106461770812072,0.37497839741051986,0.4577504104567566,0.6027718748779534,0.5315522940920253,0.49521410723472425,0.5251003543150147,0.5179414171048842,0.3483337453714078,0.4650738114652039,0.661652165451375,0.4340675865222832,0.4681698985895666,0.44583792366908126,0.49129847766818624,0.4416877168675702,0.548674150215806,0.5197313412290266,0.5773547615107018,0.39490588338110394,0.4659659517117097,0.4774277368387865,0.5455646910088595,0.42067788027929653,0.5915653804258344,0.6186415590517609,0.4011127652364416,0.4509127105106434,0.4468068491707908,0.7632386204677499
open,0.45700998947921134,0.6677625442156134,0.37333680048933904,0.4010349033835636,0.43133954681517994,0.41543106885534775,0.4732101265841501,0.42912217972785016,0.4180658407265426,0.6158471996473328,0.6223793622513165,0.5949296498375316,0.5523998955584328,0.5092743065779552,0.4502969309334091,0.4046842495244908,0.5362995703432687,0.3826369607453202,0.40060790708246063,0.6152913256204809,0.6900649041722087,0.5393295138166481,0.6106457152294644,0.47541516825560165,0.3662325813912316,0.5612171618618584,0.5569289323270064,0.5071668553880244,0.47576245418948887,0.5962210578581097,0.40142669665725256,0.42262194211093423,0.3991893493239572,0.5084972962635828,0.39121069878907416,0.4315757819484756,0.4294244437772802,0.4739391667666042,0.35126255535960227,0.5087204992037268,0.6247303650664677,0.5135491372316762,0.6541321144801321,0.6333998185876926,0.5777735047247855,0.5074685842636886,0.502250038824544,0.5763799772363261,0.46083293904959677,0.31174792485325364,0.549200405410296,0.38689313700650285,0.40378587718096154,0.5000223947995788,0.49048751224465303,0.35879243936843697,0.516549156413314,0.5966139660861048,0.3871658429734217,0.6272483330848759,0.3439829174870056,0.7117324144370953,0.4588739569516517
open,0.5145616996826892,0.310796642751433,0.4937863933530692,0.5228482177718192,0.4913837895900505,0.44369189229476264,0.4053435481472185,0.6130526619537311,0.503080713499795,0.6540752376516772,0.4473517645205077,0.4565205306627783,0.5815594244596163,0.3377025037996436,0.3786536639847077,0.6097484971353164,0.38280660707768055,0.31809489846974526,0.6868527188073091,0.3606182352125794,0.518411939832817,0.5069085192724271,0.2189371683381916,0.4732682976832191,0.5448413249479109,0.535430938151886,0.5903520683803501,0.4612508685094566,0.5712504442092161,0.4310670931919928,0.3589532583587225,0.3702271624318767,0.35378895448045855,0.6009585967891193,0.34854264909414434,0.5274038840649303,0.47340758059275667,0.48973514265493684,0.63636072951997,0.45615726327847267,0.5611601561549683,0.5037563351381111,0.4847981094367302,0.7299969124386474,0.355865825428463,0.6289131835437445,0.5656406565489972,0.4520475005368216,0.6629318517441612,0.3151889887611463,0.4478233342700928,0.3791517795730924,0.541208346487146,0.3886935898812822,0.5433063946741319,0.4813563584178446,0.45206460573439156,0.538864724603331,0.4731378376061936,0.39113651569409613,0.7801372989634978,0.45128328169708554,0.2782390919847985
open,0.4157901310278611,0.37327233116272696,0.5826145616040516,0.5321652659591586,0.5398712801790344,0.4629977534162756,0.47206497529430785,0.46290688963923315,0.49188068158645304,0.5835333435364836,0.5336075412505347,0.5500112829620867,0.5499558908249202,0.5884442437381738,0.5288150041540255,0.5358848072678919,0.6188806241193157,0.4334954081996888,0.4144257420048493,0.3814078400813144,0.5182914563620256,0.31462677587808763,0.5462154096059677,0.48908069054994474,0.6134639699821057,0.43280826895350094,0.4796681714582493,0.6122203333293369,0.6383135646778153,0.431984763424818,0.518178123258716,0.5294418977684048,0.5373653405621148,0.4737424340684378,0.6281383398123634,0.31102965163784546,0.4578869765198916,0.5447930732772946,0.5457224811949344,0.6352759030614763,0.6198225393201287,0.4714458374692776,0.6299871243530605,0.4285958256222545,0.5930887382791837,0.6810522478420993,0.6214944106854969,0.5105770383524123,0.4668221228227878,0.3471408703740714,0.5310539637914204,0.38847827720290806,0.4206865336386063,0.38092541992633283,0.4539607667343345,0.49720305855130176,0.5273614581165705,0.4399493364586037,0.6069283706395183,0.4791794742010034,0.4212277566734481,0.5226292267243436,0.6963552833543816
open,0.5335160566535118,0.4637144372626393,0.34725386438812955,0.47805876790279295,0.5234928125088115,0.461241910874443,0.3334615361759,0.4149434610496566,0.6454538460887758,0.6434001003730461,0.41133608307954017,0.5672756787199422,0.3821427215229826,0.6404316281994953,0.5245235847894236,0.5949641498616534,0.3284906652817461,0.5677637101924888,0.49923259363154965,0.5851929070790842,0.5914867798097849,0.5065784689474749,0.43991703609040855,0.5779696182179495,0.4939845500594872,0.4127215046472357,0.4079847768542314,0.3522835583687618,0.4489708840436937,0.6102692046074378,0.5177829799705435,0.4470232294076959,0.580485593818008,0.41675233782766113,0.5095350274332778,0.48203696272744845,0.5779130625588352,0.3422771629080499,0.4149802254185344,0.3361754340905466,0.474040327819073,0.6211427503632431,0.44945527903464727,0.44893160618043493,0.5871724424184137,0.60685495584553,0.491142893273121,0.5684714854049893,0.39230454591220537,0.6377974333925414,0.7148706293937052,0.5521215791188725,0.2915668378657199,0.4441769737602216,0.5612825321669321,0.45785170028336375,0.6272198554250098,0.5588157264435866,0.42935244992342037,0.5032264810771253,0.41061667793609097,0.4817415121587558,0.44454067595674485
open,0.6174761800233038,0.7116012056830995,0.3568811666764248,0.30767837137902476,0.47548275781486143,0.34815843011713177,0.5046211603670917,0.5748936113805927,0.6494141897266825,0.5201394558715281,0.4806844775150421,0.30216150834269156,0.5026185149185799,0.5071287260549462,0.5638956814212746,0.4291511898470909,0.45649473997641404,0.35219977446958156,0.27087071931159346,0.38915029092032166,0.34296741857469837,0.5336712295420611,0.44818659433331426,0.4461762869925211,0.4015586953824788,0.17674345674875663,0.650831074874755,0.39997294772232117,0.4587579930150093,0.3545107834710689,0.5971930343440635,0.5143428937037324,0.41736347147341313,0.4607770388655976,0.667817992212487,0.49270305681187215,0.48182664623840943,0.40586185138607345,0.3105418849527697,0.48399613264206554,0.5325485112324617,0.609958446432767,0.27515034655003445,0.3874903672976971,0.44192589094435497,0.4996519151426798,0.4854966308471578,0.48783113143127305,0.5408096058569944,0.4096706889220891,0.5934141442233695,0.5433452441699481,0.46801677358719207,0.6600907991888916,0.6556416035571767,0.5932895355193809,0.1981443229432207,0.6578945092717976,0.5794758522471934,0.7006408637712936,0.6237464591733539,0.6578342677497285,0.5878654850180379
open,0.6348693198645512,0.699412374073444,0.5216554738378206,0.342776945592187,0.46925390999848576,0.5389945599383437,0.5074887584371558,0.3753438033840574,0.3368932374805021,0.42588373313651706,0.580773955598415,0.6580339770822969,0.5916567613777701,0.6057427287114137,0.4919184426836442,0.3257917542294036,0.45447794191172947,0.47412355881276214,0.45029475131643176,0.5054694865374626,0.544141975989295,0.5853015188243498,0.4721880135633666,0.3096240594355406,0.4517122280708865,0.5043710396991984,0.6222807922133409,0.44321921578158946,0.5512543628399402,0.5290087899635433,0.5043900533123389,0.5930533319324591,0.43391588032474193,0.44248135503564834,0.4988099176905772,0.43598534949063,0.5508012291054599,0.42868076956338674,0.5226304207745135,0.48998272312132435,0.5214925964776705,0.4540258604936961,0.4660911705473173,0.509600926799705,0.5202074506161313,0.4995798084608844,0.6705362356513084,0.4009263081258716,0.49357962050472864,0.34263709778830154,0.5372081478667387,0.3884753463623186,0.4721689744123424,0.4627935674668674,0.5280891126601172,0.444720908245482,0.44046943023060176,0.6435856464085898,0.5284566790474526,0.4438949147977732,0.4749166328188769,0.6645354952270746,0.4764835121748903
open,0.4310723376847612,0.4315003849873607,0.44508735190104226,0.4405502277573278,0.37203521516507565,0.3875799903053022,0.417067962563863,0.5591571018453098,0.46187627127271264,0.47928383109059597,0.6270088025254897,0.6295007149938419,0.4717875056862265,0.43691364893165907,0.41355696863264624,0.5692775769708238,0.47952927664777123,0.46135051096772095,0.41863354248624474,0.42303335909886114,0.5320058191493244,0.3684561734112738,0.5994868693787938,0.44661553561850814,0.48503640557482075,0.36630220418594456,0.49876340617576354,0.467167905730944,0.4949919401143533,0.6471708898361891,0.517769804579024,0.4205340815854196,0.42886800894534316,0.5595131185913769,0.6298693290993425,0.528191802075105,0.5688712744554769,0.5609737723336705,0.6419064413357521,0.3050409827273967,0.5667218939304528,0.5983736043903564,0.3661276293864426,0.4114331815993584,0.41492172513718467,0.42712098036226165,0.4518282949064474,0.5242602813054942,0.586567465116737,0.6081316957768537,0.41621769388322183,0.4155297001297017,0.6315821840016222,0.5646743935418644,0.5082864841868996,0.5473336675554967,0.4970196218148559,0.5524584683047614,0.4663933303494259,0.5268804934439231,0.3489453949630503,0.4312215705174569,0.43229888232096564
open,0.4625609966793086,0.40734867452202517,0.4466456374176918,0.34855859376018794,0.55487004763949,0.49174864810886054,0.3294792392223983,0.41651700894533267,0.5336601427562166,0.445697805361421,0.4303058539861903,0.4925407322991924,0.5343597535178216,0.35636475429608394,0.555012848121788,0.41997067183926234,0.49820720317502015,0.49645798593084906,0.4472933881760226,0.39763402538692855,0.4714313451907736,0.6625330309075195,0.3638324969536369,0.6692313019104876,0.47402788289234676,0.5035371417088639,0.39132891886152726,0.4228730583322519,0.4497090349961981,0.39543050291220877,0.47910820426291284,0.4592984108193229,0.6850781142435733,0.3834025814319539,0.5102690516748587,0.5247846281901825,0.39296794513481625,0.5686827495452839,0.4601672987118372,0.25076103484169326,0.5659849612104565,0.38830591158976363,0.3952225053860901,0.5687902082892398,0.465283851758155,0.59177721505515,0.6210166095365319,0.4355071539677702,0.579326249595503,0.4244539198607118,0.7233115917132177,0.4307042995468785,0.6026087440960004,0.5843790025881576,0.5316087822108934,0.43294568385833165,0.4848602508058591,0.2846411887055448,0.522442003838225,0.5349615331028386,0.5133499419061371,0.20266938287074426,0.3734363554910189
open,0.42519090171513374,0.5291658933189046,0.5289338905642984,0.4829776208028821,0.5635245536603957,0.39737576246971,0.5610235005693996,0.5474742104839891,0.537755473283791,0.4817959568914344,0.6830743824831262,0.5493195688489878,0.4031664136746441,0.5248305475735984,0.5752483377074219,0.44118914010756904,0.6089272246931099,0.5382033705716011,0.2657521662334653,0.5299671977337926,0.45939708455872846,0.5537179814541736,0.5944214840251815,0.5195162047141818,0.6665252233944696,0.4821293115436504,0.5624817823053875,0.5804942573637347,0.49026540311072675,0.5778774307977782,0.44053270128378313,0.45774315809787813,0.36875113096636875,0.5241409116370047,0.5325251675854344,0.6179263158579229,0.5791140004355884,0.4715204443352567,0.3821820312665723,0.5432850402519974,0.6110753172414642,0.5755184973803944,0.6084477524857288,0.47881104688017573,0.45333810318243545,0.4263098647768201,0.4944103533386405,0.4921409204031181,0.5206677628539116,0.4870702542964492,0.48663722702732287,0.4223305947027856,0.5941619013551491,0.5076518062243711,0.4825556065714718,0.4252570746750795,0.36680868896089136,0.6307964192549343,0.5554638708131807,0.33760821574300326,0.5763142300709657,0.5922481170233109,0.512437612230093
open,0.6598110895751759,0.5216719642122883,0.35831764720508097,0.5365169001048321,0.524489730171273,0.4396703151221845,0.5573558836877425,0.3332334733809138,0.5990566827442789,0.4121878296394547,0.4015053874882968,0.4886175227692523,0.5432972928043636,0.5163924063593429,0.4257340834227622,0.44939107088081115,0.3866957652622538,0.477532009837013,0.607502121451091,0.49957370623561237,0.5859414254759453,0.6455401337726192,0.4411981480963033,0.4813426746944635,0.7171192861062495,0.6444343411979945,0.33275954741876473,0.5387148316060907,0.5000559992339696,0.5826453110858762,0.42550212325149445,0.4160391627959328,0.43239292847063904,0.4428071453801567,0.5815324166809014,0.38187988268511197,0.4377386100040681,0.3210987609498559,0.6007117823412373,0.6271030099431141,0.4672926569136214,0.4702050635186777,0.5453221902282898,0.6474482007378256,0.5408610747563918,0.43024580575248855,0.338117742801356,0.3884873737336512,0.5073219450312465,0.43446724767992057,0.5194967705990758,0.4447075983763766,0.39418535687055883,0.3822968368546929,0.6562354509373229,0.5888987749183643,0.6730517951827959,0.5539950900755103,0.45700085913851607,0.6323340922489938,0.4966931998638232,0.5220841770290352,0.4957175620924481
open,0.20530957807159855,0.6604735012294853,0.5491003945957753,0.532982306086851,0.4938223937729439,0.5163427820386131,0.44027210641537523,0.5616579352307272,0.36929016556008676,0.5186068432470546,0.5561573470571104,0.4801330866177097,0.5370867792471025,0.40086656077657495,0.40341732291040355,0.5236717121026393,0.5678549654621051,0.31251343444982893,0.5522020635110767,0.4456798499623663,0.4807193912692588,0.36604820764349627,0.41483827598132916,0.5966125325530311,0.5032863373980213,0.46172215982904413,0.48835116473689655,0.5489211824664302,0.5440494496163337,0.49249729996031993,0.6092959110896669,0.5970462636906666,0.5413372029130396,0.505461178291007,0.5657321095119539,0.5314267421801183,0.6060800071805947,0.5899561376738308,0.39817460985822717,0.3914036829258294,0.4298750455595924,0.5976138690066921,0.34236910032287543,0.5394757389107994,0.5362543091092962,0.6162648058686193,0.5180338690663887,0.36567906094160996,0.4040645039351877,0.38180044781021755,0.44620560336668597,0.4817098432576073,0.3834558473778943,0.6470661990652289,0.36747186280475586,0.634610342386248,0.618516303143934,0.5898302549689035,0.4306233392503249,0.5342450879176901,0.37226288664493823,0.5910907035033749,0.4926015218463731
open,0.45906797854133147,0.37762551533437305,0.2522493881370983,0.39614591429642443,0.6112798195612906,0.4597166571525196,0.48306711428849525,0.5655554358288453,0.6805668878116266,0.6325004654945638,0.4027664996183812,0.30574294285625936,0.7359614259100103,0.7268991611659453,0.5188453596429283,0.37295117544181783,0.5963226533893939,0.48920163139873896,0.488701887689339,0.5894458843105129,0.5334374746873298,0.3814185088985055,0.46752580649180264,0.5661152928661346,0.5510252222405019,0.5262016574358476,0.5933422954475864,0.46382830121827356,0.5178669775219072,0.16244208998223997,0.4550349806157186,0.5763902908575644,0.4609605532882857,0.4533772608282888,0.39585470482251817,0.6003365892729146,0.554846327354057,0.5825414597823085,0.327378603804211,0.4839549956734366,0.47198889922499937,0.47194282934014475,0.4383972456282044,0.4653895728219985,0.5849644782706652,0.308714864665217,0.6777294768030454,0.5483841125026462,0.49576681043397874,0.5906834146372926,0.35481652548315645,0.4335299094848986,0.4878924567609446,0.6365560370432177,0.4953503418873442,0.5450054671185146,0.44104210040638725,0.5486842068967491,0.6677239592974457,0.5995526691674115,0.4918544012222121,0.567549084726547,0.5577516954607211
open,0.5506587671697276,0.6111953360860409,0.6104477703837466,0.48728414031251155,0.5641879061477769,0.4616905078840206,0.40769276036844226,0.47305062442960133,0.4923721848260417,0.3338419010822008,0.5860332559416721,0.2232674577397602,0.7714816939486322,0.6501879133796319,0.47389912758276864,0.5009426360563773,0.5302971873587283,0.4410839612011058,0.5192619147586937,0.4856000022298339,0.4905727282769034,0.5181461063480639,0.36864722016460055,0.5039569724133648,0.5163447746617478,0.5128849621355914,0.47841692445638456,0.6137857775969372,0.4646347445118449,0.522732590682319,0.6297297533925545,0.49206238599796875,0.5214463267467552,0.49036153636851026,0.62373697935636,0.47422754384137045,0.6283354577288206,0.4896412105352935,0.41405402765519833,0.5679373170574121,0.46953321662443437,0.5620500899099163,0.22705956150762657,0.5005205261894946,0.45403947012425194,0.3936741313468722,0.44467589981602007,0.44262968557073484,0.49520142051494187,0.36326735387150444,0.5316273780259714,0.6366214785205788,0.5280928496947827,0.5808988609229009,0.6094562454613796,0.6236489512184177,0.6870138692821306,0.45007980017240695,0.42815160148388837,0.5783465648324735,0.57082662196574,0.5775675299615689,0.6889282454250252
open,0.5011369908798494,0.5426156559646185,0.4019611748516525,0.7135321123975957,0.4663455078790889,0.469178407183917,0.4653250108991757,0.43551041413556624,0.4270562951152351,0.44762957171104745,0.36342040719490554,0.4214682079736762,0.6948963111447619,0.5735655143641368,0.5925904176727718,0.6177208787416915,0.6834134564362391,0.3228577448556156,0.3770116884713459,0.4196276339105315,0.45302702035104025,0.4699430609414751,0.4553022447193959,0.5219308913132054,0.5035295390745216,0.427716520482175,0.28244512230124297,0.40071312946213017,0.44507613466874246,0.47529205631922805,0.3870332540689463,0.450919353350358,0.38690126115144136,0.4874180648451667,0.39269086716373847,0.41510953436295356,0.36913158690108605,0.4846499304430216,0.41335522300476013,0.5906784266675429,0.5405850266692899,0.4930148131816357,0.42025145026562116,0.5380520305316303,0.5690700889348637,0.514268841220163,0.660370185546693,0.5459637318074816,0.5913607217568034,0.5133565415535978,0.5675664453256977,0.42032187673308247,0.4541601636787206,0.534936355348238,0.5342099481557382,0.5507611822943248,0.610039289227873,0.35750288281845877,0.4025547452389704,0.5229572641074253,0.4275636368196539,0.8377768241289363,0.5515719619170136
open,0.4921669151069843,0.44845307269161405,0.45198377168069553,0.5030140661315178,0.5111981932621258,0.4543300855306487,0.47268477534800984,0.6344284575234597,0.6384504962651034,0.5252033979934877,0.36587402727632623,0.5538503156639043,0.6554282441611026,0.6369781101962378,0.5734425852809667,0.6422422955285821,0.5053384272479021,0.5628102969833705,0.431922443367482,0.5292265456155713,0.6329534243970525,0.4410576588513109,0.41385565705357136,0.5097488939023697,0.47733377962760004,0.564914772107042,0.45467404740529577,0.6718439615602714,0.37103239020389445,0.6253734786219735,0.4235150771691897,0.32040172654159765,0.5237875156348868,0.47453920139861167,0.38903906320969694,0.3318623108284736,0.4991639212728543,0.5975836891623818,0.5584953493086444,0.5056706648839265,0.5478847573217736,0.4972785867622143,0.35702757569696286,0.35791060147765563,0.4796831471015321,0.4839346713633926,0.5850982678506765,0.5757304223774747,0.560513301575895,0.47197172869228193,0.36193478298898607,0.5412071137066023,0.5525169313262168,0.2611468537522314,0.41656618134173373,0.4308945622606104,0.5118350201123436,0.4196639567234306,0.49618654311753596,0.4789465059647008,0.4840850528462272,0.4283605706299254,0.43610149459333225
open,0.3919732940219307,0.5380067440573832,0.5571102628591368,0.4229382049874661,0.6520640096017045,0.4685398552557951,0.653018562379656,0.43578728261683963,0.2973422223400565,0.5402197824912351,0.5248545105118987,0.5034393795307583,0.4357767521556011,0.4965427774514181,0.44887405421304727,0.46976504336682495,0.5841632255765075,0.5184217229530094,0.5609951387331977,0.476813149337421,0.4657982654195225,0.38465174691113563,0.4629963387431803,0.16788854444108608,0.4409778033694365,0.4918125822809161,0.5563673654270156,0.47313221224750435,0.5347673542245,0.28202113386097544,0.49431631477930504,0.3320497207086597,0.37916964843406675,0.4812834452136139,0.6276263987873555,0.5371206763470059,0.5018230997137118,0.49804696105328977,0.42863711067955323,0.4456016586627316,0.5427376045470798,0.36146394815555055,0.5593054050283022,0.4611492932881147,0.5825557074869565,0.5961093457232083,0.332691598749426,0.4418419236772782,0.4144472312059376,0.3187272034926857,0.3967466723790589,0.744125584526534,0.560950989621244,0.6917287968605754,0.5829098440018335,0.4258156838991525,0.46182288033259566,0.5588436180240307,0.5437506203473036,0.44226579842916663,0.3490006829420793,0.8287761187388739,0.4858850327657194
open,0.467426110681738,0.5113334463905301,0.47572714106889713,0.5122728907705484,0.628694728611642,0.4875451520313576,0.38372895606722385,0.4838356205521389,0.4535598218590089,0.6423898937246851,0.6171119064737571,0.5107525000430799,0.3721264145180744,0.3774107736560054,0.5015123261584553,0.5336322969321281,0.4625377180673945,0.4519830415792766,0.4407200766821353,0.49766060397560535,0.2617237647926935,0.389867337123029,0.43729491545526494,0.6207503194951921,0.41861863580710706,0.5180468141831206,0.5226542750930996,0.6297916505660762,0.626257740696415,0.49424970312050837,0.4524515258810557,0.43361668971743095,0.4758936777534219,0.45659666456764003,0.5553627409358232,0.5420309817485205,0.5591801191145016,0.6259283711436169,0.6862869121400177,0.5124663393407557,0.6099463771395653,0.46483398161657846,0.6185006983583016,0.6061509157175844,0.6008415969942992,0.5094069841191524,0.43316418360091113,0.36054715621345235,0.4959962792478901,0.6533012542249184,0.4690155098635927,0.5785126585460054,0.5843951400518931,0.4716313779072827,0.631634483751952,0.2091339255519496,0.3777249721261825,0.40843677036415404,0.418028497713261,0.5336262951185895,0.5290037803053902,0.5393990572175008,0.5596081494132487
open,0.40498954308543506,0.3781823933192681,0.5396319682007863,0.4369767926353561,0.34295249546320294,0.5971344284541482,0.6395101906502297,0.6557160889698659,0.518700772147472,0.5625932095972903,0.6369868223361911,0.4358584209976566,0.6110677684054092,0.5275396234143208,0.5913711652342591,0.5186093020875935,0.6296256709748002,0.5223523762541536,0.35160209405325826,0.6451926632314722,0.40524692590278877,0.6253058210243915,0.4909757118559678,0.6176010985197706,0.6134768614866766,0.5430142974315372,0.5508535317627131,0.5422628617192566,0.2986175243718922,0.5118330218898203,0.3883935823928105,0.5171187143745662,0.38570574536167845,0.3815048058773925,0.6604934501753902,0.606944738812419,0.49958574150558455,0.5184768650249024,0.4752083974256991,0.5569876375979523,0.4323945633451195,0.5993740262867957,0.47469131589858893,0.4580153004168771,0.5021713018484842,0.44088531700743894,0.5328682349496483,0.44626374106866,0.5468523602818836,0.6216006538911476,0.42806783131918263,0.4869424542704829,0.5461330713035422,0.4564142645018593,0.5464320560826665,0.555539886065174,0.6083261776294304,0.4394009953915088,0.40572247597695255,0.4692422610436256,0.40322476604529,0.5564498204047497,0.3838248699823589
open,0.7333016418252688,0.6295927861573751,0.5012575769600314,0.5867394492997976,0.3363198135689208,0.7523373331399559,0.440978538779951,0.487950258610064,0.3144066712811563,0.5486287304740894,0.3893655842922891,0.510165576156603,0.4455725567075462,0.39222560650696564,0.4195638498237383,0.5225788034085521,0.37185090271311755,0.4251188328976423,0.5663273381264478,0.7602479874874313,0.5477588819553005,0.4082738357822713,0.46328858299276887,0.5031589006152578,0.4650575049364293,0.5903058166736933,0.5217473483014224,0.5907852384909871,0.46855562097023706,0.6325500219721256,0.4833514415718454,0.40288101308620083,0.7177320381042221,0.3175022253038883,0.42612612746950723,0.43729721481696054,0.7508306273056564,0.6806858884146512,0.6493928143642198,0.4669341337623668,0.7426178003841775,0.5368352003840972,0.5977263370303122,0.5179695381106207,0.49505334286767483,0.47482213260736206,0.47903600065808377,0.5608491648678079,0.5367199798775388,0.4968528629796316,0.6509523992698855,0.20332469312592694,0.5509887247921195,0.5717738706658979,0.614696286825517,0.49351285589466387,0.5207920067383958,0.5985948383314721,0.649116640428018,0.4699464014821232,0.526697578312756,0.6678573964348757,0.28759729241211485
open,0.4309987400185415,0.6465835978602963,0.6092537833608304,0.5522445210926694,0.455140312689088,0.41181815010145806,0.4408784380757626,0.6548008220818693,0.43715573108446537,0.5101422964239658,0.42462923551382536,0.5842774030099027,0.4461273719653559,0.49024061098455857,0.33166178669571744,0.33866317637950605,0.5007673193321507,0.3674842844802238,0.7105086639334502,0.29384768878877504,0.4199824701335896,0.5016700867267551,0.46348670622042154,0.3895854543336081,0.40420721605047316,0.40093459225007616,0.4713278305179937,0.6951929089517423,0.5077937296558209,0.6182900489387524,0.5506976345828142,0.611386239798222,0.2200035697406414,0.46955419788517705,0.6307135423150714,0.44282641772506665,0.6762473164869612,0.6483890153767762,0.45308692838725373,0.4496836480953643,0.39863941576455314,0.43704057681362024,0.3767410935831085,0.5428811180433005,0.35439535066535666,0.5603733016190222,0.5628078696900248,0.33387955948160775,0.6549818606328339,0.5513609294415222,0.5749698021444869,0.42413347984572275,0.5622379118473119,0.6126393449722065,0.4901391600995323,0.7001922459248361,0.5044064634912938,0.6140785800452475,0.5293008807258655,0.5585521532856867,0.3328667732365228,0.5371053738215363,0.4265024898742734
open,0.4153601694222312,0.6744103184465978,0.4786229751937651,0.39966981690245035,0.46408683718911253,0.3699549771078086,0.643388446819627,0.4304319255833485,0.5529299933943669,0.6356106714210326,0.44998473187852706,0.5532022432272786,0.396991394509557,0.7445769569113684,0.5936380134616622,0.4807393561239194,0.4227166269111036,0.48860034471603736,0.4660016277648481,0.6952944553999507,0.3774465277785098,0.5134801423290204,0.498166193336629,0.48825896996551305,0.4891383345061658,0.4883929189879517,0.58730660663321,0.5608984446492435,0.5418911611372786,0.1966010637854731,0.5299794874163164,0.33443606398299175,0.5646320163135825,0.6474497367570515,0.4073760887411449,0.47382192776572934,0.4400644294947003,0.6235431775756801,0.5095027885272073,0.6728329380566334,0.5413754202947387,0.5242450180635819,0.5068206782602837,0.5817992099257336,0.32623138017546566,0.508534395552051,0.49299535562720354,0.5725418827157767,0.48122983941259634,0.39612655658373297,0.5007350674919699,0.39171594711316565,0.3074737787412515,0.5727122481485493,0.557906157269467,0.5467090943993574,0.6302928421945811,0.43349681096960746,0.3568885857228745,0.49299702231919557,0.46524997002940893,0.41577042832299316,0.4920150846512204
open,0.43883948537954154,0.31639947166431687,0.45588233092062397,0.38636248332961426,0.5231648071610923,0.4343965241759345,0.6111631474141052,0.6603866067267866,0.5679381373011906,0.34489738180166796,0.650519599887904,0.6575720450373765,0.5018790511307941,0.6322926160335532,0.44483248619533217,0.31337540651504103,0.42397155613784065,0.6729300866044756,0.35089200763885264,0.49995212819314944,0.5034143893340213,0.4487025756032188,0.4556478400162885,0.5072249134236203,0.4437837658065273,0.3577941502832069,0.5215031942943456,0.6073366582444972,0.5869572518653421,0.41902645326101884,0.3748772084622324,0.47158121178452217,0.6567791509795664,0.5645598078959546,0.5703964676794233,0.5889856951785495,0.5420766562518586,0.5120608547613579,0.5662306896647968,0.445383389578198,0.3585536988633679,0.5722996934624324,0.6237738105749225,0.38817680606439686,0.58219214824159,0.668076571338819,0.4997753798242879,0.4181997815258254,0.5123018673526756,0.44494660317992984,0.43832698900435985,0.5433184067271543,0.3396270524970104,0.3556071077507773,0.5019290880373943,0.4977691461087569,0.5343554577039936,0.6875225388483388,0.5104514036075821,0.5598172150334795,0.4024467064385368,0.5767937663516537,0.4473609134889322
open,0.5071420832581093,0.48911513749308383,0.6032974234914031,0.36900234456250003,0.27167613653849604,0.47865673029120753,0.5468531256905124,0.51522693758075,0.6232204237413912,0.5437372674179668,0.44361516681401403,0.267457984586032,0.47626877658047817,0.6027959002257798,0.4607952217332885,0.5028320263677765,0.5421360254306709,0.3984707625750184,0.5623235896638817,0.6637121790001705,0.4827186648106594,0.3870935578167698,0.49333989729780264,0.2775615891391131,0.5336903263976616,0.5452274377648578,0.6675636293845563,0.4806005207433375,0.540848533814647,0.4138711897614099,0.46435728794749215,0.3474814563337802,0.48052103787167644,0.4694690846481435,0.5299199766088896,0.4376403119667361,0.5083345350975091,0.46666199443923345,0.46685006117004857,0.508036232596303,0.504052294231701,0.5761174039051639,0.4879356965870165,0.4650114650876997,0.4819192554912774,0.4285335883159007,0.46400889064333284,0.7031158713073231,0.4087321239304133,0.4721343666120691,0.46125113367303094,0.47528283877556005,0.4668760691121605,0.5279240101221,0.32898248986082057,0.6037171472532005,0.5632582799642197,0.37571284139368655,0.2730922727047599,0.4022927853858599,0.47573335385728777,0.7580291898690775,0.5543256964974274
open,0.3192410350818542,0.4310344495099056,0.4946787563727017,0.5253683554298096,0.3685251139689577,0.48650097720229385,0.42823608623894593,0.38962414373976834,0.5259595646698954,0.5773877173442823,0.5841041276961619,0.5574386351133876,0.4502630466859737,0.5714549761463505,0.5309054438104288,0.5133941882952013,0.43883068782982015,0.45031238726584716,0.5073886936124554,0.7439874466985501,0.530124248009139,0.4388811497749714,0.4167610555030557,0.45082333873437974,0.7177293447549066,0.46007433540540377,0.5906870534610285,0.46240717545286436,0.5261184541279629,0.5791745274008723,0.44280971501900757,0.43588883458472305,0.6658869694455329,0.5984592894895797,0.5790672318690728,0.5787276293122914,0.5459575488311066,0.7017775813175064,0.5043908301877157,0.5577262367200919,0.35490870714059874,0.41750393134087593,0.37991810001649595,0.627406358351615,0.24474598479792503,0.45976899772472773,0.2006293397339377,0.41687121045181097,0.45090510502681336,0.6384871093794044,0.5396627939221457,0.41668584766710337,0.6065963719731826,0.5017832254529757,0.5037566858707252,0.3797328492228008,0.40099862860968605,0.4174902700054476,0.5046461273154189,0.5077885726980674,0.6544092663524045,0.5385055167937834,0.22924343063278918
open,0.526264198787169,0.3549983643832467,0.40340290753884633,0.418783052827367,0.4336661676487698,0.36248506079596965,0.5203482003452288,0.35891977149090404,0.5356667607249846,0.7236971077061629,0.3670640941065936,0.4715489695660778,0.247654263748753,0.4699064707029867,0.5642717152631483,0.5720639231357267,0.5077363730284097,0.5889263424758976,0.7546054535942792,0.6712304687437599,0.44774790705903633,0.35488960135332615,0.45938485834261966,0.4053017234382652,0.5451347547864632,0.3818806460570502,0.4927177567409658,0.583801405453631,0.4899304127182823,0.40536861772522037,0.6174814057585691,0.31210190552461725,0.46722049441225366,0.49583399766186653,0.5015908658399632,0.5180496056078081,0.5610439819809493,0.49645925609546493,0.46319417178563194,0.45924106553403043,0.4388484197961645,0.5787543324326865,0.43534715205234853,0.5846771109008244,0.5018999082259871,0.44787451931438704,0.5618407215744134,0.4272546075276882,0.5638184040728212,0.5212726121191785,0.44036753109080795,0.5528634815334559,0.5546589725688639,0.6157519605809958,0.5966147012409296,0.5491274020726283,0.38724090487912366,0.7448586988174057,0.35963837889281897,0.5949263174282309,0.5431283816886299,0.38258576275188855,0.48756990611215006
open,0.49212471137553593,0.6305582715810524,0.4286689099719788,0.4738054993575646,0.2663930394978737,0.6734762793123578,0.3929531756979929,0.5326910864239175,0.4898592170278136,0.490199903321666,0.5809861984870875,0.6671262460303635,0.5251493669941991,0.5655078017630526,0.5328891536727041,0.6017531423930627,0.4537083620513673,0.6075390554416414,0.6110499865647384,0.608253700868291,0.4339852132663524,0.48316623657628094,0.5239466988780435,0.3629157955170994,0.6594920208086015,0.4987723466497824,0.5283927887604721,0.4422995560272797,0.3673122440632977,0.4395970114525229,0.5219204187633588,0.5673428812753694,0.516179154060272,0.534672401624195,0.4662973625318623,0.5496248566245429,0.6482832866385907,0.5704789442438987,0.580954188825294,0.5294016399306631,0.3496844930400398,0.3955333469368757,0.5454875800663843,0.4989060948039914,0.5439842886472828,0.6676423417844074,0.5726035999229334,0.6258886205742822,0.509468138947073,0.41927843225155603,0.4942133840785659,0.4195248186280862,0.6558294956772448,0.5790391076535469,0.5520512496628279,0.6235943202228104,0.2979943585476774,0.558813795134266,0.3689354215695627,0.49927443015343387,0.46882924075327853,0.5661736612096948,0.5228187288960955
open,0.6345117173611788,0.43981028390673865,0.5709114389633284,0.5162223216898832,0.33647097299284473,0.4081383541476967,0.48501219664778317,0.6112292449891727,0.5463723057557115,0.38324991761192856,0.485968377195284,0.701780644879303,0.5111223334840858,0.4672674424927604,0.549173964075622,0.576339307958197,0.45438316525199407,0.5502574774371437,0.46711105033291905,0.5719327601829438,0.5169693157971283,0.5481967827052893,0.42408164538324955,0.4178713615927141,0.5945497304659395,0.49206036186145063,0.5285034742099362,0.46936045729134807,0.5898726774013644,0.43921900199703423,0.48643987600991173,0.5785992812703131,0.6172967699164266,0.44762407089733164,0.6959683981955883,0.5313241693693617,0.39570717381912623,0.5369052048589968,0.46170007855165424,0.5434068487183177,0.4957143752339662,0.5074273690190145,0.4088406623413854,0.599006123071636,0.3843872632848968,0.3891235104595005,0.5367360349147486,0.660284424717797,0.4647406902935593,0.5700972322703965,0.6073340176863545,0.5814684437294069,0.4688791710826319,0.39089532828059254,0.2792452434328645,0.47371595005376066,0.6178087368562175,0.3875834015238066,0.5700209847518766,0.4049847469948128,0.5106072576386839,0.5707791614155018,0.43405045631615724
open,0.5170484680696914,0.4584908663274671,0.5705148658938177,0.5235317168484637,0.5056507674429267,0.6558349960141978,0.5662306142368302,0.4309648133873711,0.4914136099202238,0.49241012149203395,0.5080319572625211,0.7524509276607495,0.5370851892710997,0.2964097429895224,0.4457201028283035,0.30676279125041916,0.46702017429541604,0.3012689770273571,0.4128409528931572,0.34792784703658797,0.5384160177967477,0.5000539362628879,0.5302962307498731,0.4895448611431474,0.3605702249795582,0.5513521369254736,0.6922224560269453,0.5409212578606547,0.4574075400682434,0.35719328238945547,0.40919330292400347,0.5453039656572058,0.6073118026799376,0.5260866174721976,0.5799887289705984,0.5707678244027243,0.5506534391385918,0.4341526404738744,0.5173923511975153,0.4151622196117862,0.5017428952958102,0.5330863531066912,0.6678783807386854,0.3690268025632368,0.5481507630991306,0.6481236591623595,0.5758847765838797,0.5832945442825042,0.5587694901867812,0.6298334489775417,0.3912521831887632,0.3614073334029754,0.4993665859534744,0.283883789642829,0.6230645804178011,0.6220715195495441,0.4566649444915474,0.46292294033394904,0.49276525248493286,0.5052020650439619,0.5127173919194286,0.5558232106878304,0.4827373646991522
open,0.5943193303477794,0.5445947777125303,0.4393036554127364,0.6335112667804097,0.3641743013877513,0.4907834189178524,0.5966917401075468,0.42769268950878553,0.5309555646767151,0.5543339596999048,0.4139476132018761,0.4927522280405965,0.48434961697907897,0.4448262148167707,0.7301674852050775,0.4236893646554524,0.6004930294067883,0.4607198983118858,0.39133638111147184,0.5102814243155069,0.56490933843875,0.5920509575065679,0.656226511065507,0.79452462899351,0.5250514203755597,0.4336907826174612,0.5452874326794891,0.47337870495935086,0.5925966129852229,0.37028357036342785,0.7368334542400438,0.5856048094775512,0.33159959822038354,0.4290971097685028,0.5816081044113939,0.6176344056171454,0.37277623727680365,0.5713025850432949,0.30526601273380766,0.4910664134528954,0.6112046842103207,0.44484842698970195,0.3493077700861986,0.514621479637756,0.4395281133364522,0.5629558366065835,0.41146735677819396,0.42273631103468995,0.2978997679123756,0.5169944711051483,0.48390950617234013,0.3811615329259929,0.5193798713767092,0.602707030064414,0.478443205658105,0.5268166949821974,0.5273311249585164,0.37956701728210396,0.7056585820707596,0.4529150169877716,0.5656116201860271,0.576921527722905,0.4860404872884248
open,0.5606795025059634,0.5245819221816389,0.3582360242772594,0.4667727298749912,0.4387449097645938,0.4538254958653873,0.3695996822163362,0.612643371674603,0.6601992654613413,0.5978002975998409,0.6270529224147143,0.46553651629918436,0.43637431650139635,0.4221412953188288,0.5644064922957223,0.522706305314415,0.4922778288401574,0.6295148544195344,0.5404941353815343,0.41613423624794155,0.43190911708643054,0.5681993299254146,0.6041732852654598,0.555168023225597,0.6896888747872081,0.6635007165731419,0.5441035834850763,0.41614193405184974,0.3690012488268232,0.4612618254985285,0.5753213446416157,0.6826647079311938,0.5417447034410799,0.6168722794231236,0.47546925138121976,0.562276912522755,0.5823356829477173,0.30204057241474713,0.458656119762349,0.594970038427787,0.5274468335636565,0.3803484951849067,0.2569877624272644,0.4634219254697994,0.4928414307106121,0.4116077050171655,0.5143084937027994,0.5506386747232894,0.5670687170726233,0.2644081075067678,0.368571490219188,0.46953773516452646,0.5572173131037463,0.5489234013550035,0.5471869947876675,0.4616582058031068,0.4672366562690039,0.4271670731578259,0.5768194128105848,0.40795112122604216,0.585003639518957,0.5207853238137646,0.49549555215448465
open,0.4343289600223533,0.3644458138835873,0.43523472436219546,0.46699931313751136,0.26309756884187485,0.4802644844665336,0.5924357368026005,0.5567217905433872,0.4503794124258492,0.5046936298415228,0.44438354305780003,0.5148760733335697,0.6540107823744031,0.5968498802624876,0.5520794305692753,0.4507115087616282,0.5749938392944839,0.3313123048626947,0.47476465180091093,0.558371141982395,0.5740421214047752,0.5669884490215741,0.5294830689209694,0.4804275020916117,0.5537975969826489,0.40471389594136997,0.415532273670675,0.5061734676460297,0.5173197642708748,0.3174384821435353,0.5455146380949518,0.5772728377919394,0.4922714762533705,0.7374466283283992,0.4317064893684814,0.46389128366131305,0.46049330938727906,0.49238123887089824,0.4671275187033709,0.3593189455395128,0.44534517037635246,0.4902379304225924,0.6228572082061997,0.7202243273372914,0.6335473897850654,0.42246209703273935,0.4304190389373834,0.4840671422490649,0.6784558888853587,0.48345759478181066,0.36724925094625693,0.4498822863046965,0.5757056001819417,0.5689940276896087,0.4799783333508344,0.5683414673560031,0.2726827797453168,0.5103829235032697,0.586068542136863,0.4167136724845465,0.41636614635037117,0.3133551847236524,0.6589895594810694
open,0.4279846022978433,0.5241043277862112,0.5603917041483375,0.6512067949141453,0.4846102226014365,0.44605702062215813,0.5173067648570554,0.6284080276542288,0.4829827468599216,0.40451309184159234,0.3459242191684637,0.37787026153947745,0.5864391497406665,0.46793755236931883,0.439247909007929,0.42840327768160574,0.5085045860200181,0.47605449062344163,0.47268678562807476,0.6349323927810739,0.6538016281861634,0.33899783270910033,0.5327592731142957,0.42231379013786075,0.4751748886138906,0.5309278385126694,0.4787280083069081,0.5230459880627634,0.5672970206031918,0.529457680054032,0.43531636958323766,0.4370800393029676,0.35602947033819643,0.41460797024792817,0.6962068361898528,0.42079964259047553,0.380662118755618,0.5319927861844773,0.488963524070814,0.4804406763150775,0.640904596641209,0.5549126675558365,0.4470007068296524,0.457552408240822,0.4497413486094315,0.5874739621580257,0.46918523705468623,0.32068464975458494,0.49516803212656557,0.3462973998872071,0.7184230601754902,0.4034332086152769,0.48381352346422696,0.5258202734701137,0.471134183932077,0.47099695985338075,0.5421827286160877,0.6526215958796279,0.5767509081817297,0.6478513878573543,0.39533808919064983,0.5317362633255361,0.5155246052058279
open,0.5351091291676735,0.6376231970635573,0.4779210850207946,0.45944966334459125,0.5533980797418664,0.32217972724341526,0.4763147950877822,0.4865802310714547,0.40796413836930745,0.6057059011356577,0.39377596826567157,0.4864126951636204,0.5293157225322969,0.6353451561476119,0.49894435651191466,0.5936153594128211,0.5700595397277127,0.5123457556169142,0.39104865917265447,0.35654191390956513,0.5106505401419187,0.4457303126097386,0.5919261091681292,0.5745856518098578,0.481538900556295,0.3842287076058731,0.5510735549607273,0.398205055386485,0.4241536077069135,0.40205842617848453,0.48614989780600465,0.6170192334070561,0.4994959129776471,0.4556781307572304,0.34743850699547557,0.5552124584729843,0.42195953940713726,0.5117517619158096,0.46457813840833595,0.5838177219599437,0.48427636079714476,0.4941073645476948,0.548574714745546,0.7106940182263186,0.5888446930358554,0.49113938936513907,0.5003197990615288,0.4475140539675565,0.40500042964803046,0.4447249212933678,0.4227851036288057,0.5653368383795886,0.3928805142131014,0.6333210561380045,0.575204638361883,0.5020501729367668,0.5000318611465069,0.44427186903854465,0.5270084411347764,0.608809246320859,0.4296843537744186,0.346660791108127,0.5703218254856743
open,0.5324365974243801,0.38798011985588204,0.4266608629085882,0.4140895725949859,0.4275467730965751,0.4676317245958812,0.47334526957192524,0.434920634493154,0.42418361805000715,0.47712156560806185,0.5167691534859561,0.46837034636351554,0.6158667023341302,0.5508087714420786,0.3409154143141304,0.5523727765413854,0.5605543982585582,0.45652650318758087,0.35048024126968447,0.5008066759411136,0.4992291348517756,0.3878353763466805,0.3548780783740064,0.49124464535465606,0.4766922807949178,0.45827346346776066,0.4916589265253439,0.3897223626179681,0.4565179387133886,0.5533325030614348,0.4650029919648711,0.3328027528207448,0.45273077222764285,0.39298415364931394,0.5267136296461731,0.5318837403380425,0.33412253749139686,0.5759012970582189,0.3887813698721442,0.6559182290482352,0.4951223735499383,0.3753606501460838,0.38580139293073185,0.5348095291787345,0.46087001101016223,0.49033460903818593,0.661278023269704,0.43007559357709246,0.5059962857695707,0.6419844487373053,0.5270513475466401,0.3393397264641994,0.5505389011732137,0.3836997142216556,0.6406807528732965,0.4177132395002022,0.7969509507745665,0.6467375988327678,0.42033874303720214,0.5020013805001611,0.5753644281633463,0.5783660474226708,0.5442336259976197
close,0.22521590369661101,0.08770310533656306,0.06332823314239669,0.06531360120753894,0.18583732319721274,0.13651810403026463,0.12912836656902565,0.1795234249257182,-0.1051052407853855,0.13100688238751504,0.12185688888737158,0.26688080813007053,-0.052858798226366716,0.2557186632376758,0.10754091289246659,0.1488989530660045,0.2675918787609377,0.15607612680055732,0.1400368289462561,0.12422911858023185,0.05165218650056231,0.09715108754896072,0.02844872338772514,0.0955433100574518,-0.13359306970550966,0.14290395675675488,0.08782627462163746,0.06637962633332357,0.12197580839401433,-0.04335639229654406,0.29292699966212826,0.08972325385124004,0.08541555670278105,0.003460378986707771,0.10239463824492613,0.23869598902732805,0.2035916209432034,0.18544377511405563,0.15463989516672716,0.06414574724373903,-0.04501631670367018,0.0798961228133365,0.07641285354663228,0.2048794439671241,0.13093904424598202,0.2612311527903548,0.21974885400381747,0.054350439049590436,-0.07951291966198684,0.23855752339414812,0.23593852232307444,-0.03662115909022262,0.2509240019827501,0.13821171705925178,0.11606854981256531,0.2614783254247327,0.2344685173230615,0.1651330951995204,0.1473217065811983,0.1616394290530359,0.05999425661174741,0.0944898550267679,0.009768284540545735
close,0.06669602242610811,0.0633366121331067,0.036469463037833535,0.11367465026484631,0.06760191492994228,0.1502234720351974,-0.06223206132937653,0.08866452058927003,0.11315516401774958,0.06893707601631195,0.08276073001907688,-0.05852460107298574,0.1356477104669492,0.16476059825670705,0.1493537294203767,0.2038727059442183,0.1201529605782502,0.1478681180650937,0.11560907384568525,0.16875507195924944,-0.05772296361321222,0.010641903202198905,0.25868996570330915,-0.14604358220962052,0.08598220701746562,0.21722749596080682,0.09067393344582354,0.059498892854930256,0.11294216768153005,0.06468798199975534,0.10308494927569392,0.03166189634798704,0.21086744199557242,0.2423264921065661,0.08666096778883775,-0.03864894206912434,0.04761568296866048,0.08160113398970359,0.15055388769032083,-0.0008013223170677958,0.02308376813578493,0.15106761378588074,0.19389088320395578,0.03784059548293159,-0.0333217053950996,0.4284118201287884,0.17833042370887137,0.07329962382329684,0.18690312755308397,0.08755433702855779,0.18671568891001863,0.11593931977762223,0.10912718981675733,0.08864181317692114,-0.044738133346308995,0.293809489939314,0.0058466079732256565,-0.03600235763105947,0.07871401172436328,0.0038528186489493327,0.0948287209439729,0.16877638485617685,0.1995302900529223
close,0.18147307216216818,0.06943679452143198,0.10495918276615859,0.1407879050897491,-0.07577874239420726,0.15705847001198597,-0.045729928758383165,0.30403465989064893,0.05954849153583047,0.08151248228054088,0.02302929007621446,0.03700299681443103,0.327409356914324,0.19403696886232977,-0.054920244514783834,0.250421290068523,0.21932422751414316,0.07187875377117116,0.13066969420298377,0.09850559205789258,0.29725799044469325,0.02037098110079097,0.1146010609775727,0.05718546690071953,-0.04330404046178543,0.3191638255054987,-0.018156657910241236,0.1220129187487776,-0.07407006063803354,0.06009294607569068,0.14219688214334575,0.017526602049763723,0.15868018507356552,0.07309589081119176,0.21600825123986134,0.23617609133402234,0.041325523926998835,0.10767328593929569,0.11834542264722328,0.16193492954346986,0.10143819962442657,0.11902109593428423,0.07565935252048805,0.11152398669720184,0.22979401935351326,0.16460832412118542,0.17012556394433692,0.17230703241355783,0.08461912221189645,0.13188270435795305,-0.008517367833574457,0.2268807656316957,-0.17829604323432205,0.09128516076645748,0.21408959771502745,-0.036386793362934156,0.13997799176168513,0.03192335534209732,0.06311967348111314,0.1945940960639438,0.11980569258851503,-0.10343558678843628,0.0023574460268401543
close,0.19753357348887596,0.14489427181929976,0.27481355725242845,0.26826475940132977,0.06577548698532082,0.3503237805069489,0.10244796698519108,0.0037331465590974555,0.03663601340894228,-0.12567251052894188,0.2607019008249281,0.25947619890438633,-0.0015507438813320978,0.0772115711618094,0.10956075441125776,0.0039646947857886194,-0.07551020312711618,0.07896423962230882,0.06789205705407532,0.061158875901122484,0.12227160626009648,0.24295196585259923,0.0696907280308274,0.1170442998721363,0.1726870523744936,0.15541429265127488,0.038557647555215804,0.1096377123114036,0.15475398201690535,-0.012835133751077768,0.2263539010796508,0.24315889052141113,0.02772197445555062,0.11936700183481688,0.16422782566710317,0.04543858436712474,0.14816138456880945,0.11632556262921655,-0.046791817763880084,0.14591613159785582,-0.010014241627103584,0.19392028516620474,0.03287889248661112,0.0838714566338855,0.2372278913446575,0.14963816465288454,-0.00794739195745453,-0.001491657079908365,0.04006972113762746,0.13946440833566662,0.13582998149327682,0.01568976953371308,-0.01672094856143591,0.12815834050858343,0.0818139934209838,0.31572158874477374,0.1036603656563079,0.2814252827700275,-0.017038359810434,-0.05732129395617072,-0.012008513252553449,0.21891297814534663,0.27561015896935337
close,0.021782054604736603,0.05394339702404424,-0.016898091021249978,-0.08116398471183872,0.17184116977766298,0.12230203029621632,0.10104879826738755,-0.04000565371633799,0.2639956681828661,0.04966432619505269,0.1533626424816476,-0.045456140524472444,0.08094748103799626,0.1291374456238584,0.13270752180533077,0.11546485432366252,0.14945224920487726,-0.01305204560329612,0.11973726054396601,0.11137576834802775,0.12316726841950609,0.10723452173191818,-0.02732127739133977,-0.03177997521089737,-0.12142681858845514,0.18175345098452977,0.18276575097351988,0.18435502912221205,0.13067899624614518,-0.1133119217718111,-0.002671049178526605,0.1170415417593112,0.11355180027917955,0.07772517868479789,0.1368917202908247,0.10116517076852456,0.11207704655513617,0.03609346671679839,0.19820109861215904,0.0569228391319616,-0.03306490830206263,0.022900098718127135,0.06515338086380197,0.1994002788368847,0.0957732001565207,0.0813851781034351,-0.024866342476262737,0.17854825898295765,0.03480478459766144,0.08999721410586642,0.24801830768818647,0.15087633310493045,-0.06282540477151743,-0.07695102363524722,0.0935689549880754,-0.021274061487480497,0.1648546747632998,0.10422630649649793,0.1165384769023863,0.0293256818357647,0.27413836552867055,0.38425937280104594,0.07214152762432853
close,0.1353039248415001,0.10974173430643126,0.07403131365589313,0.016792953226720336,-0.00849679874804772,-0.013559726552552415,0.14052400255491454,0.04803255217963647,-0.15782928501405305,0.14448582205983224,0.09617387175358443,0.2346673001401146,0.13731223970910095,-0.04786735963102973,-0.12296766407299811,0.028052761566206272,0.037489257930634734,0.1943159201000167,0.09911290677104266,0.2133688498098509,-0.032483305570263465,0.19652643843804482,0.17209891534309196,-0.10182341114311963,0.23226178412607723,0.10934584917663528,0.1392044503868506,0.013510388757157737,0.22752470129219726,-0.018585232923886988,0.18320920183739461,0.18206074759086713,0.0025832571827777845,0.2983373599422574,0.12315284802175193,0.16538926102710244,-0.05271207953357557,0.31177300030085653,-0.02245569402250898,0.20248864327659305,0.0005228282068304585,0.03810111971523174,0.1788754043885447,0.20275527136751573,-0.02712842491141021,0.20904721690569938,0.2044980495133194,0.006204659115510755,0.259864759359111,-0.0456857628248038,0.03752274172223846,0.14790026240919887,0.014643371529739352,0.1263819085679341,0.12410760788032953,0.08129257300772795,0.18324005385905598,0.07716392073423609,0.12315410688138057,0.21464718774879027,0.17906862100258406,0.17860172908142086,-0.014917960221678017
close,0.1524792575501322,0.012150120903049524,-0.028141497977802632,0.09282936537150317,0.009570481334841022,0.17906177188399774,0.18145354596953242,-0.09026262364314419,0.017169746042311,-0.04597866719179988,0.053737072340710935,0.14551756698688245,0.07577119018216118,0.04102407593328647,0.23001765268131394,-0.13048571725962885,0.2236871893518225,0.045571170684451434,0.09218909898872105,0.047263666227989144,0.25428881055391184,-0.023097849680525945,0.10117363697219359,0.1527438651859997,-0.06110027678851676,0.008010182955384637,0.08518214665017709,0.011333496531562529,0.018440822878085003,0.06501373369235626,0.16495813316461733,0.06572822231218556,0.20784261944729465,0.00022422173406452806,-0.02519222604734525,0.2926345405721134,0.03420418723344887,-0.031091200707215993,-0.07420539417718305,0.2075103453808939,0.06586954853399407,0.07462902649336016,0.08407982884133605,0.20129428846697814,0.08204701660240796,0.33440537788326263,0.11337605740542293,0.2061784766958321,0.18052398579044068,0.09635526797419623,0.04130290139795367,0.13319639285665538,0.1510098731207273,0.04274139518734728,0.11663388659506559,0.2236204978259596,0.3069947739069679,0.18543693203494216,0.28627596863802823,0.03706257887935442,0.1701882252059294,0.23385195085812724,0.010366666702800412
close,0.051440988795499076,0.27379047618352503,0.0024901144213060056,-0.03411300326557107,0.25279815736395117,0.21967632249804386,0.14321202439837694,0.09542892453541725,0.05614754943950181,0.12819488738090512,0.25798069574015503,0.1238566126142076,0.3166959267246966,0.010205801435976963,0.09803192456717306,0.06269413323360845,-0.008514154316233286,0.08469162669903446,0.14173293016604396,0.15242301799520303,0.3170452178944556,0.146446746972356,0.21501368036796162,0.1066094246298976,0.26780556004525957,0.339844928558807,0.153108513097595,0.000734098454841875,0.045119497722283165,0.12819343032051622,0.1456498035250646,0.1698425134384372,0.1460197681230041,0.10069849162559387,0.03638015587978714,0.14011382612642295,0.28549873574806567,0.2019928605427755,0.1534703949636198,0.20295669238227512,0.06289359710991475,0.049173485391667965,0.02522148956340181,0.08747133772305621,0.057799410329091985,0.22082747406521394,0.052467658231781115,0.01972782837750836,0.2942577178830632,0.054862476891865644,0.1153528457250351,0.14513228247434118,-0.01366931189208151,0.22354837695030694,0.16371190404112276,0.2558384011880782,0.03207780627818997,0.10991257924761601,0.10393557549941954,0.1263888494350022,-0.045461474857716094,0.11108363786922225,-0.04264639114237451
close,0.13583340711969216,-0.11286491245185198,-0.08515868342905866,0.18185487164399985,0.04531615448052173,0.0012141926367759126,0.22708456210755482,0.1327626217328415,0.18720901955337838,0.08337579276791696,0.36796286939000034,0.0395486139440205,0.2744495549359888,0.09386339599000872,-0.06545103949127459,0.14828487457481088,0.1314762561455164,-0.00513218142392298,0.00777807228652852,0.09753023569150078,0.13497478152479817,-0.14706632828794008,0.20531214525238028,0.05055020261850225,-0.03317474843981763,0.1941066551451931,0.09763820205815438,0.22161657767822543,0.14379522629797556,0.0998485497051954,0.08472700550198439,0.1482712760556138,0.05864687411906698,0.014742741125350053,0.16099091226546441,0.08555121585555706,0.10335676480690062,0.2089379836154608,0.0886123392264259,0.10150339255417906,0.04003504885490681,0.14307399339818508,0.1349827912680088,0.1900775131790558,0.04208711629931239,0.054218303040981436,0.17921373991454695,0.12522130033628634,0.00937818738073054,0.2306554067734501,-0.0698450568400251,0.17842847532637518,-0.02652120359981966,0.2885788516485527,-0.054459972690562325,0.21522506518727486,0.0918365639988756,0.0633397430161256,0.11853966564677614,0.1631900339157813,0.009559949766913045,0.018421227483142774,0.16496048651128858
close,-0.07073429536495998,0.04157709068079146,0.40406869541594415,0.0031987035410719067,0.21478027917597528,0.04140492312861879,0.1509045144797144,0.16543556905962176,0.21289567351829475,0.07997461731872244,0.2988884638754853,0.04106634354148197,0.123422041359956,0.12452769322176076,-0.012196811994941534,0.07141277450208794,0.11615134992384074,0.056787895687058026,0.3440923965456535,0.01613763264004693,0.2179424468140428,0.18564598131487867,0.09861378654957287,0.013479094614775311,0.023174467960822995,0.04820327007834903,-0.07857412819462631,-0.00034654257992905446,-0.04824765153636426,0.23458750031777167,0.16184623923882185,0.17859740988654604,0.15888319515419477,0.11669676233341633,0.2460680332129137,0.03892373442682628,0.11066696553670449,0.17470588278241234,-0.03212092318561291,0.4096588896142549,0.10285657627775861,0.11419894505755929,0.22568780316749218,0.1914955333010224,0.10380780193964592,0.1130129438098042,-0.0504148530947979,0.04435342221500238,0.15172102161589604,0.14438928390428868,0.2221165750004087,0.08794989417766755,-0.03872865134308662,0.2056730430775678,0.2436089346182016,0.18982445728562294,0.08363663291425086,0.2044386051876579,0.44289104780082134,0.11151523144404757,-0.03117366922451245,0.0413714950447848,0.16254760003040508
close,-0.060480431089806275,0.11694030749120696,0.1380336650315883,0.25351217398126524,0.23101948560543006,0.1864584791751771,-0.11626790105145296,0.19210531280479254,0.17055133860602464,0.12559443770783466,-0.07302221261454855,0.022322609081293965,-0.016682276953406627,-0.10150084395070907,0.09970848485852056,0.020217787855722036,0.36253055802689116,0.08312280605620904,0.22937531558659605,-0.056909902469322454,0.046991041399513024,0.10968978760343147,0.009184605139232957,0.05777993151952557,0.07820490937564613,0.07660920145551056,0.2855118573035347,0.13782262854315103,0.14795105629413033,0.15396547743450706,0.16126263773371127,0.09171130161251347,0.06792536285211538,0.11668160595182775,0.21568039489134727,0.21262381884363837,0.07596015243115889,0.17678436946681114,0.08054153369603323,0.10338705494352443,0.052647661844580265,0.08183548610937666,0.23413300695496803,0.10924211473392363,0.1135282508552318,-0.04472177792579585,0.06907560923672704,0.07586850962552713,0.01708565145565949,0.10216654117035635,0.057081770977234575,0.10799958552435822,0.11215030098189345,0.004424564217735558,0.060129821751681065,0.10773742827608336,0.21842994311567254,0.12567191727957405,0.03380648200825724,0.13990047592438523,0.27075488893217603,0.19167064725890187,0.15475265304356203
close,0.17255901754823216,0.24399540414286308,0.207562679401766,0.15667603811176578,0.2068642219590085,-0.008165109626406084,-0.050226525234028124,0.11570986506438302,0.10686807096505384,0.04560899464867424,0.18258526698277097,-0.0862863586451236,0.046522774394219625,0.05150444551223851,-0.06363017850994596,0.2494731007269304,-0.03592012686633231,0.04116599426923141,0.19079797578051338,0.16460453434287314,-0.010817469648474659,0.16824892092606364,0.1289784478658222,0.3333035562111467,0.14039404160683044,0.08587581789314683,0.014349804288057738,0.025575663304442872,0.017423090453184187,0.2371098813911922,0.10179699150164707,0.156524712397473,0.2514247599980887,-0.1358464142207465,0.2278873764700375,0.10553969117833342,0.14350483716404444,0.017159677825174885,0.024487560155148164,0.1488845889812988,0.3384597800331469,0.20033133128149017,0.22655229214185404,0.08079987297385802,0.03997957754143719,0.02191950484210066,0.0511726275303312,-0.10527824331705254,0.027508065710839816,0.043964684394015685,0.08246418256051591,0.11317501097472918,0.13624508686256107,0.09850746275570399,0.041855691365724305,-0.09633586432655206,0.042469139159820674,0.002754936231299493,0.14660667482786038,0.1909287396693694,0.19385710670599393,0.17569527361278203,0.08664742645475118
close,0.04780444345241033,0.025289724633293376,-0.050749891660175045,0.1991853700507858,0.08252889620700256,-0.02463402936208739,0.01735086242897653,0.013302654356744784,0.10430244850151268,0.2067467851070686,0.06520104504044169,-0.12525335147836492,0.081081966484108,0.08438060999028044,0.07750797690644784,0.03725388335242984,0.12174390807258424,0.10661411151490018,0.0975169685873353,0.1412641361442966,0.05701671768521465,0.05134143302993468,0.23801232895854,0.1559355409715436,0.18269460609427998,0.22261045853340686,0.15259441806248003,0.19283886791361712,-0.05793451620702603,0.12041538719960272,0.08172815381856725,0.26776840908998095,0.19276455318033,0.036955480920682016,0.13727941585292058,0.11676813334492399,0.1454331433152229,-0.001884246937465181,0.13600164652382254,0.07718486507117657,0.12824497640556004,0.02756148348778302,0.04149368286034005,0.21738420203667028,-0.005154755834016103,0.0022245598957951473,0.0948418742784422,0.022810962481404545,0.011497136773720135,0.1105075971208295,-0.050506585690370476,-0.0007962234913637956,0.3054095582923644,0.14594750589690092,0.025343664773008895,0.14182150782661973,0.15673304769866298,0.19944144200902386,0.08728439705432696,0.19764977027728894,-0.10384465248821728,-0.005630813047575317,0.11638714017364558
close,0.13296335328077916,0.008821771233135822,0.12594199912631593,0.03761597513127396,0.07230409057728344,0.2024773800665011,0.19089374968885997,0.0002939672636737556,-0.005725146202010339,0.058882660444668375,0.09732536988270749,0.034210151142525916,0.2040642442799668,0.13473898417085553,0.14060851098744293,-0.02665388289449716,0.216729071738378,-0.18201688222406912,0.1834055451849369,0.19343117376707714,0.05675988127220385,0.2272910217247424,0.09369024470456536,0.1062431703327443,0.13395287874042164,0.4186574911811055,0.23444339080830046,0.1701131200712918,0.008719551339880505,0.11435898254794923,0.01868759061536135,0.1822110847282813,0.11404669757348568,-0.012452167961389524,0.10811245834185029,0.015058253028369453,0.11512162213375471,0.014092268363474353,0.10274876333608128,0.1750469861935095,0.09469480080748939,0.06091117328276113,0.12032762210574627,0.1697182620792853,-0.010718326988176055,0.12606561547052025,0.23175408190174,0.15736569632767153,0.10577541466672279,0.16397375066988948,0.14524964561026826,0.17536011091598142,-0.10239316109829444,-0.05534561336632654,0.2004829149483237,-0.05052791761614406,0.1401538635719205,0.06479503439677084,0.00038107544040030805,0.13496497571474736,0.12010335037165706,0.31103426520963773,0.03751887954641108
close,0.24401101200691738,0.13524229143843147,0.033897811845728765,0.17992464575172454,0.15657385044539512,0.10358432948580493,0.12662953564406235,0.04030129689544684,0.017421287474549324,0.1759442173822583,0.0776060575686726,0.09199170017509076,0.1279821595944277,0.1265288344783808,-0.04293264709740646,0.22862520864548588,0.11211821519006784,0.07973467371778506,0.1430846005169747,0.12365421936148631,0.17670626894897024,0.15379836721509413,0.17178462289962668,0.23509939057275162,0.18836245489709721,0.08395137796714375,-0.012290115607683269,0.26677979330045154,0.07622766266528874,0.052689258663947774,-0.07367268177644393,0.13384731053121116,0.11488866039537703,-0.051511493624948085,0.14532740421331758,0.0501808079298561,0.36903150072886937,0.04306388079091318,0.05648066678022068,0.012522377574563232,0.2277876521041972,0.0627224205535247,0.027508584623450336,0.17069550099205427,-0.038035293541318516,0.16251105462489474,0.27813997166008575,0.1566607832835089,0.16378983162599248,0.1870060216907484,0.2709708028675519,0.22098939600191045,0.14396697222730237,0.19038914006360014,0.011406507453488937,0.1776293590747322,-0.0005555971183747593,0.06329775813683733,-0.20825621751432374,0.14014296593674622,0.03561279888916473,0.21111452152044627,0.1390192610605403
close,0.21240958947016253,-0.008359654467253771,0.2038386037159633,0.3105856344363327,0.17641582999318944,0.1790349008692289,0.1169597676394935,0.047533121943463576,0.17611923727015089,-0.05060829104020684,0.058224487507918365,-0.07710568023371822,0.029634362268491712,0.16420450918935614,0.15053933762204633,0.10509136955354728,0.11704009940620108,-0.08858646178642093,0.0627437719429085,0.031864839356479005,0.03409403094854592,0.15995786278137536,0.013949267349468955,0.039531914987258915,-0.10870692457095163,0.07058768196238305,-0.008783754771361979,0.10792029286896437,0.004889195325753534,0.11045422455492163,0.08553142392576568,0.26720417730423207,0.14972179804531938,-0.0839637872562303,-0.026488884410270835,0.10552080089923332,0.007015205160734922,-0.1968368430235852,0.23495463138337436,0.17202240169054078,0.15209768734917717,0.039267695452908494,0.14276767710099297,0.02956396757791184,0.12048573002176909,0.007941677416352252,0.25162884505560146,-0.05702366540818446,0.22322838295108313,0.10389158280173304,0.05105330046580092,0.11670029216957384,0.1733348007178181,0.23667467366943973,0.13131430231335323,0.010930391473772269,0.10556301237657886,0.28167932366623727,0.23476780855126242,0.19087634781243587,0.17956870201223868,0.16994500906065418,0.215875483450987
close,0.05433712142780948,-0.0355086065775006,0.10690035007370614,0.018241841322230903,-0.005502075537718448,0.027972142341206818,0.3485313924533686,0.11361246340758442,0.13619078363609882,-0.02223628070042541,-0.08437529587926298,0.01809473568811941,0.24381955852087484,0.1334275466076521,0.15985950914443922,0.17385660392020613,0.04086506202017223,0.23879655839733677,0.03671924007778178,0.2406232359262553,0.14423021561353408,-0.07890451542463223,0.0251990513399465,-0.07849385328721045,0.21632821327942087,0.0975264579197599,-0.12283424399497803,0.13757468817196583,0.046283573761168,-0.048380585503332324,0.26779658369686976,0.11072858660965787,0.07065685976866876,0.0600575219013983,-0.05132794691577722,-0.030454889958410947,0.22849167848750834,0.05261171302142809,0.10220677009368635,-0.10443304762010747,-0.03180920357955058,0.1609812519874753,0.13777117601138336,0.2753375198724316,0.23429563316312263,0.0769289027515177,0.1472953564713271,0.06833965570969261,0.30548098186386485,0.21490146960523998,0.11696850908577514,0.12003947848763515,0.2444850287259808,0.15795778471138472,0.2558628017070086,-0.11936479262588737,0.14612282614987981,0.048456513531861506,0.27563779876279926,0.2546398687189829,0.10328358091013068,0.2535630978811032,0.2783114519992506
close,0.10744066719261473,0.3471933772431858,0.09686588473302776,0.07854790496640912,0.18658725885843436,0.06462092688576862,0.10853397757948939,0.240943442405091,0.10192188522172704,-0.06950177929753076,0.13673193878491968,0.030370642094760522,0.1865271157294546,0.16961897158262457,0.24714003481665223,0.1907532300792697,0.20902442836580648,0.03309032398622867,0.18039864958905028,0.29684512893602905,0.031135009136323277,0.27997382917270985,0.045064990879866956,0.014802875495002574,0.12962004433548382,0.17159104161288097,0.1911750123972265,0.0038237579226798185,0.14345400972542904,0.03144454285164948,-0.048892225607057666,0.007126368446721529,0.024909963404418173,0.15215951603525074,0.21522136630686686,-0.04732066298752666,0.13519610742080557,-0.017669818577090643,0.16290854090140006,0.037726941899625215,-0.00513290180232788,0.1799664515347575,0.041307739455490516,0.06840360486473018,-0.12199890875563765,0.1946551361423474,0.18209085211691073,0.1005457844281314,-0.05275809413557592,0.22093691783347633,0.03337366136392088,0.054664654989941185,0.3312044056359531,0.02963635558907704,0.17422099624265003,0.15620922620826178,0.13901721928800853,0.1282000542554511,0.13763885618891994,0.12719405909405404,0.09480816412239391,0.25112831241107425,-0.03126605607992783
close,0.20214581040153767,0.18223422986875518,0.16983991213294014,0.21169794276401288,0.09074006047316072,-0.08689740758268769,0.09277073402855142,0.0008805782375445603,0.026814079014193623,-0.024241967383241178,0.05226551415561656,0.040337630601655086,-0.13775698299271025,0.17002219112822892,0.3220321858004882,0.16062371934962888,0.07970760434657723,0.09452536043237846,0.057901413198682396,0.10900415838669583,0.09629919059267664,0.015895156960170548,0.26828883889478317,-0.04871542357097708,0.17183315431942464,0.08988023726824682,0.29008318150657453,0.13408645992482215,0.06400944628167518,0.07522928015655027,0.10399066945197612,-0.014279069499640085,0.023313047488208824,-0.07849439691918578,0.0077023101625906115,0.10939064816604499,0.1300175049284521,-0.0979329694996402,0.08627882969557996,0.15634099508221325,0.08370878066237647,0.036621135422219966,0.058783885495178614,0.0459236645022778,0.03632694408919428,0.11738235252448484,0.33076882277354513,0.025630008309481672,0.0681857367338573,0.09483020606247684,0.03126455656417064,0.20982358035234266,-0.13708853733064383,0.04689408296213243,0.1818313736319962,0.07059056916113662,0.01791610411497087,0.14407567544387642,0.1906343235397152,0.12106354452150585,0.01987796401871167,0.14562033191517434,0.059795069972521014
close,0.17451868818938276,0.2483258884856591,-0.16055767556885328,0.11110674731956327,-0.07357339369476273,0.3441788585329771,0.05318754662038096,0.17463732418253725,0.09646831404051043,0.019691541928094053,0.007794695282257319,0.2585679173100759,0.19559380601783108,0.2943584087377563,0.10554533351576992,0.12879196212460003,0.0732808434344712,0.07129177968849909,-0.004188693247736824,0.10840101909243513,0.021075340511380297,0.14419089221642029,0.11700102189802097,0.12876820436757222,0.2675129939690226,0.09622820502344089,0.17567270028534282,0.3051509464085581,0.23066170692950477,0.21531696984548448,0.06933117844795,0.12296430555677969,-0.03182762920299417,0.14989144009644145,0.12744601776138417,0.10233851251561811,0.202719478824286,-0.02077748224243965,0.2634862851160347,0.19017646879402839,0.0929366020348026,0.08512704121826065,0.14806112152485945,0.252085123206378,0.11016077186900108,0.11440309019792264,0.10181184776258714,0.2782024112701473,0.06311168970629762,0.09704924013809288,0.24634356542609948,0.11470108336128636,0.21370588600455223,0.008871994309704145,0.0794707478371486,0.24844340384402286,0.03236602842364546,0.08487009602302927,0.1256685230891479,0.0010845482007013352,0.058618988137810295,0.11126366818256404,0.10466817341619612
close,0.22803520208371358,0.2541457194832254,0.01439151279990887,0.11112685191674895,0.16742483084247656,0.25163474657991974,0.17184902973171295,0.12909134015923318,0.16665425319826307,0.167376883433626,0.007228570771563164,0.11927987925062689,0.24591609941886916,0.07926432313059954,0.11294466425474443,0.07574835504739781,-0.1313859495606875,0.10205901772346793,0.13017919306528727,0.048750660911909806,-0.01546369488847281,0.011939354021835075,0.17641876161355644,0.2972524773046905,0.2382433340905433,-0.03443460048305519,0.1854627310550703,0.03368376241907099,0.04177329374912229,0.0538024402028716,0.17060669498554304,0.19592533764490383,0.0901968928720212,0.09189292589919754,0.1464263743235793,0.1567994539524242,0.21762257067585292,-0.028437197550919863,0.10200273398040301,-0.006802437589117763,0.0949057720936597,0.0773824712319239,0.09532505460972977,0.020025711188946832,-0.04872897932074288,-0.10944375267149029,0.08688198457351595,0.056899889416706095,0.032406233519617286,0.2322548462831661,0.014056181320468902,0.2416834082138803,0.26238437442692575,-0.09509004667893811,0.10923814589989699,0.060030350916400924,-0.19118039447172655,-0.044464125306841434,0.17749361071084743,0.30191992527112643,0.19026781426992484,0.13236324725129778,0.09786676183689126
close,0.2682662914648114,0.3148239201957641,0.04131573204758139,-0.09999865603102912,-0.10981874632712016,0.23218809921598021,0.09529414592256136,0.11832419104587186,-0.07906509929567132,0.024681108721153366,0.07045191860992178,0.12078383833640707,0.060140796108624106,-0.0037326198301342595,0.02154330073974771,0.2208323285947233,0.12447846196034998,0.16121568069555517,0.01011261891226703,-0.19538234854006245,0.04768956931155036,0.013342944557450345,0.13490122686280795,0.42857237136818427,0.1695166017618256,0.3735960159383489,0.15687696953394487,0.03701137624272849,0.13479160781208835,0.27806385994777083,0.2829562596321239,0.04246626319569209,0.1253183695699299,-0.04292668796711452,0.18246686246914298,0.2553354699055894,0.10397994541160162,0.03326159456398718,0.13601309512775628,0.1417459031363166,0.10811438318496203,0.1178715124335953,0.08261851495306291,0.1995954928226406,0.17362274451651272,0.0016896852855850797,-0.001059060315859478,0.0745625582973438,0.17368371241051794,0.11480574138908148,0.03568495898773448,0.12615185967258302,0.0669189480477728,0.18804864602241314,0.13330584350670474,0.06847218125478563,0.12315187720464615,0.23150480595242018,0.04303699234536225,0.1402656981647161,0.09295396595340043,0.14269836838620997,0.034543505840426966
close,0.1110335433159376,0.21078232824168008,0.006299301875389268,-0.032940510332508166,-0.02914555644869643,-0.017066253020018893,0.15953232878926643,-0.04058596858654656,0.07021046552564693,0.16182893033107082,0.14166590605485938,0.06144410200375149,0.11909237317551061,0.11071453297375683,0.07757590444518138,0.07891652813454197,0.3235427434756961,0.1809310903931301,0.3480650917512143,0.05030368670794987,0.09150334031118526,-0.03321257652766474,0.019043319791042762,0.2901913148662501,0.047796571015824366,0.29192813001444595,-0.024336226067989047,-0.0053469034073276855,0.06587687789765789,0.09362500783208222,0.19230872924501297,0.1450770417186266,0.05836847426559723,0.08666841934818938,0.06809370802153,0.008534626467427017,0.011203706339837832,0.20278838914334096,-0.082816492792714,0.26173586974450547,0.06570057743977681,0.022749139360783988,0.17397592906972692,0.24852165841471174,0.21176324416039574,0.15018520493598908,0.2086863489721836,-0.07164975771438661,0.04781694585118518,0.008882993997515548,0.22246387312151752,0.06165219810761133,0.18454065567820555,0.1535856942488638,0.013769306383631899,0.04130417900237156,0.2293817690814726,0.022451735131558653,0.11248676101954791,0.021745871367355493,0.06860478130841394,0.09538380560300282,0.021713348970250873
close,0.0039553046016118365,0.12862733367774426,0.015526259120882374,0.018934244430132738,0.0060946856298029345,0.09220919536686817,0.19437016343998414,0.2506528636312267,0.027408191400622145,0.31503107933312113,-0.00047048607067959325,0.20835485233278697,0.027830354598455745,0.012907673012998971,0.025524384321561136,0.0947552300350881,0.15799721710336104,0.1669868037904822,0.0056014984652111716,0.0010340712488731418,0.008336130663645289,0.08886455976144889,0.07898443958091254,0.004982453793020508,0.12696036940632444,0.3262568808335318,0.049528453816484866,0.05664881787964666,0.15596615703243688,0.04411837082632051,0.16689644817181826,0.02814572932209597,0.28321196075773014,0.13447749725922947,0.03799770509232885,0.0411308300530726,0.04862002472919651,0.23727496662488734,-0.026875100760128334,0.03320583295404954,0.0438339443074574,0.09843120332430622,0.07288903073532056,-0.04912278313904628,0.060017731640453244,0.09004493168150315,0.03719021649202167,0.1686775489047665,0.19194084287536473,0.09216133002706071,0.12305415868507294,-0.1161055997349271,0.05788972278381682,0.20048216917579129,0.057656341682072246,0.02627383236080391,0.3277688926030931,0.28190771901958056,0.14675749124821572,0.21389106114800477,-0.12259354179580778,0.021244855937129353,0.053004212682684855
close,0.07640199011330538,0.051005597902603755,-0.15500262915163468,0.13860246187085598,0.15436541282806068,0.26018987915899816,0.021169073522503662,0.012983684222009781,-0.1679984485964469,0.0706433163409114,0.19011117810621717,0.03882321378072806,0.3143444818543648,0.07434051642104765,0.11469922842885556,-0.03631030805815938,0.12872203451752795,-0.09793197948526952,0.16936979550131448,0.17244281762354124,0.23592914243365104,-0.001996871876768863,0.11605621182974193,0.15638165593865042,0.144228163833031,0.01347007248651487,-0.13919818895561403,0.13469602968844813,0.08475003216900806,0.043332940703855974,0.17639453637154662,0.09550804618455669,-0.03191950527677995,-0.09314522890962215,-0.012896326513316542,0.3393012294766787,0.17227767739327732,0.11886123419750119,0.08183390728141954,0.07526070600525643,0.21671959833590948,0.050940425809656846,0.15769204106842927,0.0651572049708406,0.29401566318350625,0.17422885075783037,0.22455568146836258,0.04155902253117613,0.2058136112567422,0.06874225746053092,0.11100348239328493,0.2635047670619458,-0.004277505675641918,0.12032477313054005,0.1438005258518727,0.152000438080081,0.054921550690653465,0.30862641008080816,-0.02949318853402602,0.24588853886324694,0.22150656055916387,0.2900888789603685,-0.05882270987078203
close,0.013116851211028971,0.2491943059161641,-0.08770391546303088,-0.060645890104041394,0.05116922132885082,0.11919937886222676,0.2592225073648775,0.08147340850696419,0.039176085193546074,0.13113899376964272,0.14695964832944008,0.14412398221702713,0.0822013792048655,-0.09550861139181496,0.008238401089366784,0.24202710852674625,0.11870689379765999,0.06774778808929433,0.21181685483739748,-0.013011663236894844,0.07746518662869924,0.11377584051740373,0.05586224967053709,0.11007628229015988,0.08123060685782349,-0.039934304778587504,0.1181477881879056,-0.03283517915128675,0.11656151250967223,0.23741358241501095,0.07189768027239457,-0.017148312997098625,0.08730121867950195,0.01680288919214687,0.15945090026314696,0.08520112524771464,0.2709763251664573,0.21629895956773382,0.08469194955185973,0.17156090679730907,0.060676359083715464,0.10339568851651683,0.06385658036496877,0.17664559598497087,0.2432988276709578,0.17986482071911436,0.1921936601285356,0.19230334372357294,0.155125592233471,-0.013928615921026788,0.27009715194164996,0.28044108266984247,0.07661203966866316,0.06293020847838182,0.1612411652915375,0.1550812835183505,0.07980539312469813,-0.025002565558760403,0.13057011907497773,0.15514365381755454,0.17258211480387975,0.13492927723542075,0.07288848516380907
close,0.19940020395062782,0.10658484975659184,0.05350769856352794,0.08193466179542791,-0.07459690324749821,0.08177581758214612,0.16884365198746687,0.133978302213923,0.25206641729811863,0.07370250859842958,0.14873131630533162,0.1792740176305772,0.3342857008287408,0.11447654911176405,-0.004418717886402329,0.18479287533552818,0.2865727355968457,0.06774512897733785,0.18410815386064158,0.22287280552289201,0.20170655439701535,0.1125558522473578,0.03015262417868539,0.09187204519864144,0.1458600453877631,0.19082225240917292,0.13339450479990395,0.0620092033459423,0.15553796561497688,0.18600850677428205,0.13796100564144806,0.016381288546167508,0.081859396528281,0.1947820776412467,-0.03830178087444738,-0.10931780223911591,0.2508082850144021,0.15114152550218798,0.16067300025201064,-0.007681697362705603,0.1737528063466538,0.12752486875683644,-0.05843275778483972,0.24242834142738576,0.1158683323618729,0.060391603392073126,0.06220102540147823,-0.10152219054323766,0.15933365996313636,0.12618572072457254,0.08059198676669051,0.22784852074516723,-0.038385901899584574,0.040322752363238484,0.014999174523961406,0.0721205020228447,0.1067470025257223,0.14300135238113548,0.06530265468948827,0.012264426484510621,0.2686006949770444,0.34116401917885686,0.11432866718820253
close,0.02432196329791328,0.24754541310422942,-0.04467571063284653,0.06652266752951724,0.030388294865369828,-0.015953555045048876,0.07199757670782306,0.013582792082603518,0.10126544641486546,0.1027177167672464,0.037866827647802075,0.06294866434061304,0.07691510320962895,0.18098460611194273,0.08515705989358144,0.18247017407860974,0.15858129835546558,0.1571530696900742,0.23878459703459734,-0.011939087974590978,0.05268168936928864,0.27632988002995695,0.07426834994107326,-0.18151236899058495,0.07970316568521146,0.11349395301632498,-0.16171131174312106,0.23339356398879485,0.028628753613439792,0.13285631151875155,0.07740184546559378,-0.02883514192040415,-0.0070508134635419994,0.006491716357245297,0.20856719091836382,0.08524618118998482,0.04781344834482534,0.006539108740976879,0.21961502215261264,0.24642012725235873,0.21847438987066808,0.14924373391541668,0.12898300418707118,-0.021593781797590153,0.07541808732889425,0.03161397966535634,-0.08255121089847098,0.20570434191653658,0.03041700536077248,0.2195941907435307,0.1881746400760012,0.15567179766334188,0.16128840717631837,0.03846861179262924,0.2857850151290665,0.10431254309530492,0.1301931685118704,0.03509236664333609,0.006883473922304012,0.14772960088094234,0.12175134959387855,0.021064763409742268,-0.0438426718775404
close,-0.02699230873275471,0.21961337170911072,0.03867461853499285,0.06610914543241664,0.24503402587590623,-0.012215056148641462,0.027300517428294327,0.02312331714393069,0.26180684811660393,0.2993383500582414,0.1751563225402171,0.178338472415424,0.04196449971472689,0.29473284869042826,0.1267696254358662,0.185311026444974,0.08944750612290459,0.07319674126723895,0.2663042259596118,0.1539723679738307,0.2451375461070382,0.12553281717450446,0.015163346357690927,0.04166570671215121,0.11029652424646105,0.037349978395667324,-0.010746140862769066,0.2201417031787025,0.04551299291764879,0.11381927477913205,0.12961335898856047,0.041184687467943126,0.24507994663087396,-0.011714176120461287,0.1261625263580771,0.12461177063765837,0.09457453971358522,-0.029691261327198265,0.18708175518634643,0.17435106703345965,0.03244314714087837,0.1707487207205362,0.1374907686300776,-0.028061214536110823,0.014607108542864261,0.21382814448895793,0.13094161851420505,0.04356970541893739,0.014152410882735805,0.04846062018845792,0.055552047012229544,0.01540369673707484,-0.07417641123833024,0.21400132864007856,0.19706336726114432,-0.027325545180685945,0.11363112955636677,0.009776179728523335,0.07384327767734647,0.06552334201263435,0.057216578428212754,0.3002947084076286,0.05596743153238096
close,0.019173617493307524,0.023741857050295218,0.20437769564017552,-0.0652102331692935,0.02373770835644798,0.2446822840111534,0.12439861879976469,0.11919220050361133,0.31321464601437016,0.12463479529484989,0.02918138386404176,0.07179229431236514,-0.013543230903056869,0.2255937040015697,0.15745617175367155,0.2124414149970889,0.22129839285493708,0.05857892190724674,0.0055247147991110135,0.09482868886919542,0.012723892921146174,0.11649568754090248,0.21320968808346893,0.08318603539508329,0.11499950899077392,0.09061543837766335,0.1802727572437698,0.033221760571171,-0.1196446261643099,0.1470868859375381,0.19878344213079938,0.1446374244758536,0.03597695045319861,-0.01350120981860689,0.14944975317803216,0.11414789529346737,0.08742073723416703,0.28224633429937906,0.005319990581866829,0.27750370211274655,0.103178390487064,-0.08355704768708747,0.08207973456808591,0.19594960765994412,0.06349449671950294,-0.04747785412383948,0.08354854682038301,0.01428276261082942,0.14918144010879628,0.17733998160676115,-0.005627040774810618,0.02941959448843505,0.1756642465106938,0.01411557217010409,-0.008215813582799505,-0.017869113179625473,0.13520386129581205,0.13091577195174642,0.03159539696209583,0.10050853961282341,0.2527132384155131,0.002593984308177838,-0.09517426090104494
close,0.14550755757203704,0.08895988360984115,0.028997491318489874,0.16520802373549082,0.18392251446687902,-0.12082780198800927,0.03474020906685117,0.33175162311968553,0.1583404915798191,0.16761036382971498,0.21728942786314787,0.10170688251997262,0.179668416009162,0.17180620438372024,0.1539041496752759,0.06779880293825954,0.11720589223662589,0.04116384356932218,0.1012814304566495,-0.0168490892099267,0.020937600872704756,0.07176879580750706,0.005629456856992385,0.04949827292548236,0.08360740232444841,0.14022623446643775,0.19492573018529094,0.05362156286218921,0.2335104617268624,0.19386110786254934,0.1504093831943942,0.1153649129296619,0.13191208418685413,0.2187051150666382,0.22235796597592739,0.23349467283836434,0.10413268318770032,0.1554967164998613,0.23435465066220515,0.03762839650836073,0.06815831462816963,0.10160366630134784,0.18995987379794066,0.19151721507186228,0.07691358888020647,-0.05086094543797101,0.12461839442959674,0.008168386267159877,-0.04899362046402225,-0.026387156073371665,0.13263810078455607,0.23610373609328072,0.1038894516236244,0.12113806546459648,0.21828949388779254,-0.05444549090835543,0.15201764216002717,0.09884102156811789,0.15660574588320672,0.051651609159618396,0.018206270957351778,0.11405089042856055,0.2649191323334462
close,0.18609101045414628,0.049230722981990854,-0.034097203598127984,-0.06820672836977856,0.23160994518504815,0.004491771186417248,0.06744865870050636,0.23212111260775764,-0.06139014554789918,0.2492264509475059,0.07463595461074982,-0.014858331523873877,0.07526490728510868,0.027740321859852243,0.1440819798905716,0.035186756611222225,-0.09116422109190431,0.07794374655910105,-0.035654505228653904,0.12043198839883199,-0.018713033228332426,0.05119871968279141,0.11825878042143363,0.07875412749657305,0.1250430283001045,0.1680287165717757,-0.015793369973130605,0.09356024593752921,-0.23295037975081292,0.12473333016825239,0.06991858696251578,0.0016550236522028666,0.1315719422296524,0.21726975771850676,0.05239822524010569,0.005518550975827985,0.11650252624387117,-0.03356066666463606,0.033961862946446084,0.22224021616505024,0.10621792298122877,-0.08794669639461664,-0.07969916472794011,0.11620856926467757,0.1862390575917688,-0.061762145862615025,0.14497126074965086,0.23303435074897189,0.2887858987958639,0.13312227598598764,0.15068025945524743,-0.11331844276281441,0.3099752547995989,0.042450978690387865,0.006652884157495861,0.07447938655603754,0.25116734141854313,0.3208046047543548,0.11254086794758444,0.19980841726036552,0.10432040486855039,-0.003779547301818398,0.2476743670788291
close,0.037787251964361106,0.25355307733718824,0.22985413297690838,0.1614036263957208,0.2828974756254353,0.32323460331857384,0.08247566370356885,0.019120588158356877,-0.08642698372564725,0.3244682255430256,0.056031799108155034,0.21350368571017397,0.025874463249051682,0.2538265640912035,0.029988240818458675,-0.019171913361734322,0.07914935690462498,0.046822429903836275,0.15962997854612127,0.09486050728074764,0.16277023945519214,0.07089785269147061,0.03348926289811947,0.041643945210392656,0.3044938798031026,0.1225170932226936,-0.09837622094530446,0.047979098654591906,0.10968660324758757,0.2845399681250379,0.20286987158898995,0.007828216351808498,0.3418355753572451,0.09688396351985225,0.22463298110749447,-0.01550084973999026,-0.13981630952508978,-0.040843149036836085,-0.22503334761957058,0.3112089327252908,0.12145329188864161,0.00753559815519686,0.1452624029980121,0.11893340361801659,0.16209333956139915,0.22095314011362688,0.07100788469749847,0.012016069389901324,0.18277752143719178,0.18023327778844658,0.1100735808121345,0.31775541886807723,0.05621778771383478,0.010014202836473168,0.14180914275066017,0.03250621430865018,0.1495516524144896,0.016699174416056006,0.059975771706811454,0.2890840420039166,0.05944126432523211,0.02011484559827037,0.21706787887065004
close,-0.005104195028669364,0.030705676985293195,0.15765611205089947,0.1938411423873292,0.22204763910810746,0.02527781677795153,0.159600867298612,0.05338918004558204,0.03943443664893677,0.22032127822922853,0.04504456041404138,0.12782045960209798,0.11555794692306388,-0.007075437633850254,0.1966092855356321,0.1560280893678954,-0.0986290611870421,0.12774211112373432,0.022702656583337893,0.2097075306412628,-0.04453998367807582,0.0643523031370456,0.1362024550988466,0.10543402941418753,0.17629582567139715,-0.051842198600928924,0.2651914336867378,0.15251446587882717,0.23597182130008962,0.18742401692332417,0.09883898855449565,-0.02841982109111607,0.04364468187512991,0.2589563332862578,0.23854377816563824,0.038040001989631006,-0.1818304286202179,0.07873102656948813,0.07122971118708836,0.07502273879596166,0.15285392018314015,0.18762125793216633,0.19902995470995244,0.1445709140135367,-0.0800770701922636,0.06588002673067045,0.330408978354919,0.13742167348024784,0.13678195684438654,0.1359485939773858,0.141537962250599,-0.13831121810859234,0.07604756830889314,0.09621071682053106,0.22814953992534126,0.1047672894622296,-0.06465113866019412,0.14300891561717521,0.01961753517572548,-0.02167856410814177,0.016584095328341916,0.15425042296645156,0.22587612397600687
close,0.14829299451775868,0.16320232236170215,0.1473045272838001,0.11013271768604684,0.16969306349627578,-0.14187754670694205,0.11110883513048332,-0.004492503462225156,0.21629025725441395,0.08528446947831396,0.10309480882678303,-0.05050718742538035,0.20168308890128517,0.16273281202738094,0.15569478823405034,0.01869771478311777,0.02263601550618699,0.12235994544459053,0.03055015897519489,0.14348929626773385,-0.11609126027667221,0.051245544359340735,0.27967534654264914,0.14394858279957648,0.11667936645309927,0.2985226535671357,-0.1335953618801436,0.018468888521189247,0.059882682825261095,0.18583512330053903,0.18756563632282364,0.013399329101737384,0.19979543221425497,0.05966852326782925,0.2211639625649167,-0.003264269812205775,0.08766884009338395,0.050983268462343974,0.20560303715657138,0.0477218783433829,0.0957551470988244,0.15068113976630493,0.15452584830261196,0.18869526074731718,0.12111247768446667,0.05817510847201688,0.06503012546412495,0.1025672315207612,0.12495924760743835,0.08528283521515637,0.10192034209655473,-0.051725386057210526,0.16673552844546782,0.11811122888894299,0.20018704135410884,0.1000160507407085,-0.07383975785217864,0.06415538106933251,0.08000700768815833,0.1742903305433599,-0.10702735445133951,0.10411795169489349,0.15136752157933062
close,0.03385121147184804,0.10746280098168474,0.03729634908501554,0.02704270667796095,0.0591580149868683,0.02893080075329893,0.16836183119363327,0.02650481231646222,0.009708999295207271,0.27679286668395336,0.19607400118240353,-0.08615133606592004,0.023523171014746644,0.12424629717227109,0.13237550672314935,-0.049049286573689344,0.2158565492822322,0.1825224419181626,0.1481901632040339,0.2356728490712121,0.14522899925709182,0.14485808792518473,0.25576792718222424,0.2101219580727709,0.015849254108846883,0.16331951786719154,0.0335732135041418,0.1504154550950278,0.14766135070198144,-0.03834673124559859,0.08781543886889648,0.12652570235804023,0.05637098090058431,0.131470994239076,0.1805897777001069,0.09694069357692445,0.12245994767082596,0.23834240785559752,0.1473196583225226,0.12008242896744738,0.004192062035863933,0.16710260113888487,0.13301499493919386,0.22837394337014083,0.10468785433033113,-0.08162665001339958,-0.0700120868828262,0.17356807637597332,0.04298064023018468,0.14367677511104973,0.11142326445023562,0.08331603323060793,0.09036387144117766,0.013461049495477315,0.09842223111003293,0.04155065672056013,0.06277434798742952,0.0676350955290839,0.07733067301012808,0.19221734565070864,0.08702091707953066,0.20237023365900986,0.25378549513264814
close,0.18549446510561496,0.1534468535068511,0.13268322094835203,0.186535870905007,0.10893607385962395,0.19845698459571987,0.16141058052896845,0.06401595392196122,0.1895850880102806,0.10914800059775687,0.0893867992387684,0.052380083960101284,0.11660188478745723,0.19964626154129836,0.18889400055930375,0.1353393797458957,0.15996436407250353,0.2271696791522558,0.0850033708829139,-0.011542000353020623,0.23011298521785728,0.04702217479692816,0.030966187665609532,-0.07961977553345514,0.15712830531642966,-0.062145262455222144,0.02497411923082632,0.15882367945150588,0.1721921252408372,0.034829585178176636,0.08658466730075948,0.012740547359384694,0.04516032121888173,0.1266215260152907,0.04983533212035424,0.07557849598243309,-0.046470668161756684,0.21329561648061376,0.15100665931710658,0.17929053718372018,0.22904253246168624,0.017478712445428354,0.06416055169719764,-0.0894834367582211,0.4140422910102237,0.08504146846826238,0.20387278999149122,-0.02381611443354588,0.19963884256430095,0.2857590876649666,0.09397192509720186,-0.001088149658960133,0.0861203599054464,-0.12267615249572264,0.09621132989781582,0.1820967139312996,0.09642423556264858,0.07158604453110326,0.1527568116112033,0.16040248469495527,-0.06599055625051828,0.10888229622787886,0.3435985124229244
close,-0.03350162456480238,0.09145811671669336,0.29417461220517027,0.21041751565436756,0.04866033192239386,0.12061353796226039,0.09978883200151767,0.025192819567833258,0.09257478925069176,0.07200338671934708,0.11127489380767497,0.02516168193089667,-0.0276618200244661,0.09587192266076293,0.27151182181787803,0.10822029262627965,0.06684062210684547,0.17540858050384986,0.08416803874046215,0.28680329249591097,0.09960874907049215,0.17004970631581634,0.024539561760672707,0.15030892533366624,0.1275093476943754,0.0943493875340792,0.04982422388302798,0.03619698343476256,0.12823526639796526,0.16289391096964737,0.08728372037058686,0.12872679291207925,0.09620853218672304,0.1098526024905388,0.0799555017322775,0.10179725793683084,0.36980404568174263,0.1311634298807425,0.16452969584310428,0.1438023605328097,0.07371831767029406,0.2293989213291668,0.07088362295736587,0.20550545489425515,0.06657930019335512,0.004002748085595906,0.1365396208236193,-0.010466835610210667,0.15356402250166093,-0.019415865609131666,0.06809919695271467,-0.043172969652474136,0.3824167009402729,-0.06539595596163145,0.10098137403964044,0.21433042743300137,0.20363859085870253,0.18513421221731374,0.06827716117785246,0.23510889463370022,0.19133910908021828,0.12122996176604767,0.12405807577265922
close,0.06960773523846275,0.009034797416696161,0.22371509754787167,0.2312207993601532,0.01158908589700787,0.08462148348538083,0.08565767835410709,0.096734409625969,0.10642948785875818,0.194686146164618,0.02527826915132564,0.015365300848734012,0.22366197421429754,0.05373552581187018,-0.02630353535770663,0.051487005790013,0.06699472647559992,0.25549627277257647,0.19248262123767373,0.21475206166322425,0.1819973642346786,0.19462436716153142,0.03119178734196819,0.08013978446465157,0.0010084686976451207,0.07895119694629667,0.1684104990934741,0.11345832848122468,0.23114808189602953,-0.014141579222721926,0.15002383506982397,-0.024830280186931813,0.10941764691736423,0.17403334225564787,0.07854974331757808,0.1551126604086956,0.004026766516706595,-0.06636899781963831,0.15570296224878033,0.2744010234075733,0.0003955059830107882,0.22221941801067954,0.10434234088164111,-0.033569152169307614,-0.013150530135216248,0.10157847733606501,0.05955377120758964,-0.03129129767582389,-0.06940392812254051,0.015328067207349388,0.11938090083311183,0.0993599247396862,0.04987620424999217,0.12018871942914829,0.20400267198626876,0.1394126510434148,0.08786913286104193,0.19280720066606888,0.0040149697783705,0.07750804604446485,0.0798912064399632,-0.023695325844284534,0.05801258377156423
close,-0.1074959680895303,0.29121780476629533,0.006258621156368702,0.2586114131421312,0.10380845057194925,0.1564864132155959,0.05112002016490685,0.12079296919616744,0.1650489639988436,0.16645524143941823,0.17747733900743573,0.06316672899608236,0.051964032750864496,-0.059417632526760356,0.15232190111769367,0.20823787113234427,0.261598167991793,0.1305172634580508,0.023352022709143078,-0.06970961432894554,0.20416667330833504,-0.07962765667775357,0.06593959222562333,0.07756931720563541,0.09305448621489806,0.10358026000358402,0.11381475563675751,-0.14153632620785297,0.10146559098701267,-0.12295755741118772,0.17322180730909947,0.04448748441963879,-0.11570367252233504,0.018579532261462417,0.04299246608153462,0.21906996175550048,0.11966377417502451,0.13444449443505802,0.21812216342206012,0.09038557120755106,0.17541879610324035,0.1683861113931992,-0.02864694935694123,0.24729835776298295,-0.04203017800706946,0.19173666494778482,-0.05170730369056328,0.16012367881516734,0.28619148781501724,0.07870213434497887,0.07436443571468537,0.16104399993168494,0.06706035440374569,0.28182787037428214,0.11921922494586958,0.06798304917792743,0.045971447210431685,0.006705152982697943,0.037224501324251036,0.06493266063414035,0.051236092650142,0.03418247258628962,0.30988412303524393
close,-0.0030095076489489864,0.11466325876461748,0.15925210097608722,0.16301079955837328,0.09413929242175281,0.07592974281526904,0.14515474912395065,0.1266521649978201,0.07410411652324866,-0.056187857172443095,0.05320762776667525,-0.014655016370745774,0.033284044993367345,0.10332232385169596,0.1358736143996616,0.2780452751292406,0.04625936210961862,0.17746256352751508,0.13059600244378367,0.229599767063979,0.15762287195956262,-0.0008481427286316234,-0.07230460292912314,0.1311261699667505,0.04715490020996093,0.0019686254049402774,-0.026757770453307766,0.11609754975871556,0.2507707699313365,0.059132765429395835,0.15902703110753225,0.08977336497824076,-0.028938208910339297,0.17348113435104173,-0.00946920440273713,0.10216266305935648,0.06584795849946948,0.1893077434565692,-0.005815099247068661,0.13908699078019598,0.016020259265129913,0.04888947876712149,-0.2635200227540102,0.30920985716179084,0.1550556932826232,0.023265251406183546,-0.012465568833299384,0.05043512471206595,0.17168795348194515,-0.08920849255849256,0.08584155807056619,0.27706418724626736,-0.01339463359678042,0.1080385038763655,0.32033098152577577,0.1632151629690773,0.11259238204854552,0.15066364549090028,0.05991346649902977,0.229963128530344,0.06006699770997881,-0.0959181608735977,0.060869689605954014
close,0.0033265470123296503,0.07188059878025707,0.07409159409193691,0.21974231998049076,0.16952927266643858,0.12632654875753968,0.0997054588667405,-0.005885800885799444,-0.11811752376656776,0.11131600113927832,0.1794641203573659,0.08916661167554109,0.046514567721329975,0.14645021652142126,0.09166677993756531,0.2685744191973961,0.22327283420682845,0.19595080570233298,0.1757734114209904,-0.02901674144514571,0.16629937020525998,0.13763259576465753,0.16064247283911634,0.14926094868130527,0.14527625878480657,0.3700866469549595,0.0923814330048081,0.19363373808293305,0.05290101897359968,0.17906415838876721,0.19393198902324554,0.1364426077135348,0.26692469423765,0.011572396363958251,0.05127790583317779,0.12123800860234897,0.1880806853484222,0.11794295212949332,0.22857590365105662,0.03383101290336807,-0.01405784894885545,0.13081283365365048,0.09228197238863037,0.15428637203582202,0.09725977091334961,0.0659980209376543,0.09250624282762765,0.1028848894793185,0.06950187001516697,0.07968679536765719,0.05964066630130899,0.18566651198694067,0.11940210045057993,0.3256752472168767,0.1160704551278462,0.04491425296713383,0.3670675374863065,0.14136263777143354,0.19901247868928168,0.15921029832024916,0.16230110292977487,0.15356540513524744,-0.010208456477606528
close,0.1367529047561412,-0.032486130385023904,0.08256371635874658,0.02743825434367128,0.13574701858487243,0.13341262473382348,0.1481145890765187,0.12872965727490873,0.03931746582136012,0.07389965106483204,0.1920396161254485,0.20678566772944,-0.01467830986265492,-0.053092763251264635,0.027311061679528792,0.20452075820322507,0.22148840301830344,0.007528811959882836,0.13073093537363384,0.2834431333140088,0.14153114772403338,0.24215032852330937,0.19987265700830986,0.00898012937720892,0.08100185765029219,0.1034754478291848,0.11041333880213401,0.19163289534385713,0.14086847622754087,-0.1936200943778115,-0.0312840273092726,-0.11873809149760431,0.11753652406553342,0.12404876494677611,0.12832249586107186,0.004107173228538374,0.1674144005119989,0.1716262496468529,-0.025514906720515762,-0.04660382014488723,0.09998683137730623,0.2791782273613359,0.26997427421986425,0.15634043604480524,0.027000332841992367,0.1886842659488585,0.05475757351909585,0.02324929633261895,-0.11439668316219942,0.1102382198347653,0.03701326508626249,0.10964303795285045,-0.12993576962370615,0.11698266725836873,-0.1431121163971628,0.2087940253268552,0.15218912341350846,0.07213352285754122,0.15627198600820794,0.0021925737336447593,0.10723755156148924,0.17947740384603358,-0.20942892490913897
close,0.05527756403224762,0.09773558698636257,0.08037063822542334,0.24571018262274053,-0.012390112492288455,0.037884075655477106,-0.09158690263084485,0.2510286651273146,0.07537098573912,0.0561591111963293,0.0947517317689286,0.1636235828430324,0.13473634035161247,0.36478842135570877,0.14539358884037745,0.0534754570830919,0.04386432624760529,0.06072410475831909,-0.05018369246298379,0.1039864207491586,0.17834681062089172,0.03866363993767641,0.019261994371588848,0.2515945146294234,-0.04264831566211652,-0.10678183764773014,-0.01529019436473826,-0.05404327171242965,0.1386226064104582,0.06392954995504266,0.07803129549761602,0.21529341769747734,0.030866513883722357,0.1775089411745641,0.2511322799203203,0.05443375019863394,0.17370228555563139,0.07581820874710199,0.1924098128840789,-0.057148918757627315,-0.06455122451253464,0.060873228509245925,0.011107519094022938,0.04832908905701147,0.07804734175528602,0.1720013531836252,0.059233942143406514,0.017613868937691332,0.06484866232411012,0.02308547201933822,0.006599449793728562,-0.061301681357696924,0.10694781162210787,0.04312942934029466,0.19662787392346717,-0.044739609205894065,0.045791644495212114,0.2812907220658749,0.006039048290215052,0.0763466747903876,-0.021584398282536846,-0.034842751278098105,0.25473109830876783
close,0.11710394926371473,0.11336788382376234,-0.06963162351162222,0.1358741388108303,0.2157421945993826,0.21494770608285296,0.1668333229606161,-0.012948557759540402,0.13131234171929917,0.16675849604766077,-0.07944435850889014,-0.012127959148178477,0.18881573217434416,0.18760457766719285,-0.05485830336213923,0.17950214592691727,0.10953033991536179,0.17810089546071517,0.036547867656605865,0.1645183496480902,0.18438287744856247,0.06486650645442883,0.1017752546173286,0.035147837049534655,0.26516389486858793,0.08797280606742341,0.007797567482281803,0.028417408612524994,0.11267706011421132,0.17533311717782118,-0.03358268451505217,0.2847660002942449,0.13086752940556165,0.14664559729694127,0.09028104561765636,0.10192589673511256,0.0851716862072597,0.20177959690359604,0.09920714125466297,0.176705021849271,0.05661524766474278,0.11956405283123159,0.019607965576057887,0.22165282325495372,0.01662527592808842,0.06750205557386738,0.06850395875452552,0.06460486123262317,0.17224957694429371,0.06833422352633564,0.23939245305410728,0.01815249138698319,0.1169377469942707,0.022421401068740007,0.14209727825314666,0.098405027302323,0.08449379553015215,0.2188474966503524,0.034565812894489664,0.15865151576180003,0.02310400873252076,0.11126852001603738,-0.019557532822344542
close,0.03374828536932596,0.0917856954427135,0.2814649167323078,0.11008038704597742,0.2654668315866706,0.1220323291690918,0.06129157555250609,0.25393565226006937,0.1437017622073419,0.03572784061172864,0.14705714594002975,0.07074052500923898,-0.09890341961712959,0.19359731592656176,0.2094934055641929,0.28379420299922753,0.14221436921952627,0.07512765759174675,0.1834989427378586,0.18498203653189066,0.26382811831364217,0.09553723769335579,0.08344210274324056,0.028445558024147263,0.15374620867252017,-0.05482616682308353,0.17760873728625648,0.15878351218657896,0.1585070202458372,0.11382252365018405,0.25329782475310847,0.18719934654268633,0.03929228086243003,0.04108209503023533,0.012032618658536318,0.15512833327755876,-1.3892123995676298e-05,0.20833921435833525,0.23229733083455434,0.012098373104954888,0.08144514654071464,0.10166209813624137,0.18839831604696677,0.2609343375609877,-0.06854923928685774,0.06818192824733171,0.0733983304439653,-0.04006698548865478,0.05148899806959384,0.1427768944350611,0.0721321097160443,-0.05446211686074137,0.3874082698009914,0.12661778652041805,0.1111694130106675,-0.009792636306704641,0.12607061619712753,0.08357862159585057,-0.08885234127154062,-0.007025544001441619,0.1794926017673945,0.29440176500004417,0.13671654050430448
close,0.21030832782933673,0.084424469141679,0.09134538393193972,0.2090979027619465,0.26627772891794693,0.23010966934656218,-0.006636307538481906,0.09330411096847543,0.12775246844762952,0.07403220364924709,0.1387857543415596,0.18205768116689475,0.20028097519551405,0.26858701522215234,0.06705588952751654,-0.036403316483931414,0.1358234594014453,0.2883811031184802,0.052302414004594094,0.16868469770637196,0.16957457924726427,0.1191442047344609,0.10069247210437145,0.007657079427860744,-0.12816620724205774,-0.011185070666402883,0.060969585088830075,0.2097422687422707,0.08968719376486245,0.04809742810818515,0.010901455804656957,0.16568058285094805,0.23583571664306052,0.20634357218674595,0.16061496997584693,-0.047561274638294015,0.06483257571562287,0.29473042288896756,0.2121950491915225,-0.0537503218234725,0.09444094768007287,0.13630984326610388,0.023784153697378005,-0.13092040214088488,0.10988240450164317,0.02122417423795607,0.021615826091531593,0.0645319640069242,0.08663240853451883,0.09909172059043136,0.011601010107799861,0.07797904703659227,-0.07574233704027553,0.13110390653680784,-0.18562754133411577,0.07105099195663805,0.19191861536769533,-0.005934068727482658,0.17164302036574003,0.21557327121208925,-0.23078999524973884,0.08486370964242576,-0.18757734276282753
close,0.0881791554429054,0.09928287890186732,-0.14825439859108386,0.29248383620798657,0.1286015807634625,0.015097656791796463,0.24653794274985186,-0.0795613220642317,-0.022917103351831725,-0.12994555236698987,0.2801045196539334,0.13323463714720035,0.1659401789848495,0.13010012339184757,0.15737677611445847,0.10780777138959895,0.12709213427074414,0.11076034362229509,0.039140819443072156,0.0953375234785331,0.12735945732616777,0.11105491195521308,-0.0477772107753317,-0.03449866686084094,0.20828414339163914,0.06930059541165982,0.15847253470359407,-0.00921199097223964,-0.04731458766465299,0.0156403387468287,0.07774349292285868,0.03348597007155878,0.2293933523105714,0.11795233015374616,0.28489386185618587,0.14044081540714173,-0.1412550817919811,0.20560416064585546,-0.05095516224699548,0.12305336672113393,0.022531594233615518,0.3142711034464186,0.24395979274301355,0.025817935829824182,0.08726423318788883,0.12445980696492175,0.18634140715616104,0.10291519123250127,-0.002489489938086689,0.02824413607999471,0.09955182036232087,0.22344569787646912,0.1427837860536044,0.022658507338498418,0.164837277770979,0.06130151611218402,0.18904080051868413,0.35270104183286055,0.06411736290564504,0.1801605159726371,0.025460666796227036,0.08877362328087024,0.10295622868721013
close,0.08063163399556195,0.3463013688775024,0.06934069253216177,0.1586851538784868,-0.09300868693234324,0.14319965633696102,0.2142054592352247,0.04724026574209492,-0.1510222141040413,0.0961348231172675,0.10171838503855281,0.17240750507443042,0.30109030354134336,0.061994634939969324,0.014371187633971966,-0.016691780137144313,0.11980786170315993,0.1479354258818502,0.045434460563741556,0.17786827457257898,0.14653840768191756,0.10432316896448904,0.009758527925587457,0.051813568451527695,-0.1429755297682545,0.12357870641980337,0.10263412887474353,0.11884789910894865,0.15043190155645603,0.1385821486432223,0.08896168193539647,0.10486680431627525,-0.040431641669616936,0.04162793543105742,0.10504710536834615,0.02641464240876394,0.18601507958725466,0.03413679190449696,0.12163054112483164,0.11165656568153359,0.17462775936104097,0.1900791174028302,0.16940326109679393,-0.11060062013831337,0.21941481480131267,0.25273082241945977,0.05178757156785306,0.12366469126728499,0.01091683198692181,-0.09483785067321512,0.02612847344576137,0.04598609605363897,0.06451492686481845,0.00410859099940121,0.02665748331827611,0.09889936783715923,0.02297730168898579,0.1543524332550028,0.16816606513974397,0.33803877461644893,0.2125679932123462,0.12431030583284144,0.037973570333232134
close,0.1293747351673999,0.13265959599163563,0.04866869109943392,0.17837313967528778,-0.03980980146818752,0.07556001644624895,0.15558584593174068,0.0712415852407903,0.07932455965707289,0.08622141388077195,0.01643987593122545,0.21739009315742083,-0.001803767192281508,0.13181593274098852,0.14136478982823736,0.005137809879103311,0.10731042543807434,0.009036782725529782,0.23910424750559456,-0.013878293697621308,0.034610290576803565,-0.02242250083555805,-0.03576987268675519,0.2591215290882294,0.15427746739125622,0.11402934257005441,0.03434230366530784,0.19076118110467685,0.017577756063254707,0.1793639294330103,0.012748872339436376,0.03554922981243282,0.17582823861179211,0.18638273441557673,0.15974729338967614,-0.004967411575679481,0.05532731342771713,0.11568987411985135,0.015071903808990844,0.23709627601292932,-0.14019469439505458,0.02212604846308472,0.049043349713016826,-0.1843943664771768,-0.03962291302361909,0.16252895125420685,0.10302836365529638,0.2573136022042903,0.25452264458848195,0.14330463786039468,0.13132382490007116,0.10659311085789006,-0.16550820178794903,-0.03945595133260754,0.11006755030989342,0.16160257087476715,0.12896698121381409,0.010753503228434241,0.19374062824694957,0.24824440287546368,0.193798960029134,0.19895993295904707,0.04407742020447891
close,0.20759341227007994,0.11457586393276573,0.1511555528522005,0.13654318428247092,0.08785128945595891,0.013999752487769815,0.09178633364459537,0.1986761617482823,0.055852419468709044,0.1893347262608146,0.1737070670617672,0.07010626029801698,0.2388800103619577,0.0644453328809294,0.25095468626126316,0.14341269815409727,0.09841340815464865,0.011219861966234618,0.09117397698649587,0.07962404865055797,-0.025829638525090542,0.07823845772823329,0.019619681990291432,0.1585991768978782,0.2306280475728203,-0.022691567629524068,0.2712307728366923,0.08714489656148702,0.0024978615061485854,0.17577547802081833,0.0553545521744952,0.09182633239685059,0.05957217557879211,0.018326206813509993,0.17239970324019038,0.07136985971058128,-0.04366517921792459,0.15510601242159328,-0.020558235102375533,-0.015326017267525874,0.21926062049773162,-0.019633989921021194,-0.13164448569274906,0.16228614849614958,0.06961365705188698,0.07823448788618836,0.06854996066498001,0.12316699390187269,0.024728075809693204,0.24761148745657646,-0.047623048030939835,0.14448749166771233,0.16421210038765838,0.0240348239166622,-0.0023734445277818345,0.20171742141701565,0.0009139245983285083,0.03933360592494332,0.18873089624597464,0.10347412335390242,-0.07971436676291047,0.2747059144553514,0.046998924122003405
close,0.059724271009358273,0.12557842523263654,0.1625076797004073,0.2961104291291467,-0.06600681494056965,0.18259522089259458,0.17430096940500772,0.08628350891258833,0.17872736948162224,0.1934274017636547,-0.03819627849870044,0.27497665058808307,-0.05587622531381417,-0.013531628123877315,0.07382123263759038,0.29249405131870565,0.06917433702466136,0.09680661099491894,0.24320786039045636,0.06996818574345273,-0.01784367129306756,0.05827651647616855,0.23707918338057776,0.10708649970551365,0.293065825905626,0.17379349262621552,0.03551910636065167,0.10510763044650784,0.014678188185812041,0.033156696935123006,0.5479084251025758,0.2018624510033811,0.1861097989006673,0.03768196846919361,0.25695840662810787,0.20994156017929372,0.2881621289357771,0.2833114148398449,-0.0479089288097522,-0.010983948926990728,-0.0003787815463636435,0.005605935666756295,0.13234523642603904,0.043319654790418244,0.3072598540762519,0.2904679882081638,0.09935384059209602,0.29553262161497906,0.2488134627240202,0.054929344082274116,-0.10092153440255616,0.07820316150392707,0.0355377868921527,0.12065056251458305,0.10892282868747491,0.10630176588992286,0.15236847413791646,-0.021252194708367853,0.1411360277569708,0.056038384698299394,0.11999821998636871,0.195740984523219,-0.02243997732210297
close,0.07187063473304306,0.08814657659711359,0.048573102842935915,0.18998294961329573,0.02796116411995285,0.04445996005576613,0.029008086704793545,0.20920554114388018,0.05075558875877833,0.14600453908835564,0.2975705101230074,0.09251815796494148,0.21120606800331576,0.2671354084093128,0.2027191560040414,0.09831986840222597,0.16421077589986136,-0.028737859313534536,0.021995684185004805,0.0395324818368081,0.3240612120174282,0.0187415485744733,0.017252324873817032,-0.004392098024898344,0.1559811761930761,0.11426213926688829,0.2086758977026565,0.16712596660773543,-0.03803898467240674,0.019272222998962932,0.23653287482758215,0.0796701755423195,0.2187591818018013,0.0850319052084683,0.003234357171147867,0.0696739222333294,0.0031950204450303943,0.04344472375975762,0.12009257065652461,0.15116050903690206,-0.059019132325429824,0.09826319924909019,0.04133842644402476,0.035158519104118754,0.1132684619133077,0.0449548127310788,0.23821379948466742,0.21880618762510604,0.21818282939420397,0.05050898045096982,0.003750116508067766,0.10820299293881155,0.08496516337137329,0.039117683757663516,-0.01757344466669615,0.09584820307319285,0.059593054974752674,0.168834703703802,0.16651060515214794,0.21007998054227173,-0.025929555188003828,0.14010583076936328,0.02725342937663279
close,-0.022041421081108473,0.057139776305128995,0.2068704980134618,0.06276816464295158,0.2565454659959112,0.15488785155203336,0.060590952101942305,0.21600484289064087,0.14453967721142857,0.006744061155329467,0.2858802635580515,0.12594788230864767,0.10187961919854918,0.014446733009438412,0.21795382676077382,0.15172754273613065,0.1629238180295241,0.04924686564742316,0.18341005719100684,0.1911813593570802,0.03312217612188775,-0.04169901396809911,0.1581373059338924,-0.05733469496057397,0.11520157778377794,0.05527548952126929,0.22186652107889213,0.060715610923279276,0.21072729720038041,0.04857905556369738,0.19999910050596112,0.3060341543836832,-0.006804713836624038,0.1292035721730908,0.37487824159100647,0.10665888269029217,0.10617882702296483,0.178849894735102,0.10410808640947543,-0.07072259945705525,0.21322873748389387,-0.10029484138651928,0.05832083488616582,0.22074257491566485,0.06434575713572144,0.03063035075355959,0.18792639051665608,0.014888521316561348,-0.022222571959195372,0.12745139874932834,0.08170767015874092,-0.024367311418884194,0.163695253999487,0.14644876055772338,0.0640244983394368,0.07086679938750536,0.14703927420091567,0.21903614197520663,0.07172067898906752,0.16546884930081446,0.1565200217084599,0.18793072927089766,0.10393091987434654
close,0.008767448593364216,0.05375008468000307,0.1342853465781648,0.2818464378381593,0.05159803768037216,0.18047874435273992,0.06719435493232401,0.11104687558861358,0.25153967492635926,0.17642925814204333,-0.024129927274095686,0.042752497618840916,0.2256221344441359,0.11418780426284954,-0.014884011961586355,0.01810475550262791,0.1703493522711172,0.19944102812176304,0.10178553014821745,0.34753138009361023,0.18241523634556386,0.07565189303670997,0.018429395190065576,0.0025115695360958534,0.13354213204803694,0.05112229550865932,0.2673743753983425,0.24663118029178596,0.16330665474972272,-0.017899617295689563,0.0327781127447595,0.2255677525741101,0.04369338002048981,0.21221417339195245,0.1474603923034761,0.10517178848131874,0.029716718706455897,0.09057561564752484,0.1189647954874898,0.20325388983011217,0.011426439936624538,0.07371831574738849,0.10448231319322848,0.16626783576861648,0.009153566247722317,-0.03165697928872152,0.16739651517100496,-0.05179491149467033,0.22849797147621684,0.08440739025170921,-0.05475310822744464,0.05195797805965058,0.13791236330692372,0.046729891244502234,0.10200297488243476,0.17400783657052865,0.07978096646123804,0.006294232353386636,0.07010160026281591,0.241484013645926,0.2685064345333184,-0.10199261739422752,0.2091027909191477
close,0.12501477160353563,0.19239826791201503,0.04495117397323705,-0.07682635095014861,0.15844887886474618,0.0059022738717283,-0.03882924314848524,-0.03184013824734663,0.16009137824153347,0.11394524660291973,0.17824660218746738,0.1669075254496365,0.05790664354162342,0.09295264261225443,0.04885624712174605,0.07896722271345093,0.0032745262018934046,0.1390484293874335,0.20751207489817566,0.018338697017901334,0.22812696454013426,0.11135214964779418,0.12410789764058133,-0.06994295196075181,-0.08072623095657341,0.1144116362779682,0.17897321246320078,0.03286195563550476,0.2670093900583089,0.17349359742543155,0.009165874829201476,0.10308486670535072,0.3476929133723412,-0.024256400279970558,0.15282699389151055,0.06772554472766576,0.1706896290918512,0.22672736463183818,0.06137629112886326,0.2118912271707174,0.3221203394271961,0.10662747373442348,0.17848886874941855,0.040955922979672515,0.10192593090312124,0.08233249072917576,0.1796935925658596,0.22046759357569257,0.08903451508825407,0.25336228457329235,0.2530047441561629,0.1846853743179901,0.048397346827827176,0.03881711832600973,0.018761864530996125,0.1949166070238161,-0.021176820748936426,0.16768376541110072,-0.008110934782411289,0.18235461198419736,0.10172195827305607,0.23336385618598277,0.21414545783212713
close,0.24350654120021117,0.24608187182891128,0.11436308339881977,-0.01587930664246047,-0.005252305499737847,-0.10868485293159377,-0.008366583342809347,0.10688236577046491,0.04403458191748379,0.08198643955901487,0.14927154194614012,0.06959347419342421,-0.01218288004125842,0.0946766332436568,0.010150951322715512,0.0729213503020937,0.23427769644230034,0.07294946959038254,0.2770957553347745,0.243163598693797,0.04206946914209569,-0.011112376641577562,0.09474458380798066,0.21533277633968892,0.05098090937713118,0.19080902982621392,0.22084399891360884,0.02259743496373942,0.03239489117114129,0.1712662032127007,0.11518475496415706,0.03139384734563212,0.06478195518804128,0.0929480447272581,-0.05648544249554607,0.17656431064826952,0.05213078110608088,-0.17837162237980989,0.09761290316905473,0.02584287411064924,0.26888221923026767,0.04145549790800318,-0.009764336357861086,0.1507932669962016,0.03395526319924168,0.022054379874776778,0.1509501382824406,-0.004046730788956607,-0.0457273658199453,0.27259980020943375,0.1579498737600645,0.07357907150056349,0.0996522790298064,0.15058643581161563,0.1973337449613421,0.02440247086849881,0.13661465259656824,0.049329582378976146,0.08110187554873757,0.11606928674649047,0.09933214269473278,0.17355668983025718,0.1487086559115594
close,-0.05081692093721776,-0.03578232070654422,0.06302833152407072,0.2828625262441825,0.014840816749839766,0.07917772903872472,0.046365397304347813,0.044595561591192004,0.11782397439050557,0.24007772761956514,0.14559683998805892,0.019646903857290773,0.37532295108032077,0.1078573220961126,0.04227790436178867,0.24120963746775895,0.053092938205618154,0.2662913654987443,0.012935720903333336,0.24300303889213692,0.12010476642816945,0.22910522327024338,0.29017657087015447,-0.013260729052125386,0.22757718207583225,-0.040890390442540475,-0.004718435524822831,0.019659054020756295,0.15036366361778614,0.10330158769348596,0.08328639158371641,0.11462352790223611,0.1591289589293473,0.16682481239413527,0.2094166835615131,0.28200348127674396,0.0978637627558523,0.047891103786908376,0.16135361291851885,-0.014425481626462025,0.03212958678883886,0.199938094639279,0.0875871625182296,-0.0208192458358039,-0.048980306536517415,0.10487166793938074,0.21418965369680099,0.21285457775311867,0.11108805028928374,0.30089094190961285,0.08951796340595373,0.08614323766025893,-0.15674359097389998,0.055263705083878435,0.18520150349084946,0.2563961336859704,0.016976536633271547,0.14622523292930487,0.20468790323232877,0.10112081531958991,-0.12832804575272302,0.12472899995742524,0.17614306240608932
close,0.005257710498154114,0.0745845469125613,-0.015549604212876406,-0.15701475485803526,0.20270044117876565,0.09962514661981485,0.2597674996704983,0.18573221919061772,0.06457902383345511,0.09168193398955914,0.15661773907701726,0.19668834167557436,0.13226706307420116,0.21055931452894844,0.07033312633255286,0.00028564532143136867,0.09351907464388698,0.12051848907361837,-0.020153539473928686,-0.0336722084146622,0.14473862964734274,0.059364314862957644,0.0834159094337998,0.06403073342991766,0.2520600901763212,0.22617611603950002,-0.023735369003916817,0.0467206786919553,0.18500042679695933,0.16019362371032422,0.09585420376702145,-0.013760020496423525,0.03174599538464544,0.04832324324537103,0.12769943311191007,0.27037271546972375,0.03131197652118721,-0.0026035247555240143,0.08914135231720567,0.2031738980514059,-0.04468829667607033,0.2453634150874948,0.08279686378843305,0.02656799976866263,-0.060018928676215944,0.17065207734206272,0.08288288047584652,0.11707054827545069,0.009918825898863615,0.06809039657489763,0.05134187536452622,0.08994068946217926,0.033044767362418945,-0.05341809606872214,0.37284997452966073,-0.0363404247337514,0.1181459006942539,-0.07720278284240423,-0.09970474366179749,0.10978264918522676,0.11743675877683034,0.2261498990802384,0.13995468410157058
close,0.0850189281254209,0.005039975593499585,0.24990120682335487,0.1928851246050224,-0.024632947774842456,0.10379637282106353,0.11440522315264968,0.06543463433943308,0.1771850485806795,0.18317331383481772,0.08095143021948942,0.07191307542023416,0.24989584626675318,0.19328388923622372,0.10723603899083846,-0.06292090390800537,0.1344000106305036,0.16980834649176682,-0.1754521628398373,0.12518694483180257,0.058330801320426465,0.07791457198704485,0.009261904723667932,0.08518107095963581,0.23919915761813315,0.05536015011844844,0.19655735587931839,0.01936687811203898,0.1758756192656039,0.10016558556219513,0.13520248287892805,0.10071532560974876,0.16416252324412084,-0.15675851179337583,-0.04198253134575697,0.1417080498008645,-0.10435383538962359,0.04694196443527907,0.09456591589633503,0.01718598623871033,0.030843859730622633,0.12715822001535926,0.20092949557798093,0.0041550618745192225,0.042494180381262986,0.026873902667295516,-0.14213797518772786,0.11417117903175088,0.19347177458284923,0.20166432073158824,0.012923362355926116,-0.025169804852014255,0.10216055475916846,0.18292736865664674,0.1154850448310384,0.12893046358737614,0.21418309277362335,0.026086344076929655,0.07800299133269702,0.26346055117612016,0.0803188876902373,-0.026733696596657114,0.033064390374970526
close,0.006182014877875772,0.13571625857012706,0.010405299641122107,0.12710342528612448,0.026393478145935026,-0.11233785383982281,0.1306619786981922,0.1148463681546889,0.1517757815708841,0.03270127808347434,0.02204555246406234,0.14014668584815457,0.2519019572530981,0.10111680095063277,0.1424585096047145,0.06784123155742927,-0.05436305218736848,0.1967429419154058,0.1908414239086162,0.1710774025175194,0.08180545616575814,0.15970560997385408,0.18937617973878307,0.2620158684956707,0.1988526104647442,0.1063821225033639,-0.030825325542437165,0.11556582976717411,0.1256577395849308,0.17090297753183042,0.23538918593234257,0.09048494879432208,0.31009871898131114,-0.07592870200405774,0.14193418724616252,0.020147960781597182,-0.09072219996888028,0.07982256237008414,-0.04571726984209565,0.08385721019671832,0.10347692480944568,0.21185414093359495,-0.05075851347639376,0.19084451656457727,0.1098080450279794,0.20288491536095946,0.056824882496887226,-0.03322445867634455,-0.021749932621586615,-0.029180745366711613,0.1477814152920655,0.24769220222146995,0.04350484733447796,0.16291352982577834,-0.052344205813562,0.11803212491772991,0.16685626163371267,-0.044812477527686856,0.07961165310201455,0.17159171404855653,-0.19337706472294772,0.23354530617017427,0.13536793758910481
close,0.17167276477173427,0.058728072080523566,-0.07227224815653555,0.15340629563169517,0.0917409674583488,0.10321154554323207,0.20876069851989537,0.17620638738625982,0.29212374170896127,0.1153854228873499,0.030878756220888287,0.08115831530912737,0.14156633725386064,0.20158565189929775,-0.04670339514387187,0.1008537615179169,0.2609541657038369,0.07597911289974799,0.19310118548691046,0.14931175272160052,0.195586060652498,0.01902394584000676,0.019459832993441922,0.10202718921222881,-0.05322217872403115,0.07302593933883424,0.12528766575156672,0.27846356069497724,0.14027181892698218,0.16252284708731024,0.21644758470500058,0.0035342411104943433,0.08349173376290144,0.34254125918038925,0.09208777776154914,0.21164307487822073,0.19637378771731073,-0.04781137143876893,0.13104792770059334,0.11467474722052257,0.13299587878404348,0.024588752020894,-0.01169195119121591,0.05239899999791487,0.09022050029157971,0.2184984447600316,0.2817310819725607,0.2396597846223178,0.18601852107818442,-0.00043402622995898643,0.059110382501050454,0.12099260524129979,0.0367560961923825,0.1577205652527951,0.17204861082542877,0.15362900625654685,0.20251346045575813,0.0095408786286926,0.1932828704092198,0.03043545498798038,0.005906404735711454,0.15321161341863818,0.22158735621989809
close,0.148801348637601,0.10208040237725442,0.13101538261015072,0.11364269180672802,-0.012595089613539417,-0.02426201449449153,0.09211741205265453,0.10798568357693038,0.10113323783677342,0.16761016136499135,0.07845232838356601,0.1562979181904856,0.08554132326735522,0.28233589620364663,0.10807137267264467,0.3340722611525677,0.13520115910908645,0.07863228294117844,0.010055202374032554,-0.04428885740576935,0.0008557715603843274,0.01203936908360101,0.1394820020412177,0.04738346289398126,0.11869270525544977,0.22819783623766862,0.09121916483651464,0.3079156698466804,-0.017581098033919787,0.08494164516250723,0.04606870763890213,0.1936506606057008,-0.1239791630366121,-0.04431152891778112,0.08926531775490373,0.25513777210094934,0.12258418340373073,-0.035154745426423384,-0.019716659269023024,0.2672989702844953,0.037886520120375924,0.005703662755023597,0.24773725606308605,0.2011097005586991,0.2274059643266796,0.004995811973418335,-0.052510564101436064,0.11331664893627057,0.1335126133073664,0.1364601803704832,0.2478183935639002,-0.07337670900082482,0.18596950512977659,-0.009662504414731779,0.18557353208608413,0.05250432954786226,0.018602820410948837,0.03900972930507978,-0.04456102007765625,0.10404289398334672,0.02273266093395429,0.17862982309002784,0.16400560810329173
close,0.2688157052902791,0.1366327483541077,0.1520677767080074,0.24000998118278138,0.03723373039733037,-0.048825821282303256,0.12000940591283937,-0.0422633469214404,0.345393867292539,0.24554982920789434,0.316397633330158,0.10624469766631293,0.1550573593701598,0.054052456804735596,0.1882924805586752,-0.021554321205105698,-0.15430931894747787,0.020928938051143334,-0.045547347561731566,0.24779267361595358,0.28156774550803165,-0.0402929072413111,0.22917156075212397,0.19513849835007704,-0.05697766847188765,0.06097324690683819,0.04198362778754803,0.17479953986272,-0.022877935090501372,0.09011273743405177,0.031406549605038206,0.14733411833851434,0.07832079683120707,0.04647542960596049,0.0786703424367922,0.30360428328401123,0.058310036388061086,-0.004100521828378695,0.15834335691559653,0.08564753305770434,-0.041523393086647264,0.3231496335202466,0.06475210544133522,0.062213054603864885,0.11598353519080976,0.2730116769208839,-0.06797453265189957,0.12759858494205398,0.3087272161793627,0.11287286807396484,-0.023533397930347963,0.038160314703934745,0.12068825297567906,0.2330803915639862,0.06606641555839393,0.18266517974324317,-0.04353688270468892,-0.04437183695950547,0.05171993113150504,0.24380287218732621,0.10688746395137692,0.12898111955666194,0.12780795955735272
close,0.21092079825867308,0.03897793074621461,0.16882851084882322,0.016911733614486987,0.298327265592076,0.019960889570331014,0.011761069692137915,0.15496698134880496,0.10797884314323239,0.13268524062609344,0.12273137954923181,-0.009039219880743882,0.26133589290794845,0.18935422058891094,0.2358949951267116,0.047166911088957576,0.14165235447151714,0.11973684622346911,0.21280026262015078,0.2160248131829619,0.1193050802958115,-0.05179511318432517,0.2779661887087689,0.15559874336901391,0.039156295860885794,0.1406542138266695,-0.051109354845252336,0.2055353067471044,-0.0471211744279153,0.07791655079629174,0.12444544496055499,0.20388397119820936,0.1106544676434374,0.16349628736125504,0.09718330915504471,0.09678140490557174,0.10854772503482973,0.08109420791476254,-0.06865702430814355,0.023167650630337183,0.12447748411116985,0.07508789965112811,0.08441909178180934,0.06766463305612846,0.013640160726818215,0.050690053902370615,0.06931682556114054,0.10051431405418494,0.13933783444697123,0.0819449709114261,-0.002965525569241942,-0.039808203991878316,0.3597437207375225,-0.012981503026456315,0.04813749987356171,0.15170003025139353,0.1360860609565681,0.15208656925615727,0.05572829304678246,0.12385580706395473,0.10613436642408637,0.06878686324587129,0.124540974177134
close,0.20553655467507068,0.09777997765646752,0.09844528463564255,0.20681610348759843,0.19613603598188134,0.25839364409634835,-0.07562302344795768,0.19051191831693895,0.16015800454021795,0.011434760224673463,0.12515879179988448,0.20511217477579985,0.017084107751459993,0.14425624290228073,0.18713536757310176,-0.0071019562531488,0.08577143075548521,0.13009683766424113,0.020386849445704527,0.012084680090645394,0.08649553981372259,0.1801639716903692,0.16437340011921098,0.01385872708136579,0.16521678851156862,0.01640602238334915,-0.06101697979934345,0.06328564289527687,0.21229693715857356,0.16559605521413734,0.09984281926268058,0.05832945164089425,0.061023786388356885,0.11087849058607963,-0.006843748584582879,0.06518926547987028,0.07844305386402312,-0.03510744584514974,0.016155174910242515,0.14105067914863817,0.10095118399409943,0.06912382088066171,0.00885725624620362,0.2576849825589217,0.016202078532068148,0.12515928072617374,0.051213091192620463,0.10362792926383352,0.14576097419403725,-0.0370256589207886,0.09933837558465121,0.21907286489798455,0.2761501893492003,0.0869986026744869,0.10416812072169088,0.3211333028601533,0.21349242815991984,0.03827154307447811,0.03810165491138771,0.19565494617872686,-0.0011037130045730564,0.2087726751338853,0.13342999637510083
close,0.15177207640270726,0.07432661965199468,0.03701751957535902,0.24619928308683203,0.07532627194465251,0.05890649234261383,0.0919862932120191,0.1193022132717943,-0.0030825126719448565,0.04351285057930884,0.038196792609394216,0.18452803046068483,0.011403743200011071,-0.07557678577580537,-0.09670945629061542,-0.04703801346757172,0.23615382028481113,0.10162065994840518,0.1501249086807203,0.15364877271213292,0.10561839183923204,0.09252187033486918,0.2044526429818141,0.114599591431264,0.23990974792634145,0.16208299452898664,0.038220372651897205,0.050286597613006384,0.027253519354572056,0.22175480219507157,0.059494904705444725,0.02015272032003676,0.131977804112682,0.09028328936274968,0.12945685125751638,0.2889813903893843,0.19130708059288598,0.10270105543019065,-0.040842338420600866,0.05000375027913644,0.17110461025453033,-0.01710410396618163,0.31409702963303543,0.10144165626355486,0.1048848393209485,0.03333548070420221,0.14967377567757184,-0.01580018065222319,0.3164892589101458,0.23173513046520114,0.19842964451970457,-0.03904290057898094,0.1205413270457751,0.22090863980140046,0.15931053993577393,-0.00021091046337748387,0.034990624469134465,0.054806386199400946,0.039656216551139246,0.25287788357103075,-0.09210131388232562,0.16559191396588366,-0.02923033749284512
close,0.0038748512548932162,-0.10097333668687175,0.045094556884113415,0.25107316515392136,0.12648242424647782,-0.019836154699909694,0.20171476743793126,0.22313042635686858,0.11040464810390857,0.30347491581525904,0.18215641246246145,0.1682652507292588,0.019662129283370994,0.16273984856213408,0.12167912776044934,0.15198290026710268,0.031541438085866944,0.11280988843589868,0.018313849978504187,-0.1147132099966032,0.19983045685783835,-0.050238898168951746,0.11071864647824162,0.133300212944904,0.13265630158630548,0.07169209264017498,0.12712114752799736,0.14709670697851623,0.17349648157519848,0.27334413393842627,0.12341941514982055,0.10640488450177019,0.009327103464990591,0.1435946323899337,0.16673831031405686,0.08076968157183728,0.15446125041840372,0.07074838064506583,0.1670992652088924,0.19126023140297438,0.18986278667304857,0.11178443261413007,-0.003996815161705136,0.03880869473581793,0.15951573238847286,0.34488123057402276,0.06592792284679182,0.145583767838814,0.044394744252059665,0.0026032955750899256,0.032368413642263755,-0.10824719767026716,0.23534350629077508,-0.12301302529146138,0.07361717695993672,-0.017812789535005452,0.011561978463779557,0.2376522659738668,0.12010669900313921,0.0034603840818299425,0.04104828675034892,0.023451877955791428,0.09564543279211195
close,0.11728916847876926,0.28955747732285597,-0.09163007659977071,0.09651876852420475,0.06844323074654779,0.19465485277167824,0.13548181181783936,0.15903622081149457,0.13450861860150826,0.006800887471646047,0.2211265496493013,0.1798504904615669,0.19155297917247432,0.22640501705071647,0.141767510065196,0.2480992404117493,0.13776395717866413,0.07809414119753914,0.09933960895166354,0.09761562318638836,0.048060867790945705,0.2631888848370221,0.12962953655036677,0.10947384758329066,0.13882742549264337,0.3979854516737147,-0.013172418859965937,0.015496148828372441,-0.03805710174469962,0.0767400761564514,0.12455184433273604,0.05346774816589227,0.046027320184823,0.11424048666281324,0.04978921751703025,0.13101758271828381,0.21142343467426045,0.16770304698008065,0.18810133471652024,0.20859184115067197,0.1282828160118703,0.08413589739568988,0.02277469291168044,0.0608821836364279,0.04763144673231056,0.17316723266209116,0.13467825545941964,0.16967578627143015,-0.01603368561001514,0.24317494842410792,0.05730196284932376,-0.01000166420746626,0.05607822351781873,0.34837659925875086,0.06122831335084325,0.06749035285290746,0.0807895319370324,0.08513796165685447,0.021852393419874577,0.11432130832061305,0.20755949081983305,0.13142893154787072,-0.011116529889998561
close,0.06556540950662916,0.04484725998983703,0.10529394682348012,0.2330451671562317,0.0851117203979117,0.09118451311296093,0.2777644818819429,0.18762059916716603,0.15740812821065353,0.29581316153017756,0.14898112547940132,-0.09865271419775223,0.18326657578803607,-0.05920084571186501,0.14520053685824477,-0.071374357412924,0.053314458960008054,0.06362154703901288,0.022988089276824678,0.06511480028088,0.20325617203605525,0.02860470878404467,0.1545140879510541,0.0034350360392699786,0.08105004236078708,0.13238392663274504,0.00034715833814402686,-0.031172043291068985,0.14918781505788883,0.21230803993406389,0.09209349805126278,0.05426870934432958,0.11556753876883868,0.10554799187653806,0.12429025407112515,-0.15282451003137146,-0.006910429116596312,0.015476989456314622,0.11508676285115627,0.11858778836222664,0.1636180488684036,0.12575817492104369,-0.03007350703873357,0.24470046175850602,0.22719183034223664,-0.025819729002692582,0.1332705294374183,0.04045756147569843,0.11388639892005484,0.20533102796418706,0.3130104266320959,0.17512777051426104,0.1294934735110136,0.06601788316917029,0.11821348710111765,0.23597718933283138,0.09552912432404147,0.011388734865234978,-0.061968986551662664,0.1513047867410251,0.12472881256277393,0.03540918267377034,0.20260141257072978
close,0.05782231356123696,0.08653559081752049,0.09833358667020566,0.06490472578619119,0.1235865065749571,0.21515151459330012,-0.014248189811842282,0.14885201384740088,0.11721586696064411,0.11537638295447063,0.1871844569874091,0.10492974252171587,0.1480229261905703,0.17158646295711472,0.04956347996193934,0.12991834608137984,0.07492123927893682,0.08673182202801046,0.06779386035216681,0.14710804040968864,0.10816447090182538,0.13945440343166743,0.09824826371042517,-0.0604121012470325,0.10313684160997086,0.1063537955156817,0.12425959371534603,0.04062708063142581,-0.0195469716665512,0.1624606644894278,0.07263934434658312,0.11712440476849958,0.07185399201117044,0.09939381742264053,0.05507146520641917,0.003191641084617197,0.14737316607686574,0.039687991177388,0.11639514808948107,0.1410460221902078,0.04131872843969184,-0.020388563437298488,0.34260856138530527,0.04722281240545739,0.16234171586011586,0.2939463549570124,0.17899077468538932,0.06995571911724485,0.09328836124648887,0.016739278026115162,0.18816964269577424,0.15662707080586885,0.04855741817382569,-0.004217480709844443,-0.032123373766369145,0.1986514003804201,0.11203731289555609,0.12149845363327516,0.01770513741376427,-0.046350310330440625,0.19626135747116324,0.10420390369972309,0.19072346600576204
close,0.061406687348443595,0.07631821569631417,0.17132981766206323,0.17323480796505247,0.17975656226859543,0.07047987468973038,0.1614547237650868,0.2109099465476719,0.08952279883184658,0.04865116362259464,0.2342747603316766,0.0345554266448693,0.1629476497114477,0.09415776894801386,-0.08415656164845606,0.21285940674785803,-0.17578536295473682,-0.09841280667576088,0.15273300794806718,0.15270711986781155,0.03624201421224643,0.1147822090303245,-0.15314300457780047,0.17069754644705992,0.1249725487053597,0.09543571466662046,0.1020841482137772,0.14932541761930318,0.09710984765021391,-0.08740555027312202,0.3196332234522523,0.22008008194284512,-0.02849446619548282,0.06548627695234097,0.07639658098439592,0.20788495665089635,-0.1159268935319768,0.050099173557021086,-0.07606364433375037,0.07149044841716617,0.05274991069150956,0.10796940673827123,0.03951256009908166,0.02489766086094758,0.1619656691763148,0.14546727409425805,0.15513983427782424,0.08230999095091573,0.042826141777481064,0.08811475179792293,0.15011620700684522,-0.11767797009718484,0.13941119303708582,0.1309138187334798,0.1062150906085727,0.08506865781283249,-0.15661193859324138,0.05601467368995941,0.27894387110773733,0.10129012955683057,0.0692710161325282,0.10169061955901126,0.13547728686280086
close,0.16588202446894645,0.07711198368420583,0.1424919602393684,0.267665080276136,0.20062507994327153,0.33403002158569794,0.03432296416482837,0.26761895075020153,0.020932636007740535,0.13535661467404633,0.17324765292380995,0.04892228080955276,0.10879642774742758,0.19104611024518411,0.028972910168809207,0.26693834595476473,-0.038459662472734885,0.29396914427283843,0.20013261347995923,0.09102744236722214,0.059733178876326856,0.04929717372089764,0.08642043597429852,0.09515041384511738,0.22552262466345818,0.2968654100384584,0.11993799206540078,0.015437151201059568,0.0454273959363806,0.08169092153887156,-0.003012210529677553,-0.017894140210737874,0.30971272123730276,0.1302613525946254,0.01668668663196532,0.18166035703577127,-0.01783461248068456,-0.009601204787105355,0.0196957598935755,0.26545132808650335,0.07471199342216261,-0.14417069869024868,0.22100659331755934,0.06936186358376425,-0.08494080058784056,0.06833165120365903,0.15210038966049033,0.14040491665329694,0.27984149791648194,0.014723213743006947,0.10467201202649723,0.030043072142157817,-0.05421928941872231,0.18855273723059549,0.14632695691475203,0.1283678449698853,0.14267901932586446,0.031452714731158,-0.0005695087318193376,0.10376473721693603,0.2161211402411614,0.2608077135453547,0.1795432706807433
close,0.1029174426768096,0.1269783929399936,0.10115938593253715,-0.0025943339699428247,0.1024647378210543,-0.03348268175884933,0.08759227738969605,0.26361051105963196,0.18228592227833518,0.007688081576347025,0.09275709303577169,0.016562368824526205,0.093748623182279,0.20411078165245633,0.1653007938309904,0.3484144080745336,0.21924774025075716,0.12040003810776916,0.16771499741332932,0.07975568258166643,-0.012750424708649621,0.23057765782875206,0.2008991476931648,0.07589457854060358,0.12739357369313384,0.22409391873848064,0.18463514262060202,-0.046310125124969875,0.12436200214898244,0.08323684745116361,0.21130006991386807,0.20310427387826613,0.2318607828178045,-0.011789433872020763,0.021588846594376127,0.21140824361354388,0.04083541846575544,-0.052143298091430756,0.15325964876140655,0.04527815597340273,0.2789790770308401,0.12961845539884637,0.11602592866416656,0.0630756108384243,0.2590835333926972,0.1358554459889821,0.059150048184379356,0.02059162933945531,0.09265269454357822,0.002235316284519437,0.20288774416789443,-0.08083420540242342,0.08604859716669293,0.16101335450879345,0.13421194201096573,0.028271702698433113,0.16602587067065494,0.011396061161409246,0.097761534350319,0.16518415719803559,0.14629127794931132,0.0324960988580532,0.21974945165643633
close,0.10866945714855342,0.17429954109391516,0.2529101006673248,0.2117520548774607,0.21201294063310439,0.11926799298494722,0.17939351209105098,0.12135965745643161,-0.02093244677784134,0.13027437925050425,0.12563609837384657,0.15837293615218193,0.08720030247866048,0.02385444432361493,0.1656506083175227,-0.03132722872522481,0.24588191358564693,0.07685819387950077,0.12455281720561683,0.1558558153281572,0.1590688044844191,-0.040898429995173485,0.18240865805442638,0.13031538283762734,0.036473861544139105,0.025033304905408615,0.06659469179431546,-0.029874168661049194,0.27222673909870254,0.24861513251433442,0.14517002009759394,0.07766015836579092,0.08028920120626047,0.17580657061739682,0.27578268995019506,0.04296032604032568,-0.011758604262332412,0.2547640773595271,-0.07871385875844514,-0.0008530808252646266,0.07531421074891473,-0.05604334678050313,0.21121490628065984,0.18569052705051,0.04252067727846829,0.22796141191777478,0.24492924284038264,0.08868293517099365,0.054933182243199256,0.32596020277424786,0.1721161822084155,0.12563246529688535,0.23635459466396125,0.13019306350030213,0.04943794140808116,0.10801597604875535,0.20386542873197352,-0.09921855663492138,0.0711969260560779,0.2383057398581605,0.048813159890648244,0.254610856043141,0.24147438193598128
close,0.09344708845110487,0.04314606951109993,0.07126411258503655,0.36646144920014345,0.28744244469332436,0.11253909718067384,0.03918464483795906,0.11170410355812632,0.12438269266167648,-0.024335873760935406,0.10800412692152603,0.23224043248117301,-0.07993566812164735,0.18265839651372484,0.23747979700547797,0.043944265490563184,0.26941757581910564,0.030966293755165464,0.1441082661860404,0.06932273153363697,0.06930036428373965,0.038270093024195456,0.169857548086202,0.18488054577314492,0.09355778004228113,-0.03599682136722743,0.140317016663439,0.1422014359410694,0.07832849886135726,0.28672312871808087,-0.056392926490065415,-0.1217283710253568,0.026916510030232918,0.17104245340914495,-0.005584463743384088,0.001902908147392468,0.19510213361781548,0.14625479227977498,0.13770609096283998,0.17814289194655283,0.057480704672711574,0.062101592594180875,0.1809779272561425,-0.03448867807811995,-0.11427198463985463,0.056671582637214564,0.19308732890656916,0.12555596989868034,0.18572915041230154,-0.10162943104231653,0.1315496808323492,0.16538645046423778,-0.03507974226106847,0.1862057590546545,0.08884811034942072,0.4071336701606002,-0.11772360688967357,0.2369114367674751,0.060584190347392625,-0.061715171444004374,0.04730448564350081,0.1277479241337466,0.20374666695650434
close,0.2721964288132176,0.24218930887043427,0.003461797929550564,0.2130164692266117,0.13912849571208738,0.03453969790710121,0.0788089406522519,0.02901573405552761,0.10370923419364558,0.027034211770587985,-0.002799407321743913,0.1479119127782772,0.1628730548259637,0.08124029999083882,0.23676513039359726,0.07395694135048869,0.06972254548744618,0.16604889823456975,0.08675744150566633,0.10847977290261435,-0.15204384706190652,0.1016707384737975,-0.08271959374712601,-0.022095057099887058,-0.033532253875550505,-0.0042583153533826135,0.045114614036774706,0.051350738445451474,0.16642752042571257,0.12223878141346971,-0.09010744288179859,0.10832946375468078,0.13182552465834274,0.0671433483747042,0.09391140230932975,0.11903101253970567,0.17645995976355802,-0.05748799874627347,0.0755682961360351,0.2508336098057729,0.24166613082979563,0.185093692777578,0.1536824683955676,0.2654634748402088,0.29178480016066655,0.08709200119531477,0.0030567556711679905,0.07297076823755048,0.4096695513772054,-0.056935634272519436,0.05294608604705828,-0.04126911524926313,0.11247638628773854,-0.02026910288948676,0.08912489771663822,-0.0950095160018759,0.16176206650846506,0.2222345256467975,0.061605637793654106,0.0864869992924298,0.08365927692686878,0.11809106752250254,0.09618304130335718
close,0.17681169524306942,0.22330391334509458,0.01859287775078171,0.06906715072257033,0.19016194489247448,-0.04216690480590324,-0.09707212818455699,0.12263159528984786,0.14963464110704922,0.027769981204640776,0.04213489458795449,0.023980767825910118,0.013307476065556559,0.16934958206046002,-0.018049848699763865,0.07344771385666513,0.00946638324851476,-0.04552889759012155,0.1870178174746771,0.04801747778264612,0.11884400804207569,-0.050807587980101016,0.025806054624352412,0.17560878806950056,0.358727145584531,-0.09762160643903117,0.07988922047105737,0.14122805981435,0.03838998467607163,0.1849521986994124,0.013326732933968688,0.11538476602166414,0.04779280955016402,0.22194310829547725,0.03236354969643944,0.06481262037134841,0.19456890374971553,-0.002803865909286357,0.10687500567635723,-0.08225343436866017,-0.008793345862907476,0.13821312758908036,0.0009302490463767576,0.04554270681762084,0.14930864020479379,0.04208138588530698,0.1822842073216358,0.12156627874860644,0.1435683111924503,0.22409655987385324,0.13198230626140658,0.2538847290469344,0.19112622830378237,0.04765475701655433,0.22931480750212715,0.12638660209029454,0.060532029133949665,0.12783856953208828,0.2112326824390263,0.1455045094242222,0.2822392832551398,0.2086530557898822,0.15231600334021625
close,-0.002606808274115774,0.08202674859898793,0.10716641397508514,0.1696631501217747,0.16373330412721926,0.11695404102182863,0.11203499153771712,0.17204568950760696,0.014141377437001418,0.26955158192498563,-0.10471668851634713,0.24554094821720293,0.0954814471574838,0.20025798142715942,0.13638404342926128,0.1346034410910802,0.15542544760265212,0.18090542890877787,0.067116917341276,0.20347991305262364,-0.008447062357878357,0.09946694266738754,0.1835969924272277,0.19950175796158895,0.14607888482614012,0.060660756204426444,0.18967077783687036,0.033063376088124666,0.2751409073748911,0.09153291025003359,-0.053962569420596046,-0.019468346801655184,0.10436436368795876,0.11398252713260533,0.2969656684951095,-0.003849933761422647,0.10394621993039307,-0.005942140708205673,0.050734514678659665,0.2683972030069338,-0.013633622315599087,0.15870424240678338,0.13929073590143917,0.09758285736417914,0.15194366231917378,-0.016002038194328855,0.2656322507803558,0.29248454951235214,0.10471046977593135,0.3423106130613554,0.06009720684500796,0.14004319938562804,0.24318890637745136,0.05409955397770905,-0.038154905887943846,-0.06117170656188539,0.3060826563902659,0.04709753493612223,0.08142632365815014,-0.011276407832105442,0.19483392793291884,0.02184401407754151,0.05087369723386781
close,0.12995204194161605,-0.006404592724557248,0.08214177304857746,0.240220958950327,0.14282543975168632,0.11305422924283585,0.12148647094638651,0.061086490402343624,0.29961523197549256,0.01878428694659326,0.12109261619639301,0.11150255663428071,0.20087625071331353,0.210317393879364,0.09679811955129293,0.12906664931130496,0.13285347539139483,-0.12721416555706072,-0.05889896024777755,0.03949363092780294,0.043840132362313114,-0.01992824219641323,0.17495825713736302,0.10021184210174726,0.07853054526131628,-0.025615527450738668,0.09554551357552116,-0.16266847559986117,0.0837043689194159,0.10631836688077562,0.12419149843214987,-0.056410176347928,0.12248167366914749,-0.004143126986454249,0.0187530167707666,0.17179313858226647,0.3014113723359744,0.10513587588026801,0.01829045413597677,0.11886704475099986,0.19390291574991456,0.16209975658727355,0.37431128724637464,0.028466243090533333,0.12522314799192982,0.2548917953418203,0.2486159237018532,-0.09500779265243806,0.09966423799600188,0.24845207658486998,0.3890642990399138,0.17037958837508185,0.06321367063035163,-0.0009203152437389922,0.32187433575308494,0.1728741586465759,0.015193307311458251,0.07968436336662188,0.1310186516828704,0.1543806653888118,0.010038134245421007,0.038580958187450734,-0.06529345623729599
close,0.20397622896047818,0.06583815332296838,0.14663216491832923,0.2422258508576327,0.12198701423739457,0.08870295240509321,0.11939214768839343,0.10631936038502268,0.2246164997877945,0.131083839753879,0.04555989804210874,0.20478490568897503,0.2230484356358352,-0.03383306268204636,0.25327838847681056,0.13647117732084857,0.12832699501465986,0.2006624631596515,0.04330236089957212,0.19541645141909242,0.062322453026214475,-0.04749506797103381,0.00022437208930657648,0.15670218329032268,0.005453166000534179,0.26100761231896497,0.2189283453439643,0.2333439166032965,0.1124778579677412,0.12578616172949597,-0.019371185424427756,0.19957835101574906,0.13798334550370855,0.15673056252922604,0.2688311811452882,0.039403701605249,0.08738584501226819,0.1326670921542168,0.006456459454129329,0.08124011787231603,0.14929498104669695,0.0674578728627169,0.23089894097291122,-0.051092456181699414,0.2122771240233342,0.1661185474816005,0.04311714124434092,0.0075591431770001966,-0.10802826172424518,0.020482498758616602,0.20471766550029968,0.09439142737213257,0.21629808803918416,0.0380128929375448,0.1707106160106563,0.02825013979155784,0.003442499379016112,0.08928727828293238,0.033503348868000354,-0.05428221490372126,0.08176852992830067,0.1106435416431289,0.22683586114960674
close,0.19368056771330602,0.22199431992328314,0.17203574983935083,0.13326127589499748,-0.02289449064718925,0.11498721979352747,0.15967937773308144,0.24574379493704362,0.16862885417318135,0.2240383434605422,-0.003199789136523898,0.0673582373851905,0.1429350713661271,0.21609526907425614,0.08547713541610805,0.09175540408508466,0.16871403060029788,-0.012587082714512435,0.2607404549823429,0.012086390689231521,-0.09185894235593031,0.10100670085225806,0.2698458702375565,0.15864531303336102,0.1751090543003633,0.10413857623071143,0.0847622502728823,-0.054490936959311564,-0.12593862579041862,0.11962723384408633,0.23125491943402263,0.13441337048280655,0.16235995270520134,0.258371754563954,0.1328766851441058,0.08773448996923805,0.0181475194349935,0.30222125629720864,0.15265477791536805,0.005639828408066913,-0.01711676678012368,0.22530637269289128,-0.0037441696408325453,0.2853834157502221,-0.17564627970907112,0.24225951977899768,0.14868948111619645,0.11185944230568741,0.08245415649582372,0.28907298485940297,0.17070588584012036,0.009679639110454857,-0.07189099560288814,0.11772972131473085,0.09989288664625859,-0.05198680373755091,0.09446064745176644,0.04260653669257998,0.10092900683066947,0.1725923611648402,0.24926099474640356,0.19088890363692873,0.02785592501697945
close,0.13689151288291945,0.1063107121492024,-0.033212895463090086,0.13982327846922726,0.2856672337917714,0.10324266041870041,-0.05941826797254007,0.10302686711086191,-0.021371219897325017,0.18636055068862878,0.1524864991725129,0.08290899465252567,0.06688357341441789,0.07877656983844533,0.10082744943423204,0.022776497865845777,-0.03877530810014368,0.21386989466946482,0.061459902350304185,0.11670431041691443,0.12852819511674943,0.1322020479655214,-0.01738179970984241,-0.06758401645518478,0.041130747530800794,0.13957115324169533,0.027205013252568702,0.06450786463007664,0.31272974137495685,-0.08454238848045356,0.024496600408950145,0.2896604068573928,0.09554013280047767,0.029401483450108942,0.21687689170111202,0.10552304364811113,0.0651691604955994,0.11923689270375112,0.03418911906172338,-0.001749106288807839,0.08864030723652516,-0.001099696007600709,0.10106933117964803,0.13544065674743389,0.1853060456051611,0.21279249855168275,0.05942634983677483,0.14994146079390694,0.14925234462063564,0.1327818715815984,0.052054058904954154,-0.0028067812464110664,0.15020018890665598,-0.070686256219305,0.07321605674316889,-0.1553631015648598,-0.033640242335826354,0.012286606155257548,0.20967242076292844,0.1688108024404269,0.04460653161577577,0.1729369795129751,0.18876229633803968
close,0.08393351516252785,-0.03843781442136901,0.07920876899338858,0.09021075948278637,-0.023245439083022595,0.1367046792929968,0.12798118543023554,0.14450426998941868,0.12789230971674437,0.1729843035114983,0.08206719721269685,0.12017851073709533,0.060225971575446804,0.04155007843780498,0.2338249630762076,-0.10437687015264965,0.1876759989154264,0.03794591245543394,0.024996182235687905,0.1261577484065407,-0.04896096123510027,0.0183976928053797,0.015086035348700802,0.07786017418149052,0.019586231183931144,0.2601118685639269,0.27970165164979544,-0.10219935227480634,0.15443227047657365,0.18586634390775747,0.15429852023911053,0.034188650690830547,0.07559044378414585,0.02517253452223045,0.05797359688411714,-0.020996502866717615,0.08852111783654498,-0.05028017113050698,0.07998654457718624,-0.024858168909976455,0.12068163617914039,0.03205804390571093,0.12905803478745376,0.20815807283647822,0.2589446936104708,-0.15280045890204905,0.016580590612621723,0.06969139228879861,0.14603278183814833,-0.06503545041545294,0.0017907593199784355,0.113035720265711,0.10848882415266672,0.1377618406420093,0.14436757268881162,0.13385944331158625,0.11936553166314928,0.10557397733263679,0.16647630897243626,-0.12393226665642251,0.2544333486971235,-0.12044820508803242,-0.007916181690449206
close,0.07732392033498553,0.16726128910898425,-0.19952668907996166,0.09718756760581657,0.17923950394157345,0.1994518116028477,0.030267034150254127,0.06991647130449678,0.03838518711073722,0.06073253464739156,-0.0031826550728435016,0.011074783752908199,0.1434376922028368,0.11316153732727419,0.14915865075904736,0.12140143897008368,0.17043386011475958,0.18782139981549947,-0.0741716619866104,0.014569034958563737,0.07686240425099611,0.0977322474512659,0.032990942618196656,0.1912023670988306,0.29799483682905986,0.1186161955581734,0.10843410321982114,0.18494562551043311,-0.08658397552034361,0.10284689404384105,0.1979035825467517,0.03568460027988883,-0.022656057990196543,0.08141943899002217,0.09393145667980794,0.00913477180845415,0.3096161276050951,0.05213036189920544,-0.01536593514265687,0.09063786809293886,0.19078606377044913,0.1017414248998231,0.14855939200440024,0.012848940566684272,0.24876884464035137,0.15617110279184435,0.20477015688776098,0.13651606324751694,0.18248840377287845,0.012694744032277258,0.05085895833104376,0.234648059555603,0.2559741947283964,-0.014706559971907687,0.12497360678638122,0.05690561995147726,0.030296853063513846,0.128483969535545,0.2140962932365408,0.1451662473284194,0.06804875500809651,0.15148611799351602,0.0640023826419099
close,0.1412114300730602,0.23964657004557333,-0.10771596593008279,0.17972522985400335,-0.05390549215704685,0.22283277105444615,0.03629743901271393,-0.021767137760648397,0.16952692270887476,0.13641700631424108,8.130970383418701e-05,-0.025299975716839368,0.08125185125087178,-0.020408695017119657,-0.006147297292362769,0.11156207904214337,0.0034128365744903327,0.1426539290026543,0.2490143595883477,0.08514445850994176,0.11301510619855847,0.3018096732835487,-0.01876011173773469,0.21912351951807418,0.20708575979124821,0.18543173391737833,0.22917478507326314,0.1280574965958619,0.04170705044007326,0.20945732912205675,0.2132842211712895,0.21053139014932878,0.10445020823192365,0.028380548638667347,0.11913622541116112,0.1942230017567836,0.20243517898599656,0.05703238729254051,0.13153728961273903,-0.0308778304485956,0.1984950103005851,0.021669124327493655,0.17852553595715476,-0.014930457739016176,0.2031415906434008,0.13218351900227704,0.021864230438305376,0.16913563810805254,0.04096383081946693,0.17495550374451285,0.07258885246192787,-0.0721047125629663,0.0017583759519062964,0.056958529131271564,0.2368189023748578,0.1901143630529225,0.2623861412322142,0.2653635216029858,0.04652491954090851,0.08115131402411706,0.05887200756694616,0.032848939469892355,-0.08414947093364586
close,0.09852522819831576,-0.028556559371111068,0.09658281184656727,0.31157708095629844,0.04906549036692914,0.11947740056280673,0.1906648385809283,0.1280291291965907,0.1292484187942296,0.063759756631192,0.07681220249387674,0.003998947781217177,0.18460450088894076,-0.07414916566140958,0.19710883383822023,-0.040369838474524244,0.19626072740766523,0.06461824737878188,-0.02318686881330803,0.15792986450796365,0.1928767535075775,0.05619213518964632,0.1720610548678933,-0.12850844946693504,-0.032059628974660026,0.2292408930468729,0.07763307258020839,-0.08622133264488477,0.03011338195580064,0.007659952747491927,0.08340382685270753,0.06292490161923527,0.1178931728938161,0.09305339483874253,0.2359739255037019,0.1424548599719669,0.1457671611193586,0.2165157123894522,0.06112312495704183,-0.02618774433584853,0.22069703246322492,0.11358417481081126,0.11393512078989285,0.036667007846976366,0.03831446668964226,0.18467223387708437,0.19846557981376103,0.17838234057466584,0.1792961605445475,0.1569029537259759,0.11315227300781566,0.08246203156790194,0.22103238499415534,0.06262791295095664,0.1369979213880747,0.019598700204575353,0.03407009631495496,0.07638454321427736,0.01960616232728364,0.17978518254783005,-0.03480342515450294,0.1099229623381073,0.11325080968421813
close,-0.08107995783196809,0.05589761794763913,0.12556995380481428,0.14287279932940683,0.07956927913998342,0.16768882044807154,0.08906837427639593,0.10136529120750568,0.12516538689865536,0.1926999628734169,0.03242819975844681,0.05131781274817025,0.03311035082707853,0.06678022838580666,0.24262342580797647,0.15727253193298224,-0.013108974516884198,0.039955303441132545,0.13727672242764022,0.009349221906722965,0.02746599591852432,0.2344959666174149,0.038662437152681334,0.19546668160293867,0.22553231895309386,0.026653790883103573,0.01100374434428586,0.0723867913518835,-0.008862772067362495,0.11210338785027424,0.07943480881466136,0.13605800158863016,0.23969434562328212,0.18174849807703192,0.14892397754123562,-0.09660484129679181,0.14433759821023753,0.27226276607045496,-0.20105225163135168,0.16893825429756254,0.08406414252435357,0.015020499697705539,0.18011285839119537,0.2709705900607331,0.1775230728837754,0.06288080487384737,0.005653017559184376,0.11446276337895439,0.18731692923815882,0.06129469737662724,0.07096170083492034,0.38220002498383987,0.2078651945959726,0.21501286783936324,-0.046028590605881214,0.029281132070653956,0.10746816394542391,-0.00011375578851495483,0.2600397298889294,0.24103123065906454,0.04664546626159463,0.2783918606607485,0.09957479032800579
close,0.3589389717389049,0.11446861305250365,0.1576192750328422,0.23999034411695586,0.22776333498078094,0.15107320661358936,0.08588596805561642,0.15141326999931193,0.018381582812388497,0.11521337188641159,-0.010930753249799488,-0.07808816400803015,0.10504267641394431,0.22622778906716723,0.19258046415960595,0.09180877042743918,0.27469896981754965,0.04309386091534263,-0.09178326617980234,-0.1182101294200962,-0.01811909405957171,0.1816624743262229,0.036519731653261375,0.14609586418573023,0.2646283383583977,-0.010009696257780615,0.14784997317958898,0.15389630726557224,0.01392620115268968,0.23542109252450832,0.07122929444505235,0.06162470190869907,0.3111613218417973,0.15227667423667182,0.19252905496854983,0.2354892931521839,0.03495260005407831,0.22498210970536792,0.049810588500233004,0.04553766106617027,0.07280000276918638,0.037793516505504526,0.1822156432657163,0.12672106551450557,0.050877558538288715,0.16745050331548217,0.07248175626136541,0.06719296296353233,0.10486838849015437,0.14634603556662173,0.13898476493774198,0.06367508177471695,0.18471112074394025,0.0777605848920344,0.0345015511391281,-0.046802164876735136,0.19831784809990213,0.10123900761940076,0.12108723585105148,0.20458029156995156,0.0522593768402184,-0.03743992484741285,0.10697807022152185
close,0.13079615520802956,0.07371509338396273,0.24737375780761692,-0.14861665677213565,0.21200566378997832,0.17911536503642259,0.14567707777004593,-0.23359015494690963,0.22838887832702684,-0.0026434110635885216,0.04923080216166133,0.08294073352099313,0.14074180346519755,0.163942804219255,0.18928405543192967,0.18158535100785161,0.1252927204213126,0.14159226590575907,-0.009075371582224642,0.02489731931809777,0.18954602236748325,0.18372094867286815,0.1723799416444421,0.04855832383434725,0.1910492131943696,-0.0161244452480358,0.2077359809862273,0.07391291987541099,0.26841704063406324,-0.0521442092065485,0.27634040459185216,0.06385356708365382,0.06205207439882558,0.1194838818985597,0.030292108719930322,0.09276709986976932,0.02623737347291455,0.029893646902081294,0.14868859503005719,0.009843450469648393,0.02318057649945178,-0.03727912497464089,0.04960693200386606,0.2311602029723922,0.015406635989703155,0.02683667348127587,0.11939219464815357,0.06292035662004736,0.32281544333496504,0.08374720353237433,0.13352183462173717,0.1943768784799322,0.19245778658628507,0.12332875815573793,0.08388725133139988,0.30240285363792574,0.09002397246857334,0.05583098955715194,0.03541510117059815,-0.07268032027067559,0.18216157522371634,-0.13480683971008264,0.09942771590950794
close,0.0795139365728615,0.32399651922314476,-0.08316512287136266,0.00988967130156429,0.08639035413183507,0.08024706625308317,0.04504554091899552,0.09190120905978327,-0.025956272886974135,0.13571928789949392,-0.13214853420775782,0.0974230644122743,0.039964330573642674,0.20162879427566358,0.2755311070633305,0.06689478312496423,0.2390725929141431,0.06838837193695893,0.003387347687090994,0.274590363218562,0.1520776444734007,0.10044385226098144,0.16871774750986485,0.12742150351301673,0.0930780592058482,-0.032643482730799644,0.07294632628387333,0.16232554234584728,0.08772285743131895,0.1902325761130386,0.1383655023866789,0.01218636819145931,-0.031917195783212365,0.08428215000698319,0.04757715518954125,0.1336321809621686,0.02818623412372702,0.03846076742451229,0.20530697175949125,0.1148202968627898,0.02972729345727071,0.10176418087350197,0.23789112430016826,0.1293786688274723,0.15929508094251296,0.02477654634725575,0.20264193771346006,0.3318102260463802,0.020853235748714644,-0.01818939743719894,0.11755422438351483,0.18755050498444104,0.09086103279497387,-0.005320639604266278,0.08914158382196101,0.15980922727774546,0.05929681730539407,0.16072550177549216,0.21647107852399103,0.12402306257704476,0.09720522287217075,0.1829343925226282,0.014389917256276946
close,0.004529016630707733,0.07334277150710147,0.05081205451855328,0.019665802470952468,0.2830468474998774,0.31719932094942915,0.06462949577444177,0.10917189497483655,0.0812157179936209,0.21074992401181564,0.23056455618400473,-0.07772637986896466,0.14760108000656258,-0.03068213411611484,0.27582721578752784,0.14402480302103982,0.01766504616373639,0.07586786120621469,0.07110227417338416,0.15251129428858157,0.20419126041774782,-0.014820729197170993,0.2838754500912114,0.2605690107820844,0.01246764324089547,0.10728017943623094,0.2710808544114316,0.2232918586677483,0.06632569699521043,0.18143398145678735,0.39971982917191384,0.11051599818512121,0.03673517485599807,0.11724198520913992,0.1246552095497318,0.04754632609999019,0.1441625067814217,-0.02544010597275012,0.03344661329913208,0.17582447761547979,-0.07548708515422514,0.19031675919947766,-0.10119813657057031,-0.07313245788763151,0.05010212569441146,0.12868638428193505,0.23252636031273888,0.10576227631595957,0.07534463924240102,0.15795812479848043,0.012910117953206568,0.11394151593464064,-0.019944625795535992,0.10825905168754132,0.08701636741505966,0.01957320785505827,0.11650406365377391,0.11585496531596429,0.2175454012339135,-0.06056334030627877,0.09239510923029574,0.02397376002965207,0.1869762058176292
close,0.1753912065192133,0.15078798450686212,0.029616674193053694,0.18854705829400956,-0.05301309287433317,-0.07353107035927717,-0.027587099990192404,0.09665251896730942,0.16751644009882938,-0.19760324740095245,0.23227428318797866,0.11311121961784343,-0.05677723475897753,0.1100946970289581,0.20925254146784197,0.1599441015306259,0.2099073062553966,-0.03662466293971109,0.05859947648615954,0.007530776947646783,0.2717580205044318,0.163936284348663,0.38470095889576406,0.05323904665827726,0.02753257883176953,0.08571733614048495,0.2378357221422549,0.06338803106246527,0.11244375979069443,0.10966907028868196,0.10394967612021895,0.034760153953752204,0.08627089320896335,0.08198973986486421,0.0992435340325351,0.19435168181527085,0.27606280346244927,0.015956523733029318,0.060800637521228496,0.017498810159381345,0.11871015372222728,0.04616505424890232,0.12397968337419887,0.2103626910444787,-0.15258316858046087,0.1491779889600691,0.05398129511021211,0.1460422267984389,0.010353056224979965,0.2196260988306875,0.19132806180402842,0.1568352148542643,0.17932257178100985,0.025437953282782644,0.03803762453107101,0.17524362008174793,0.023227085723138793,0.2445635046658087,0.06764089287189684,0.1501894389860622,0.309924951925509,0.02937766459319234,0.10687617508447829
close,0.20541831646373077,0.19512773888765314,0.06721846897606419,0.048326956247814606,0.07668640674549483,0.2447857766151364,0.07208941436400534,0.1078115692483465,0.0573213529076575,0.17055485647959867,0.11555250375836565,-0.0003433810758229072,0.0031175885965005617,-0.09986055665555069,0.01686785908743839,0.17939458036321723,0.2323760538012268,0.1685558363217184,0.15546322006406815,0.08734739504713504,0.17749145549139872,0.12862782230818842,0.28044489719871246,0.09015546858232516,0.2343008083736131,0.18741140818178603,0.17354432862041588,-0.10114913254618202,0.1929189561547711,0.08724920210908467,0.05560735055651083,-0.04829130411779131,0.09944128660318169,0.10335515968182427,-0.030300192181480445,-0.047328017289369195,0.14866194801281113,0.18717051310613772,0.11902829099224219,0.2150834649684363,0.09136150156485015,0.09456487255997977,0.00829719712592096,-0.056024197755371735,0.28546621338595846,0.21312990502497464,-0.039251256713847826,0.11557519078312806,0.08999536888963333,0.07260075268369569,0.059098215218506056,0.1381269146967979,0.18181755254714746,0.14023911690282054,0.08794816256208063,0.08427732831088801,0.19368143169226668,0.14634449381160625,0.10726894630354332,0.09640987023998922,0.13452705096122888,0.05316513114405506,0.18215388173082106
close,-0.007585856183786668,0.05885434902335182,0.1611106095446024,-0.013288281335427324,-0.057300854264950046,0.10630776754292401,-0.06964581544464707,-0.029880355405186132,0.1756594118506432,0.07952147423942643,0.22854869497089855,-0.020481434093745504,0.09060476343677157,0.13995845532077594,-0.017051493012890884,0.2031761904499625,0.1510678883166039,-0.06092870866874342,0.09622582037913996,0.13859567362586328,0.04099433264719426,-0.04798649055088139,0.12784587894474103,0.3211242950282561,0.06130159008423096,0.2569241181284709,0.024771117823853175,0.12155456350099518,0.17715225308761195,0.0991586334028635,0.07022643511187689,0.17261275213503738,0.2891455115269221,0.13005869246391313,0.048393982346965264,0.0810248442740317,0.35197076456453746,0.11349071163381279,0.04055863014220273,-0.014506791648253997,-0.08259010941126058,0.136358427384619,0.16546419928245037,0.060330382003479316,0.09850295819690459,-0.017046170928862375,0.11329284648275012,0.14814953205671247,0.046483573283236226,0.269045266958584,0.016289367325308834,0.12834766040189824,0.18483172197046055,0.09227104998506175,0.08115231811055086,-0.042886615044966214,0.23573414957162836,0.08301067983324041,0.1537365424934825,0.1672720487860141,0.037170150798224694,0.0802471395708785,0.2334482350743504
close,-0.011719766574044499,0.31279180747572566,0.0255127214723726,-0.01795174566405118,0.11323090206885347,0.3208348264339871,-0.0910965935592205,0.08589842815103078,0.14762650172565558,0.10336499585355315,0.13819216700030096,0.028196691782772593,0.0400278154068619,0.08515773528408002,-0.012988808790275114,0.09553135985598105,0.061125470632849864,0.05299548148451314,0.1320506412598638,-0.08206594931993039,0.07709098966168464,0.3317353765614861,-0.008610968632562499,0.22855004964844136,0.10546561209126988,0.03970421911185819,-0.032064165952980644,0.11396819652852322,0.24533971058146764,0.06107888548032362,0.09190385752632266,0.2010370850190332,0.13408707913462808,-0.057227577972457866,0.10988872158551838,0.25122349106655983,0.09630588135325018,-0.17414894294773767,0.1388214991591073,0.08015435604559641,-0.0829094413921217,-0.06792080900537842,0.1975107143288809,0.026761725440492004,0.009250361926400802,0.09643614390683314,0.03557970016800613,0.11000486277777452,0.07972799705633296,-0.0199995580093643,0.048880220143861536,0.14427533213091046,0.10419180402386256,0.09180575176081687,0.2937384241179385,0.17310375253855356,0.18524412648213426,0.08340315922050752,0.1220145190351275,0.05689000104743072,0.17775497655241285,0.08896000959009566,0.12223777489305565
close,0.11606113021551683,0.09818331185945456,0.393818806715577,0.03333807225052775,0.032428846984130774,0.16940967468117568,0.040483100092482086,0.07085936386511069,-0.008641095335561816,0.1491557919402587,0.15042572444841518,0.06848079400765555,0.17148166884800725,-0.08581250137335916,0.02931465984856564,0.08300208137890694,-0.01722824969029528,-0.0748713037418722,0.0692104034961553,0.1694020087060742,0.22821083914265122,0.045271211679462714,0.17332158376215936,0.16365420380756676,0.22186081743344965,0.06498089696459984,-0.07985004951846741,0.10701858524227446,-0.0013793740969723078,0.027649489093799245,0.06987808559468177,0.06610723686508571,0.11415592668957945,0.17031563164196176,0.06322644167240336,0.13956975066080046,0.10148160099305055,0.19354943958784454,0.08114081488936833,0.09210733242254444,0.06255995520010932,0.08377514600415045,0.021651187165412575,0.011740271385648662,0.17757653852827252,-0.008320168318460136,0.06808819103020966,0.20153427862709963,0.0647299204996393,0.1828740453685575,0.04089542792731583,-0.005116360635019385,-0.05948258549008209,0.23127240692726614,-0.01368711816344155,0.17471865901250933,5.297320661762361e-06,0.23173839179398215,0.32067827246151004,-0.06865300596903368,-0.00847564341588139,0.17731318638032248,0.1513042923365815
close,0.17769218547601917,0.04262444495956239,0.29875341610233674,0.11180494666897745,-0.021696257684351974,0.07468514999570551,-0.020356689622883256,0.2590941358554105,0.033966873719988355,0.14924834847446222,0.052932685501781984,0.03846126902374868,-0.09102541812810508,0.15981746029905672,0.2299181252629184,0.008403241863484831,-0.05452291149986713,0.18033160427378292,-0.0646241349106251,0.22195329359482588,0.009560487704537962,-0.010329274282462636,0.12484624211312915,-0.0038139285011437457,0.029288891870679068,0.13539819326710067,-0.14291123371666462,0.26424192459283224,0.1043640132465738,-0.0292966012403528,-0.001724536928684156,0.19916463782608024,0.16010529350741035,0.23867806572852113,0.03172571551957652,0.1296583837150803,0.14265679117836777,0.1695267500252237,0.21272811234320696,0.02827360941556528,0.08858297322395194,0.03898502544198549,0.09473881266436245,0.16984327820629752,-0.06540355002607023,0.21093715694592854,-0.013918212426374962,0.06926296803027686,0.22439419249661247,0.13280097179834055,0.133952994826366,-0.01806260452951107,-0.004408593582384074,0.1941256396668919,0.04108564545156103,0.05050881267001507,0.1963951251054712,-0.004991354536952736,0.1269235132886258,0.10429073261676915,0.09973142741367579,0.04815643681224962,0.042014481853667164
close,-0.007836416379486538,0.14826650260413066,0.03318508084832639,0.19687446211672516,0.07754449584093472,-0.0058450489421037755,0.07621861178515793,0.058914280086352556,0.20091034117280526,0.06309998107484677,0.07237896187996742,0.24115467054924355,0.1508267321463349,0.26627060160034965,0.2259045004063905,0.011283741163714542,0.1989950854400108,0.25253032920745916,0.253281313232342,0.19880959835766876,0.19675229949091758,0.06973389563244503,0.016261791565042524,0.06477826811025433,-0.06647890014327629,0.23427953154217054,0.0716707040582288,0.22913307290649598,-0.023149957722159956,0.20826249210022107,0.05051193418206804,-0.028436940830917412,0.2627118052159758,0.21073116693407745,0.12117924201857844,0.10339378851349632,0.14395100188191184,0.11946285779174111,0.02077240458285287,0.05879477302150781,0.2960717832038703,0.36721567426280144,0.2562668505230683,0.14782239401626235,0.0662250967298065,0.020181410610303402,0.026771758956979752,0.04467323413132394,0.31511640414257697,0.28062822963825984,0.1746278389935394,0.003938682358717388,0.18930559267110364,0.0761382971489395,-0.11530094386441214,0.12871006374012595,0.01580869591659448,0.019194657090996284,0.07495920064319925,0.05016770270575871,0.09657431808959921,0.09176694499827948,-0.08758090928476314
close,0.2520277988882833,0.0016623277051320134,0.004760161486952699,0.06714467482097025,0.08916651526307058,0.24589798168318389,0.1269423452054901,0.15664654841095343,0.12745361875832817,0.1231461582498773,0.13097295030870088,-0.09327341425689387,0.07500815151604714,0.21622611105711576,0.49423310108066854,-0.020430893253951005,0.1423079960324353,0.042895342212565836,0.30476519038968497,-0.03537827607914815,0.16249394903158798,-0.040721109950419,0.06814333319391674,0.0965686669250191,0.2069691681739608,-0.007716682615852788,0.16633830488473855,0.1018777723387947,0.12727933862859797,0.19583327146851412,-0.028255669300528752,0.18105949731485924,0.04310951469105753,0.2095873454976826,0.133455763453788,0.07904716184829447,0.040997403090917865,0.1823294994355331,0.22609516854809275,0.04671484591398154,-0.013300656578139697,0.16942110429452256,-0.044853094203370025,-0.030551243758297153,-0.0062700275527899085,0.05845495169612505,-0.03363318892154449,-0.09387999093815777,-0.013544419433712318,0.16424744465726188,-0.02715440721267673,0.065973032204583,0.29466984623655623,0.09508258699729095,0.13425309897295934,0.0053959981748446795,0.3163474853700142,0.04587055108615713,0.07718953155484834,0.23170586779673646,0.08182657551463811,0.1047888782675215,0.07183116792108704
close,0.07251676219427727,0.1370502010828092,0.15529431891981058,0.035675156878743286,0.02339195438530703,0.03908639111424368,-0.040125401419976836,-0.05904302585192975,0.12971671472249077,0.19385958031751122,0.18710452931452176,-0.13819912731366585,0.07549349129567393,-0.010209195559255896,0.1143737437820857,0.05821764811906188,0.15919119062445886,0.09808469095986587,-0.08960018949178891,0.003291412720045933,0.10057851148266536,0.10901104292310863,-0.04056768077040018,-0.05364597035461219,0.1056245337573179,-0.04036673060505275,-0.06686294265007858,0.05548594873686583,0.05115539086613491,0.01215995226606989,0.029626304327503725,0.10138357232223946,0.027983709632018072,0.10706970216648394,0.06195314638826656,0.11676501553866558,0.18782055654366453,0.18392478453905953,0.22882104710660833,0.18381468968971604,0.12385575315418043,0.056656836235985546,0.061223907718377595,0.012222269356418972,0.10045292910515581,0.16973874787119347,0.02743323971169795,0.09627821413362261,0.032263777127823065,0.12093543301876147,0.04506166160500498,0.02604894287059474,0.032003330506797475,0.15033287738455667,0.09032505946696451,0.05715782699999642,0.12614045025472106,0.05854837825323496,0.21265178936857032,0.0026133846306743425,0.08130284871827184,-0.040476522166700085,0.06531256081099063
close,-0.06796354977066299,0.17463165225591265,0.1766503767005579,0.17841701737244764,0.1028872480174468,0.0120129595289908,0.019965936796405043,0.2530172055220521,0.24356771037997968,0.11225551569507716,0.048436596591967286,0.23686234226985106,0.030549683861519003,0.12288492080959075,0.23519573053984585,0.016366150033537225,0.18292235856371122,0.152056079584387,0.0960483457768439,0.0006566400866884342,0.027556023989672426,0.12894510728506586,-0.042333679488138654,0.11307438590182499,0.15410509840616632,0.19852201728091007,-0.039835707446022245,0.23162472971612738,0.26953634941799354,0.1410151567713594,-0.003804858142466047,0.0671890711639759,0.0952402754881493,0.12704635087305569,0.10219815526436025,0.1281165142894617,0.09092532426608772,0.12651070945122433,0.05394765788386862,0.06618132830175316,0.042397482952333226,0.2917259534504072,0.24639007861743228,0.15552941900136158,0.23253089972677388,0.17984613389778825,0.11812711595140553,-0.050557134101968354,0.073783607987486,0.06649621079816481,-0.013307517309215686,-0.048616227460661604,0.14927193465670252,0.1324504322370813,-0.0167396980067612,0.025412149356381072,0.21612222731541636,0.01223034864834395,0.11707989039338025,0.0810221700432019,0.1506363471062063,0.014389234734356965,0.1090083477540107
close,0.11687225773458773,0.12301808062292197,0.10790738579626133,0.134460932059411,0.31917703320508106,0.3561297776771106,0.036078385921327824,-0.1318242980352499,0.15954953007219735,0.11862524599012664,0.20610418591835805,0.12848858997153173,0.10586039395257192,0.2128906595877223,0.2268780588413842,-0.038656005878099836,0.01833938128604165,0.08944070407113218,0.10984376239245837,0.07740167966477512,0.1434207177861886,0.19961047893171002,0.2722709710720728,0.15789130237728996,0.014766632154689013,0.08526237748021817,0.09246477587404431,0.15146402399811593,0.13881680334339425,0.305039665111151,0.05384868647450916,0.1384750533766803,0.33547113977440923,0.041479310309639875,0.11451486961703553,0.005511949887598455,0.10820868996274316,0.021978285186235846,0.20468009034913465,0.11473188590313954,0.006460274001770655,0.18405676977916718,0.11796660388715874,0.1952818777223455,-0.01476626279477486,0.13688244122486615,0.1773341694644709,0.057662250976426355,-0.025900272696815108,0.09583925046296062,0.22281152937809287,0.21259303306340566,0.05715715652444233,-0.028308543637644262,0.05688202796504275,0.05315223492680876,0.14464467833047776,0.08949984970958785,0.024673578826285805,0.2104263067260668,0.11404258674448342,0.14354156527309408,-0.07249854341312673
close,-0.14242648706972857,-0.04375457814444081,0.05194565743932243,0.1576356017613809,-0.13422468704072982,0.25928520643719877,0.11705660267701262,0.23602949929499104,0.011402991752587133,0.1503859934172491,0.10851959299707875,0.18176863130545542,0.0766208632400283,0.14732152090075887,0.21021953187712003,0.03488237061082247,0.12422442324896499,-0.08878622372223485,0.17025030190633578,0.29546625434624896,-0.024443604774869537,0.09086187395720569,0.18804813009141136,0.10314174734665506,0.11650995514932258,0.060900055847636136,0.05718477469120854,0.09133058464146222,0.1041671422139356,-0.018144126157730978,0.09339780140539714,0.25685339387093264,0.05808662064110953,-0.023725498287462773,0.08485839320135734,0.028538718787570347,-0.033834182532193946,0.11391684617326209,0.0289717962848922,0.03752858331467251,0.11534273803853891,-0.05331745953623346,-0.07415696502511249,0.16708721945019317,-0.0930833600724083,0.0023322304692645346,-0.07998395353884377,0.05138635331511677,0.14280587476511658,0.11123379487323767,0.3391873389457284,0.20869156177890008,0.006884214984339873,-0.019705500482641053,0.37066879409755016,0.20625720057333627,0.1589369607269572,0.1074851812215618,0.12735215674750172,-0.04820732754824261,0.11570391701967679,0.10712313974590146,0.009586115689851987
close,0.046147354643152144,0.25151763934435556,0.08748250797051377,0.3071171302533111,-0.07406794364873834,0.04778698137742522,-0.05472785512469189,-0.020942245389183434,0.017179429434070276,0.13153096267705913,0.12668261710803871,0.03207096803723945,-0.12277995573365819,0.2477692873032153,0.07142352839636439,-0.011629017030113917,0.12749307810700874,0.12044451705231742,0.06773235350000348,0.11485310156415049,-0.015502984040801832,0.17599128431764838,0.00031329052431297577,0.039443034469656815,0.16488018161515755,0.2203958965010234,0.25857745680463384,0.20557982384665718,0.06759278161982182,-0.05410330691004628,0.24050555856028935,0.2370695988904976,0.032802384664650436,0.19211890378245602,0.06678222060692615,0.2501276883511729,0.0485135337596218,0.2978651287548504,0.17861205475982458,0.2797544844685987,0.05362027303501207,0.14050296044441932,0.0030720801655634705,0.18439892521191967,0.18990415328371246,0.33970239182011863,0.14820397972196492,0.17240942025060935,0.05291696234962183,0.15413793726352387,0.062010879131241634,0.1115860758842,0.11745156615457952,0.06476951266508296,0.10629450965419936,0.062470483028657944,0.062026887496616084,0.20766646515022716,0.11754136418264115,0.1347066272200277,-0.045730476898553585,0.142345833183039,0.1530423463975238
close,0.06016613773112473,0.30850296762606916,-0.12892272641840652,0.17843671357705465,0.17128048049548622,0.1541582931999412,0.1176212705638623,0.15506793226250376,0.18681754795558939,0.0274112416168006,0.12991956221800896,0.08166831579766962,-0.009376840022550861,0.17171699746132896,0.04356395753159667,-0.04978586747794672,0.04608893392983511,0.020110110190686953,0.20284790091901106,0.11531931405580777,0.23823827456899402,0.03334437687669542,0.18741698718964994,0.3839622914807913,0.13560324671271404,0.18616488623231528,0.16935176642254063,-0.042207532742582654,0.1585817297467451,0.13064563206495688,0.07402526166016908,0.011596362579511937,0.16939832403270372,0.002759626038937868,0.3133645604681897,0.11141690834881285,-0.02233070477865036,0.04860037216716612,0.07218656617101828,0.3412376653923846,0.011541105319050365,0.08837827367486129,0.04621716301349776,0.14992584855816643,0.047811658629495546,-0.013905666613971038,0.08047054202038013,0.0700606156667757,0.04077556223759865,0.046118964110288256,0.21846957978810033,0.06802597857324957,-0.013412766247843266,0.053788403620014386,0.10543356594653927,-0.0336269636551354,0.26259779600063987,0.18675794775062723,0.24301727436187795,0.13921281254876827,-0.10936974501301006,0.25353337166385137,0.013643164029010738
close,0.02178132559979011,0.11563251439554437,0.23782298466701496,0.20532871339523998,0.1906281120176021,0.06881729471254468,0.06723924739078882,0.13459436679800668,0.08699291587164673,0.1889317907329353,0.18301176644952266,0.15913413211727057,-0.15259612817693788,0.11279883636772642,0.08911461192672988,0.11680256017595315,0.02456753614535931,-0.03247859103992251,0.14631384799750402,0.0643698682267938,0.15746929937075996,0.032908562231522887,0.24159106404926767,0.20010648425707633,0.12968271085458805,0.07867115866140528,0.1852408877798197,0.1392547815237406,0.12385841879306049,0.20428654095596088,0.24265361544066402,-0.02524111844855445,-0.005038410734980639,0.021973927452120207,-0.05024245976435518,0.09372514744308488,0.16001164552445063,0.09785817050476635,0.046587835838710435,0.21264577571291582,0.11405564032067497,0.13429829673663185,0.215423480489976,0.08767580611488662,0.30602140726246807,0.0552184996128234,0.29979482045129,0.0025264818087579466,0.15174849028804416,0.03574678311937629,0.21195661169810925,0.05217673921415716,0.1290871190644086,0.03494580039584304,0.19372251736666143,0.034424873936086064,0.26834148447426687,0.0004002893038609623,-0.03456279183281469,0.19515520780790863,0.04083563597364784,0.09927626865504645,0.06777588461642792
close,-0.03126082671526903,0.0923006335861662,0.22649158949723022,0.20031370033055657,0.12317927626259248,0.21122682930351072,-0.005951858469417662,0.06745456710949937,0.1395804940730208,0.08695851731828884,0.07531766695234428,-0.020064373232109523,-0.10813413886427115,0.18178664249496362,0.12432215732522259,0.1901998378210093,0.05627640578416256,0.02872221151724061,0.10065479666366345,0.18541996486128165,0.07685477850123458,0.1801785184328486,-0.0006308005593086835,0.08385528668301329,0.0929885855921969,0.222638994392192,0.12076273980159083,0.27460775182941954,-0.03476847999474825,0.11299189044112798,0.1179398039180446,0.16200931975868674,0.018664006355110882,0.26844463394108364,0.10129639414717592,-0.008706751293491813,0.09839750095863815,0.06868384771198865,0.37832351422473287,0.20499435995250137,0.10496613557082174,0.08880833148007954,0.1951056862481465,0.19988621603282147,-0.1911549919320649,0.16429931547333337,0.10279665439786267,-0.031114382178697608,0.1880214139624177,0.32461880135582655,0.1556795946827781,0.21004284422568642,0.2804119091964404,0.016973784927994826,-0.08575714451669172,0.16568660633095017,0.0752388463558549,-0.03741734523715429,0.09218300638642069,0.17275473737906202,0.08510283352356401,0.021317236926496258,0.07764929397034898
close,0.09805235346986546,-0.09294822626260821,0.08572250468293068,-0.03443404721448917,0.16590259520210962,-0.05610425755867782,0.20126922045509363,0.05908349307860586,0.04570242932279879,0.12944545973019722,0.013396555477660804,0.12787457541300642,0.02678912253116293,0.044326548767523066,0.14053541693291355,-0.013858073373438279,-0.02643373017623568,0.12482255074103418,0.09731001475106155,0.1168692744809392,0.13276392367214207,0.10573755538069814,0.1608092623967069,0.10974362869786586,-0.10073038996753031,-0.07478845946618556,0.2927949180242083,0.1000071867058863,0.1950241651717097,0.06542960943729241,0.09419849056060696,0.054663534572915645,0.3465927331461365,0.12532424223641425,0.046514209449380256,-0.06515397134301909,0.2973733442735852,0.08367216147716967,0.17442291195615972,0.1855997290306546,0.05371694765696294,0.16724527753861562,0.03958617132483825,0.0009573637960584164,0.21644646925122124,0.08418106201778007,0.15185128336026554,0.14109209938817713,0.16379319600552888,-0.05565369342016249,0.041470946868363015,0.06755248425035751,0.016852132709850948,0.14290068480163878,0.21868930775958975,0.2345184655346298,0.06607952347901164,0.12919658624579072,0.14456435044900995,0.16212560942035295,0.012186492692735612,0.2820580268264966,0.19265201843464447
close,0.1952649343692441,0.2203460056900397,0.15341359422659845,-0.002731342305097237,0.08610272684448933,-0.06510533950619155,0.14150725096990843,0.08307863418344533,0.09594776164730684,0.22040011300856513,0.05430059614435407,0.07478768412279237,0.10219732959632163,-0.08399922494136325,0.07339363442379969,-0.14857949122861833,0.04144784381042608,0.18551890533928275,0.1447266558251069,0.04051796895459239,0.10407982182238124,-0.007498956713040544,0.09976565968504798,0.393032028549251,0.2845801320371931,0.10526221300172611,0.11601441649153744,0.0020434685365448985,0.019821089204894962,0.13621843221046942,0.047510743436351505,0.19041495948515821,0.2569685680977757,0.1332620784781039,0.11017372058399268,-0.06807796249106518,0.174761024527205,-0.014367130153905824,0.05819908713665803,0.1959575892385135,0.20297581643090323,0.053349247264988284,0.05910844650800137,0.03006811267433282,-0.019785374532591077,0.03652045178957582,-0.06131300189146888,0.1683062581508265,0.1394523605161876,0.15605292848705127,0.0045595949424857285,-0.019507056351505625,0.10535142743135603,0.10641025649502253,0.08527301724870548,0.07105167308121506,0.27107757776943864,0.14260250117929785,0.29706783914664914,0.22689650254316332,0.2703270926017345,-0.007446276635600199,0.159317099099803
close,0.0568234511006627,-0.06633867113595329,0.2496003169555526,0.07063074742943709,-0.005510163026668444,0.05854361367513066,0.02037758772261808,0.03063020323833328,0.07783966098173506,0.27308151930447433,0.03336827834553743,0.2659270664219191,0.18488367959795216,0.13962715635860862,0.1748120032251875,0.10136556638374576,0.22860501038634262,0.1566980263267101,-0.0664665985025513,0.1296251931889965,0.17839731429926153,0.07109987813987828,0.11262558727139327,0.038714200532559306,-0.03776256560635605,-0.05503768709312401,-0.053706798706886355,0.16690447424705324,-0.14902817083763287,0.033352007303651884,0.023434671475462215,0.07178404640125355,-0.08564315499362027,0.14038880947406188,-0.0273161394159899,0.2132405540709269,0.03782343124111677,0.09043869765880796,0.10037738565552064,0.12442410528605721,0.10370143774961423,0.057288945126736816,0.13430485306940432,0.14661471304949542,0.023486533289037964,0.1426367818973557,0.21917203024016962,0.17058941961045526,0.1932375241647187,0.11719208489074455,0.006384955392512076,0.0190355540296355,0.13198879678544118,0.19427637251523105,0.37859119139940556,0.19818219444386037,-0.017043575749750198,0.023272742764001764,0.3278517315955999,0.07856110680232217,0.10475146347612885,0.0039583079590771175,0.2565103405574244
close,0.15003332073206255,0.022539865211468835,0.0006174711142728773,0.1307203945897872,0.10442061748804526,0.18321102172211273,0.15469684731272,0.07355196512313775,0.04561984045386336,0.08400578517011661,0.04493191533432375,0.08698044671952382,0.10164409286193818,0.010206910661994292,0.16306798620978802,0.06295722855303297,0.015811564971465658,0.0648392571718132,0.12422581566202863,0.10830381998133035,0.1422118114904462,0.1898346125075529,0.23049402040080333,0.12854861626880532,-0.00694023872354968,0.07308891974696993,-0.00043183843830081614,0.26968540737122815,0.29874008825271636,0.1650311197496343,0.18584588426390308,0.12509431932366594,0.13660559154607912,-0.05974542183291226,0.09260676347430898,0.011884693765374016,0.12813565375383704,0.09403901546114658,0.29468219623461145,0.19166276887228414,0.1284511982521645,0.07330603128603741,0.26760214587599296,0.09700453538734702,0.1331673961635278,0.1042249604426835,0.059584609429267736,0.10365062223855202,-0.0961966850678316,-0.05477064012411875,0.13496305416696275,0.2568199690527486,0.13482211041441688,0.027963114510334605,-0.04428537540673355,0.17845272604756388,0.0432804848984899,0.164323541855256,0.13898651580657173,0.14783003922546895,0.1033601707353556,0.13836443849696414,0.0880545598743665
close,0.03646934656317964,0.003650093948394856,-0.13850087979709788,0.08188904375954906,0.25193781829519535,0.17300800925375975,0.12277091184759584,0.0265995005710849,0.19973392257590772,0.08806906881969752,0.2574934313789059,0.001891273670531865,0.02500304720273437,0.015273005578037166,-0.04821183704340132,0.006295531480823749,0.11032162597659177,0.028779897514937244,-0.2856375329240597,0.20742732974201217,-0.06840937293474056,0.1589228284886637,0.10312145896695649,0.3117372816420343,0.199695748152262,0.04953954045150258,0.029793643764468802,0.25027276807992854,-0.047587109710141184,0.1190879935918708,0.0868879536750328,0.06567739312953241,0.13535139844484256,0.11895598605086757,0.14574007427917443,0.1138975652363284,0.14176814050172476,0.10933651929315948,0.03405731127836856,0.10040012602365954,0.028561344029598007,0.021962339526914967,0.06638499972822481,0.08805768392641576,0.10352253063478109,0.19163788273633306,0.05015359174591566,0.11968519264748206,0.1118027713943819,0.03913717125339349,0.1073740786206545,0.20027214151773137,0.11865062168834002,0.12265839290273081,0.02946716690573327,0.29688588512048764,0.0351643629677499,-0.06677834605474778,0.18601841202180766,0.0885182960351574,0.0696958179052925,0.04544462195884729,0.2871714624315838
close,0.13545902786046826,0.15497512216450848,0.11626156235822674,0.12700496134451963,0.23986246105594144,0.0749145338772305,-0.045693754552072974,0.1868054654227777,0.1496701612242392,0.11079798128850428,0.14707532415477864,0.0629255779705826,0.10206925828542597,0.08682997461400901,0.04085117429290831,0.21891727831050026,-0.04122586274178003,0.33608821718129667,0.18773622092064754,-0.07779755347023509,0.07758336705090706,0.08314540840964423,0.13918866289421122,0.0010621729260279766,0.10320253433682174,0.08788806018773532,0.026238163742656126,0.012324776852876806,0.19188046467023573,-0.06965825400425937,0.14778789360960515,0.17975103068781242,0.07814416616615837,0.10523728397249961,0.21634949996973815,0.029514848927594303,0.03983475711108761,0.05045163189006918,0.21653255992232814,0.22922937468847077,-0.03958902344636189,0.2006240747311637,0.1818908306347284,0.25535948104498274,0.13851080321263795,0.09557398797214234,0.2145216686571659,0.16989037915017655,0.3244898414148727,0.1958707844961828,0.11535479764239155,-0.017410438037617132,0.04190828228058816,-0.043595497802801614,0.07849379639391368,0.19260675932328455,0.09963289115194846,0.20217252687600729,0.13375737334390136,0.059690771024599035,0.1087625155169964,0.14720966910550962,0.1139223398463616
close,0.1150684228851914,0.023094989241329356,0.0567023734757784,0.3258460796154644,0.22284664904235427,-0.047384089680971575,-0.13669689575063618,0.10761924214487223,0.18934728944259904,0.04800581625777928,0.2021658728197938,0.10596545650070842,0.08369387202730252,0.17561151761751817,0.04681242070977311,0.07132936781963468,0.1670167262130463,0.09686040629339758,0.29087762733777356,0.16938254128560182,0.1628813828332762,0.09504953539349319,0.18747546767096063,0.06773922271983537,0.12823777511995152,0.00837069529954397,0.20394413922305918,0.12906046972617918,0.2982513063697877,0.33922983836697584,0.17633194514331477,0.10684253112079035,0.005393548787443123,0.19047498032588245,0.12102845638952284,0.1538034839154462,0.27297873874562434,0.017557671133665326,0.007569583151866344,0.07635740616293199,0.18212011497518235,0.1554867240214488,0.01043114883042276,0.17565529007024827,-0.020121281889326298,0.016225832565114243,0.08845426828108106,0.044656875402477994,0.18898594886509348,0.12863784830010946,0.27655611776272604,0.07528146346455858,0.08777978489592567,0.22103826090617631,0.09090791968762045,0.24940052477075458,0.15408282103844917,-0.13527864698853592,0.21775704141494642,0.19127268131198089,0.1951332606110545,-0.09109783785452583,0.03370100387289525
close,0.041129516644323016,0.01588786324396077,0.27419225318939383,0.09882321621763661,0.09634390573708294,0.1552008310315779,0.1569301667889382,-0.23348927106258296,0.03536424628506367,-0.04127885777912768,0.14003060931548197,0.07111075856659527,0.10153875645012687,-0.1078519748890523,0.0690147775309502,0.21151302518328152,0.24094494831021676,0.17188634195407,-0.03354652934481189,0.22594018029921237,0.17240022550000159,0.08828109659354615,-0.10250363145097441,0.19535949506625172,0.04078336700166209,0.1346165821054781,0.10683938606366626,0.2538394984438278,0.08746330140024915,0.09848864099140522,0.257861539047863,0.034177775624981144,0.18143228514077772,0.0801384277121536,-0.00025419620049291214,0.10011609867208726,0.16917051136079875,0.23537098399765113,0.24746939853456826,0.07052359257744674,0.001275076796778643,0.06812611004225208,-0.01815307533301555,0.0782613800583495,0.06583347163802417,0.17274902041567652,-0.12059351799143783,0.026639205391336032,0.027448169555808463,0.21871272524080254,-0.0113844377401017,0.1226657359648994,0.08718715855802187,0.2043042526836382,0.15958318645105474,0.11212437318203795,0.04453331254119317,-0.08523425031098761,0.12470856556874055,0.1530489798529873,-0.057486761247465296,-0.023369416432854923,0.12523299733716758
close,0.133914168620787,0.0009352689907940748,0.04259352864319619,-0.08364888385704267,0.23772639038132337,-0.029987440736845228,0.15422593912485508,0.09650393038466197,0.2289593619624759,0.020774590722524355,0.10612527103403872,-0.06984269092373502,-0.09385268369397537,0.1596333583865474,-0.07850258390697021,0.07717824655654693,0.20112954479729198,0.17466848560946796,0.03354145120514063,-0.05885031364081725,0.15094948616555287,0.2342256782860181,0.03377619213343766,0.01966871415928835,0.04750980371310015,0.15716087108071158,0.2228517606414913,-0.023960681138052234,-0.0498281809324653,0.3339996321932448,0.08226772121099614,0.12528927956903096,0.030806915938236104,0.14899623094527162,0.19600608747015225,0.12997961715729298,0.27408580770144353,0.0673255410058908,0.07371175269646238,0.12314063512774157,0.1464961645506097,0.12279472620626093,-0.028441502695509102,0.13125151661955614,0.06258264151965627,0.04190229859253544,0.10324820547532437,0.0038477312670785746,-0.013539132387323141,-0.161546896000385,0.27472373285098917,0.15557313191030026,0.08832358786936949,0.0332776763113352,-0.18760322820464168,0.02714711237785157,0.17158663371640764,0.19421743035938688,0.16422919936033015,0.11583919557524686,0.2303874145931379,0.06714627779114596,0.20851889161343615
close,0.06154175562797871,0.011885869112223765,-0.0005712980422521163,-0.00644964211729529,0.16590680288024853,0.025725442890292147,-0.003302884503494391,0.171373521966136,0.1327970390472233,0.19625919828458022,0.15125995112727986,0.024688841980268827,0.10761024164685876,0.11251329907696773,0.008084134152599759,-0.010462497409399266,0.03192783908822955,0.30365823566720807,0.05872559057784511,0.22328667913867145,0.05313394905202021,0.18888388195399922,0.19024916555578472,0.1952590507952045,0.13878273420089587,0.23773665787811515,0.1378353969352728,0.27135297293402794,-0.06199198031884334,0.13482862476668184,0.12833235925356665,0.006348015419450875,0.15795842217637385,-0.0490082675576618,0.03458156742396715,-0.09990878128978078,0.2558626516962815,0.07684505060547045,0.3166884034816312,0.1802949926519495,0.14480982133510245,0.04137723057190007,-0.004635003568741997,0.15229715738969454,0.09284859907270179,-0.03392703154853011,-0.05168584165083187,0.004129627085641616,0.2820967225266231,0.3213277918011304,0.12049891473089099,0.11489427962412885,0.0663679628170479,0.0065514651690497805,0.2375179057607244,0.2873576393897136,0.01065809141607145,0.09171616215753985,0.05501336992898321,0.05797609251350229,0.21859082554298623,-0.031196154536612175,0.14664696909363062
close,0.17282381073058656,0.0857848826398181,0.1893067826986773,0.11476518405374503,0.22171299211561124,-0.05222053049258543,0.06512247389931308,0.09281868571489654,-0.16722073844713495,-0.008595273357853483,0.018640074564121367,0.194820599482335,0.029315665368539953,0.018192101269402294,0.18174857806561917,-0.06179106457900546,-0.10712440674435722,0.06384076999306536,-0.04477067680783553,-0.04096792946596489,0.1573433791687982,0.18759738379125793,0.1788864215852125,0.2108776660307233,0.22411343200148018,-0.11285902088269309,0.14504119599294668,0.04703918004304413,0.025257575400956397,0.15604146322087054,-0.07302954798957517,-0.07511086058723201,0.16335727440817172,0.1487786017510898,0.11367326558715103,0.012008659527686316,0.17438296345821241,0.1680302892060476,0.10853045150474543,-0.01773210412697715,0.05747516542704933,0.18378336775244428,0.2327191222801787,0.06734633966236717,0.07503270321917377,0.0838310891974939,0.12748930089109722,0.04189326999399762,-0.18941850575715838,0.2192769001647097,0.2794688947162549,0.03876001403942875,-0.006665336891877399,0.08628994776097779,0.08124961162712271,0.19955185771629597,0.10546394416450379,0.02073771696288168,-0.0318409450558049,0.18656341848196736,0.15995112411642498,0.20605598780918188,0.003181324927890611
close,0.28384368995283293,-0.0743694507057237,0.17096010214014795,-0.09095827671969017,0.020966861830153227,0.2561022930447959,0.18313642544759895,0.045377958451281813,0.04811629571783119,0.11006221108354422,0.15141409907607228,0.2251579382682697,0.054376599539150555,-0.06117850634872016,0.115696862704876,0.05425691624916052,-0.030063370474844725,0.12976689153127946,0.0786886245907211,0.13065122064697945,0.010555579981281954,0.14867105303254988,-0.03170981967549785,0.017226861030341684,0.07570857689127224,0.27418184149597147,0.17848253685484938,0.20771925042677897,0.24170770333431446,0.46028321358108737,0.10415890675584341,0.24204009231298557,0.2012635254401941,0.1996032503307526,0.2774239618040181,0.05806869690155236,0.050131497606362055,0.13197655134818617,0.08173002280781129,0.13185008529981732,0.2562748785053012,0.05218532772937216,0.06953210374062696,0.1174311003526577,0.07716815739748308,-0.09140058280134875,0.04198723573010604,0.16873732422375043,0.24375467509326465,-0.01546185675377268,-0.0159282399230843,0.10302338027173356,-0.10755950648778367,0.05550297970128726,-0.07360420595513936,0.23690612998424654,0.02306688456495956,0.2652834186339027,0.2113521353458339,0.035368270230258333,-0.007195963684607759,0.08064542508324114,0.08953533757417968
close,0.13461469439524015,0.02234567104698211,0.1746394873522203,0.12653280549998996,0.06596048432841362,0.028795934458197697,0.08151150169013141,0.01830987481724307,0.10584386948835876,0.10854386852199098,0.12617072834763393,0.2766242409671854,0.08675552803004276,0.20045978671244824,0.12295873969757018,0.07617556981015461,0.0880840730048766,0.09411735908319498,0.12797677077282163,0.004067923478103003,-0.04653403834449671,0.16542973934742755,0.18981238325812594,0.1745635832802803,0.11549720185564727,0.17672246274532888,0.17134290260171425,0.17876293589549547,0.014045917865788654,-0.009695179715463104,0.061143075324772936,0.09826158904573445,0.07580788728677104,-0.08766903313378757,0.27216926121351426,0.07259540111142646,0.11727044165769537,0.2244548990763059,-0.13449722695212052,0.04883061280882879,0.06128827264201955,0.06636899545493555,0.08265134092860472,0.24471347984448447,0.16734588757272226,0.19580352686288297,0.10471202718109238,-0.03993730461455011,-0.1079697035146007,-0.052940772323163104,0.13597657041660197,0.10317697126976351,0.07898363524439925,0.06314230932598633,0.30117215754427473,0.017709640902352566,0.1927819456116059,0.1001912936020994,0.09390604882140031,0.2176637548616744,0.24625303826914446,0.07604505431151619,0.17992027192421423
close,0.1363891362150054,0.10074371388099147,0.12042549426570259,0.03119911851551624,0.06939006066689153,0.04193647202472937,0.19013767164289197,0.09047988844589375,-0.029771402461503838,0.027656277683691208,-0.21992646452121786,0.05055073981178515,0.10376450650971496,0.08638641511330264,0.2980154351531392,0.1574906040915037,0.1530451853089151,-0.0643269034570278,0.06353579458828673,0.051333719267630445,0.021391880119199208,0.020011933448665337,-0.08081229539416238,-0.027585320468132835,0.18740934027649492,0.08570853080068178,0.049359758172566603,0.0994588665347292,0.2167390678701151,0.10042105208757857,0.15403741309310381,0.01533951576117426,0.038137004925328094,0.13539768850636755,0.2892653708337114,0.2429774859514874,0.15828280694561392,0.11514337601607183,0.24010693556271712,0.1794678323045124,-0.12936620223706613,-0.005393084785522209,0.13381403253579316,-0.07869675655509722,0.01024109952431379,0.030018505634202594,0.07438340937541664,0.07125697917737922,0.07108795728331732,0.18253075172403138,0.07347761345494658,0.06153698679287661,-0.03491721041435164,0.2024346201985825,0.03285024860525139,-0.00870303280012752,0.1213090574868971,0.023305873761693713,0.04740472602057059,0.1258460174319069,0.06735173762204437,0.3311609375300635,0.09251714566808021
close,0.1617838218879222,-0.09416940474929453,0.01393508680852698,-0.008691369491671236,0.004562027669737123,0.14155379938370027,0.20355650677774098,0.13446305046345108,0.0773355376433691,0.036914496128758065,0.2113599751186509,0.3071255454154862,0.1135055704783691,0.19393630640715726,0.13433703497954752,0.17555049064655895,-0.016454677811011648,0.0511863719857876,0.13954694400455842,0.22124909440819795,0.018186577836232537,-0.10332991110401268,0.05017355735587509,0.20101307143482502,-0.05838955910878493,-0.017691989213158427,0.11559185860511122,0.08840287472385361,0.15944664815532275,-0.02287267604455792,0.06750214058313322,0.21951854024030978,-0.019289619363678387,0.24769122963102688,-0.0067416985888688885,0.18493815773776112,0.06270414897868744,-0.014490825763897666,0.050310095284740175,0.15449291881789942,0.09931460050985091,0.2118469411443344,0.24357400609348814,-0.01830306653178504,-0.02562691449103449,-0.03047937736208417,0.010080390395198077,0.21042145208197446,0.15603619506667352,0.04549724270775684,0.09888974093771657,0.24043055051659387,0.29080108509791197,0.12593843334428023,-0.1659281184047399,0.12972870947599732,0.19347481295413477,0.12246323158560751,0.1726514918734784,0.13570653744603842,-0.023464541748186532,0.011376156663653728,0.06788478128698436
close,0.20654147782383517,0.023411593167937936,0.14559026331676472,0.13036925939211969,0.25861972650791304,0.09583202218705855,-0.07547584182762587,0.1646870464896778,0.31380552116340044,0.1712383344866456,0.021233840818959293,-0.00819458791789647,0.004703116649259473,0.3003311880382046,0.0672672559478564,0.03373566061719724,0.08415633558727667,0.06830929513942982,0.25676503597875033,-0.0014477491016302996,0.21806432316604468,0.11220920964510847,0.22070265134276856,0.2582619043734051,0.10847976339130952,0.06849363904008343,0.10661788318651032,0.09052293279948684,-0.06569664557387281,0.2552480373785073,0.12457850173811903,-0.01630991850510541,-0.10675233201984088,-0.1327599232930349,0.17704804366875035,0.03810224315929048,0.054509933189486666,0.14881542645388235,0.048395184389822155,0.15465244160535133,0.10952640643767153,0.09158704168507638,-0.057275040569148894,0.01802686435611403,0.1602535365586866,0.03179781851359487,0.2205369555784491,0.3346401323993399,0.16563853008413226,0.24928318913651576,0.17207272382960684,0.04657379773278121,0.12001516648074248,0.3013320946097442,0.04764462573725489,-0.003932729887807393,-0.013419442311526947,0.0782470616166451,-0.00034720886430621156,0.26740194274372375,0.12163565345912877,0.1971726309760503,0.07013346094203017
close,-0.014019719775611825,-0.030939394543327725,0.009200825782187921,0.13475254940267112,0.1519882931767948,0.1603196073058685,-0.048867268378185724,0.09995908141017298,-0.002606183089239253,0.14014659675845284,0.14790770554974522,-0.01721730470264382,0.1968029607196348,0.33388229415282444,0.18348357375846625,0.08371659604488954,0.0683454296790258,0.07909360183274916,0.023926615322298936,0.12523982066520495,-0.013846259115430429,-0.08896977865979003,0.12196016818135487,0.10212330657758212,0.04288299835628058,-0.028269662261036665,0.12897440269140348,0.000982496142954925,0.08610556491346655,0.27649718541264445,0.1651189769575384,-0.03691326623816965,-0.027485157101230256,0.11518190927437588,-0.0375320682059021,-0.10017254812342866,0.15323720112967235,0.13209357543208677,0.14505983312791326,0.1263035181817904,0.09346892883276052,0.03378114523233393,0.15161349660879433,0.2529883488405151,0.0498770992556546,-0.002074021020829847,-0.0135119419411239,0.013326976666628243,0.1202598524476074,-0.11396275635535602,0.14391704244323258,0.1643913010296156,-0.079807835994288,0.002081956372240068,0.10796809798454139,0.08565302696956022,0.15196374682685906,0.08588631784836341,0.22647695267749654,0.0678830600956318,0.0016967013280246301,-0.006344186626175641,0.1735468509281689
close,0.10296211419569164,0.1633715900725195,0.16131224992291845,-0.10198498527638408,-0.01400826010234435,-0.0020625040503820663,0.018393581150823762,0.057964467342347406,0.1999149594617186,0.21984823523838992,0.07071091697970032,0.07487191386752555,0.029456627594271353,0.10891876972385442,0.12025208827339368,0.18064755550022654,0.1798438725982553,-0.13021180510690514,0.0847455052362882,0.2384100030890104,0.05618850726950831,0.21392418183632886,0.06935481999888113,0.1174923467441964,-0.013689069239914906,-0.009924855756651474,0.17254915722630146,0.1881818280200665,0.10264289062004928,-0.022752424263839124,0.10438045566072146,0.22572349606742778,0.274286647005176,0.06832920676740856,-0.06598678502577901,0.18403635995547787,0.07240369035449992,0.194304064156104,0.12810722250176196,0.011655589423815005,0.1058244360659381,0.23083383670543278,0.08508460110327562,-0.0034805163445377624,-0.058864416859665675,0.022783531313534833,0.058986373822901804,0.1819999135917259,-0.012084926781162172,0.2553751885729636,-0.033715221084119146,0.3331486092556837,0.27255185567544715,0.11411662493879922,-0.06476935347695922,0.09445759380175782,0.061315904201349435,-0.027428722305092385,0.12910096272474425,0.017635687014435603,0.028509415295041862,0.07963213654276446,0.04250911712942967
close,0.30781566171100294,0.046428536700045035,0.14408810113944756,0.11455224922103618,0.13527502252588722,0.1429088403610932,0.18813614866061223,0.12664460756186424,0.12248957948863201,0.10584770684681395,0.08615821476600256,0.008820211833932265,0.09391316225797987,0.12412673752655334,0.1402164556572795,0.11802847729902365,0.07670449865514663,0.09429200968041024,0.0446353515449208,0.1313223991006564,0.07788717720858782,0.11805609381974701,0.20008030433825524,0.029064109035758026,0.15966953809104845,0.10332101798853728,0.3021193599580755,0.07836996715364905,0.16951645831510664,0.10153534517559772,-0.03883045083134937,0.04793109044808557,0.18804711054283937,0.056730553939172694,-0.1220256314839614,0.09685969830754962,-0.009233629795101048,0.11318177325967188,0.25511470813980186,0.17694573108029035,0.25366558287399776,0.04384879785555085,0.08568336663644678,-0.004443619680777958,0.0315956554959905,0.00731151677138199,-0.03067229692119572,0.23658566253313407,-0.10919602950264223,0.23701389048045568,0.22460589249202312,0.1499792675478998,-0.011450726809406925,-0.05821751114432072,0.04515963187364357,0.1625120456339924,0.10030636374406743,-0.004349949509475759,0.214820478465649,0.26843833281815377,0.07734008359854025,0.11093369035973458,-0.050884868362949615
close,0.05856132838909648,0.1510439978000994,0.13548565402577775,0.04923321507902933,0.07257564915235531,0.05527892634554482,0.0721535286281615,0.14232348025181268,-0.09675370853691226,0.09256504851920778,0.13499755356256893,0.04295153143589228,0.052066695603511855,0.05496055591845505,0.052095002646284,0.10058837778503735,0.11290027580137837,-0.11005143162337996,0.16528803714722884,0.07100011156530409,0.29329631754685337,-0.01916485388987084,0.013268549124566847,0.0797091021416739,0.14132254496860355,-0.09507673273715017,0.017089994788389323,0.15913201605738436,0.005187605356745756,0.23700263763762275,0.05461164011509277,0.010062679865810345,0.16102442577895196,0.2607617386824447,0.14163962587438966,0.22604293992232585,0.26766353406369636,0.007814132007242167,0.19383913340595865,-0.052347050930354744,0.1424902531786385,0.09286821094851809,0.22429502030420623,0.2172251512984841,0.15697833505344025,0.12984278994828186,0.15083686767219512,0.10617708713765456,0.09388042588920964,0.24425781722524428,0.2562889819678177,0.0858340802297793,0.12376364030107448,0.10816552247727745,-0.061169844193719486,0.06635644223879936,0.2599704201048103,0.025022412496818927,0.31145434623013013,0.21721263095893825,0.1401498150546209,0.15608432859764207,0.008279330366497445
close,0.0734771247775298,0.24413991103217594,0.03854706608264666,0.20611317569487994,-0.03770401894370584,-0.019815841247501062,0.2901384665586316,0.09881628537596758,0.04615001130056591,0.23627408269989625,0.2245821554963504,0.19207545652572386,0.04301020805878941,0.07130824240623244,0.131162882372473,0.16943993421472373,0.049151642598146285,0.11707371106206967,0.1267391300797406,0.22867697563752534,0.1754465828935119,-0.05068016448352908,0.07863696915146143,0.007121663001658354,0.15680874206116735,0.19231533505050444,0.11015559856102446,0.073187296937215,0.10691697930359832,0.12089192734777546,0.035990034828309314,-0.02187111007693654,-0.10501390425553533,0.2267182131738884,0.1496366243634966,0.13625110113441724,0.22651988879529494,-0.025546800969241695,-0.07356308758550187,0.13842319165190897,0.12932713754434305,-0.07313068096727535,0.1359521062140472,0.059977704760043216,0.01929119402624184,0.06665762917175871,-0.14415285709184703,0.0408625776608062,0.029570543051579565,0.15571024469361402,0.0841769863489114,0.16388688736788815,-0.1549539344736681,0.0160901777428952,0.1555997051571444,0.06911353694268449,0.18454605329743673,-0.08046029093892235,0.17311108396894742,0.03608607822149597,0.026380291561732577,0.1991047046927452,0.2161901129956506
close,0.2034699696087282,0.30386419250482666,0.22668036084433343,0.020456341626770097,0.11416381281356505,0.06398020915150648,0.30290898599490657,0.21048699546987093,0.08111198632865442,0.1877909797753002,-0.023219846631310465,0.12502617376454728,0.00620775073969157,-0.0688592200627407,0.17845362375298338,0.19085910951875515,0.1457212636211986,0.08170329594334991,-0.026635865484640947,-0.016134687071724746,0.003072002026120277,0.07663267082750763,0.20761787336049153,0.20604042110786527,-0.0648567599612877,0.030676666328305277,0.02798389804281612,-0.15315831285012457,0.1566120946949908,0.07538401756814785,0.08868574633690242,0.23458710583756384,0.10883090132843572,0.05692695350339822,0.15720776210049434,0.2058871846575562,0.12964675660492256,0.16891895986981487,0.08544323502571156,0.09181422536403373,0.11130207102988285,0.024687904956733814,0.043193838563039925,0.23778796418184736,0.30079560958623214,0.259219791403818,-0.03232573567685476,-0.041985753458497255,-0.019070943194516105,0.11343874418794808,-0.18087245923576636,0.04111984333804994,0.24070992891611132,0.1982438830728908,0.04909053494264927,0.056664455882936234,0.15672417068069042,0.1935268755244199,0.04668627322602399,0.07656339782805624,0.04339902714799766,-0.03313494413752138,0.07802562519781858
close,0.07040724597912365,-0.026064411598865578,0.16460809376377294,0.14833206786258896,0.16957197008450764,0.023192964453563197,-0.09835756781146474,0.14673311296456493,0.033588728537028656,0.01093318667542989,-0.02570530746434424,0.07246774719128463,0.25773272970504735,0.04945504786444854,-0.008980304416693369,0.16519334010300285,0.11728122797712841,-0.11193013676882077,0.16623463197532867,0.31284677685016005,-0.16005359274290235,-0.023570602402212384,-0.18485270886516061,0.09246955792591652,0.19903862366113528,0.11055007497962793,0.23919956981126697,0.1830550290330134,0.2702147323502177,0.21602107681070948,0.059705693139049554,0.10667264562348398,0.013132308451902691,0.07693438311319513,0.10618316720181198,0.09150926764646461,0.23422535263036104,0.06698319374931692,0.006791358644264306,0.013038896509681278,0.1655100271622531,-0.040313840808899964,0.07988138298490827,0.2327500245455421,0.12925984457408304,0.09253946108812455,0.09640895963615702,-0.0029564592227172837,0.01428652895654589,0.08048183270854228,0.12712730301092934,0.19481500118021108,0.10925606171714349,0.2352774175754248,0.26051980152095255,0.1795267212482204,0.22249814080558847,0.000928647861190568,-0.014919893468806247,0.15179733762901657,-0.03412098118670473,0.07096281559840667,0.17711919053297392
close,0.2413372924685207,0.07457843497119346,0.03500557046923096,0.13204616215115825,-0.007354344352388936,0.0826721351706573,0.09919999517237187,0.09720160073292052,0.10885034738178818,0.016548514442785822,0.02730070073815831,0.02528837389673798,-0.062009433919505724,0.1341830321846106,0.1894657451692005,0.1796310082853536,0.07375031395392453,0.01889947605361124,0.17443146423626893,0.16389230223745516,0.12174206424362959,0.27443112524232727,0.09735744786329373,0.07431100160751113,0.06001826689253997,-0.05608777064808074,0.16613399641422927,0.08945146328422235,0.15099312413567953,0.28418780020912404,0.060924823009538276,-0.13380087167915514,0.14810703695107724,0.11668593898926756,0.026754612402868014,0.1397266335621498,0.17860963201043753,0.005339008978845261,0.06986681385966176,0.2476753729848928,0.027837780877063498,0.10666697554137852,-0.16244111660438845,-0.0481845501081295,0.11575174973327998,0.2227987809585601,-0.036202968200100105,0.10745640620604965,0.062428209094628324,0.1953088054992494,-0.021780330532258516,0.14300776483674854,0.0346309313003743,0.12230380248264752,0.10689310523084727,0.07482209258573823,0.14778118462693846,0.10436527343029611,0.08671936979233051,0.0643583465977257,0.1077598389745337,0.1222043548146072,0.0010857919919378956
close,0.06505287620826233,-0.005518594463117268,0.09601545772192144,0.0407667795145972,0.17707831479812558,0.16727269777566897,0.00772514364356304,0.09976926546015252,0.16385165792483639,0.08246916798359713,0.027178247519445517,-0.009240352804479574,0.18542675615783624,0.190271314828497,0.07920524011259514,0.17661375845266775,-0.1965210529885341,0.23275546507092362,0.08430551947228213,0.11417765607994892,0.06794822763340307,0.2395707481867506,-0.006073162395553375,0.24744603266068357,0.13962709209451113,0.1622664215918158,0.06707954366710839,-0.030821919789637053,0.19305107655361015,0.1311408351189331,0.23616234583088178,0.08062236797843018,0.05807686211010852,0.23880882366403022,0.2911894164497444,0.10093471763657301,0.02472425031428939,0.18105307627895492,0.07459794338293257,0.15992628254007984,0.07407240256212466,0.2564014018211813,0.030051049494930038,0.14805296625219602,0.05112980297678762,0.0718493438579231,0.05879443452394234,0.17386080660934156,0.1918363114933871,0.15577388289323713,0.08920165332547297,0.11401800310015928,0.18977215684594248,0.19293115872076055,-0.16902756313535353,0.07277778282273042,0.07757412085605145,0.16692525641261619,0.09332291822892542,0.17191833809492874,-0.00786607710305523,0.126005451546078,0.19002056534504944
close,-0.047438286931814816,0.35136434682089035,0.21908859328665195,0.1001353302465642,0.017159189276123185,0.08249148497262943,0.10838023596113407,0.14406625568120476,0.25006608494600313,0.0523901530557154,0.15627098375725612,-0.029242916260011298,0.058639928567473264,0.13767168478693587,0.16912624910088048,0.024676752333538027,0.0559208303988086,0.24605566355835456,0.21619086196280451,0.12084572170523664,-0.12366451532207154,0.3511132547690009,0.0980068438342755,0.06874329419786732,0.04776400741458852,0.13763670371991088,0.138658258917093,0.19506278731265125,0.007393783565098691,0.06875051218587389,0.3030545723224203,0.12245906332499919,0.08274756266732536,0.005838223441629833,0.15059343058207517,0.2031018217042444,0.18745876458098076,0.07411991363910833,0.13612522833635363,0.2671659436648611,0.2070882292171469,0.021583725780668042,-0.15460050646214699,0.1296772507084235,0.1798568126748433,-0.00892244918732625,0.09912104778772224,0.07363009341269214,0.11042863222321989,0.04553037128802876,0.22905109976279936,0.11479688806327627,0.012098311383525004,0.19174621535937203,-0.026418759599170505,0.22844943775351328,0.19910594242225638,0.23897752953207863,0.08417536275583842,0.05038860202166234,0.10840217609330932,0.09155632136444687,0.03472637144364876
close,0.04463766858743576,0.06336271527335358,-0.01700036864398627,0.16779632895993346,0.09477028624289935,0.06916215307663531,-0.011035416094167735,-0.01603729776674649,0.29359140507224124,0.03727425371384305,0.16105283942093268,0.11626344699001771,-0.17751884611081023,0.27924508231385925,0.1684083978776116,0.023232984569519124,0.09716334955704048,-0.014918336740366578,0.2826220478461134,0.00923422917585355,0.04769160033053406,0.027043892185240878,0.10803794002091703,0.2370316500139314,0.2789374449095158,0.06010038557777034,0.13782589823179225,0.10819054126040734,0.0018390735555941923,0.34225555745959446,0.23627595622962558,0.11891158497110346,0.2581876093498988,0.22121067127178048,0.10818613410817557,0.13259636053279933,0.2512126142376654,0.0053846418870319435,0.2673690697321339,0.07748874393148839,0.2524676742847567,0.09947734025371799,0.1337606222472972,0.0965691643427541,0.04681563771887726,0.0729945101855688,0.2379111403168567,-0.13141639826724685,-0.023896594480483715,0.027452829064189777,-0.007834479243602116,0.2509979610415489,0.22576769778532044,0.15920318093946156,0.03621959325224648,0.23350518667941367,-0.058812992599554414,0.3141982640147936,0.03153702028224492,0.07379647781585619,0.05706561495052859,-0.007310741409867691,0.29251131239369194
close,0.1788894630784487,0.22154705420797874,-0.022366927206077095,0.11809378270039994,0.15210286893314037,0.12707565235498433,-0.016037345106799994,0.20755000211306374,0.11215500827851545,0.004503596435699711,-0.08552505395526636,0.160666651348988,0.3450455734131501,-0.0015254273346281544,0.1170447050412966,0.21104972790915769,-0.026965226610130122,0.05200432309149755,0.013984122073859809,0.19846766948245462,0.23255225693540593,0.11590362647317351,0.015826593100589897,0.05572090620721523,0.03695014857532468,0.0022731138376993337,0.08979617991815353,0.15748264844618623,0.14902574444285194,0.09917676354304893,0.10570538368253639,0.09184492049102212,-0.02972115391662733,0.11601348969828726,0.04163744145453502,-0.03473432191594378,0.13707055671155838,0.03882699635814551,0.12277539212588358,0.18476378150694273,0.004976127885476814,0.10921212820729716,-0.08104228817303613,0.25325330906092763,-0.03590664968887819,0.04851803376026253,0.23383799037639574,0.07654770739190142,-0.01973976863003002,0.17130732322865355,0.1690532462151185,0.03668136606347666,0.04750734792196009,0.056459102938191376,0.07929760393139687,-0.08929710769218066,0.08185761388819006,0.27839141981831483,0.010403003276329564,0.041650640653023624,-0.018361766319639594,0.1612161926395354,0.22031973581423767
close,0.2180317839177625,-0.024801058889366012,0.149979173049696,0.2433750034214236,0.15096631077101233,0.14784096833437765,0.05283574213648415,0.12201098237936636,0.22363181797064055,0.1328208968428764,-0.024827475602972646,0.05439583257140286,0.22092795388889938,0.13247433203510953,0.11190620782430764,0.04459844667533,0.21885991805344351,0.2662412597822257,0.22631891230180332,0.24425916214453727,0.06412937592338333,0.04998309026260962,0.08436548265008141,0.10385732419762538,0.24310197801252556,0.21658867394684167,0.15384693872544944,-0.04311867658468871,-0.06880218445968753,0.12404627448017033,0.18802632056007168,0.09204329510138626,0.2914904504978405,-0.00824410437804357,-0.020835194949559904,0.03357190255256791,0.029770278680876436,0.15262858686819794,0.05782881481564972,-0.054784046127866165,0.1891578456695117,-0.07599519260721296,-0.007121822301070918,-0.06227065707438689,0.12071212770708736,0.11860477121512121,0.2916454321016353,0.19138266561455503,0.24416461833422007,0.12886096512984932,0.002306817890943641,0.11281076019934963,0.15924210073873069,0.17038073822515748,0.052758785589165774,0.14887864737823991,0.006697202915873543,-0.004327759411071705,-0.011578471138548485,0.10246259885567971,-0.01778363550763036,0.057525561012899226,0.19029165514139582
close,-0.0029129678078304994,0.049568796649568314,0.10716312767761696,0.12468869015322667,0.050070940919443904,0.1786860068735157,0.15904523007847246,0.2139856604361703,0.09183980756529402,0.04871811905436566,0.0317367977987878,0.13070275179293628,0.06228442171887272,0.04308302223192108,0.05517127357546778,0.03163095148757482,0.11990211127627322,-0.041258318254406096,0.13030162924749628,0.16765487604029505,0.04191208618227023,0.2922036939606547,0.10176213109768534,-0.05613429830998887,0.07187570936633295,0.10626561449357967,0.1448967555570214,0.07425694758891535,-0.001157027570439076,-0.009498061811228281,0.03464007148183289,0.04422246374812371,-0.013497416489925723,0.0267186838896301,0.1659458524439355,0.2648412607694487,0.17554617138709633,0.23058610861868123,0.19741184682336982,0.18331303283983447,0.06622037369426717,0.11409108783869473,0.05793806575439784,0.0780892837666373,0.10681671003865861,0.17135661515790268,0.1423323381515124,0.08381707369856438,0.10555387408916662,0.14334636741935267,0.1667394438057835,-0.05189951632572026,-0.007738896389893696,0.21073105339393425,0.09391304300689421,0.05759234066330211,0.07365005270739612,0.07362946944234461,0.1557937781524374,-0.010801639398076698,0.10247777464967613,0.12461177294504043,0.13962679165655031
close,0.12228639962102932,0.15159062303140283,0.04273038489416872,0.005819726767504446,0.34570044432505137,0.06987353154257636,0.0815545529345432,0.16778400977178845,0.25960892921942413,0.04554718830653042,0.00011847318104743487,-0.02421533507916103,0.25931062215029255,-0.003810698646103422,0.09724440634844334,0.002271516795703102,-0.04483559179583038,0.07076246469063141,0.006221333365883958,0.030837157457668726,0.3006105097417404,0.1424896104172403,0.1931469519553989,0.1824659562849253,0.08991390769209752,0.05602816406223762,0.12489346118611168,0.11684507699324945,0.04311945828346919,0.11298478304668608,0.029367029330370803,0.08285420693591602,0.06647165254826631,-0.026887259260577917,-0.135115821311217,0.006093675006030086,0.2804104664586301,0.06903182179632722,0.17759681608964045,-0.11244451430933583,-0.0008286067964327765,-0.035448961736235046,0.07976999899128852,0.34219554805352437,0.1460238943227918,0.26956125332780867,0.07455632723143366,0.2364869373855072,0.3073256706682891,0.08906309335895418,0.046073528877263514,-0.03178109369901527,0.06909397414230305,0.10818966752007912,0.3030953617349149,-0.029497397409608633,0.10596618936969782,-0.08143081213896172,0.0573237171161432,0.13113953574120188,0.1512583152688558,0.1589023079641922,0.13974040328868453
close,0.1580421940096241,0.10457391290026634,-0.004786630598897168,-0.08516569636800561,0.04533121782627832,0.08653845669367703,0.22539317971754805,0.08993983248438131,0.08034309657833075,0.13855271268417796,0.0729988012548798,0.18105419989469385,0.2979333618383878,0.3190785514210701,0.10970406272444892,0.13368923646954484,0.2578856120373484,0.0850037977103729,0.1679192141924179,-0.013516012968582514,0.0689160851725002,0.2156114616645307,0.028180436621237676,0.08719488212703223,-0.05742096456021195,0.3005768294509637,0.22630280698169034,0.11880995661527484,0.15075128720823283,0.13958981069433685,0.23843117530307859,0.04811999576286276,0.1732267619928232,0.20774164988521734,0.22153259704764572,-0.12593708838316978,0.04007255217348554,-0.0019170621301904112,0.11495882855706858,-0.10160302195142723,-0.1045622890945603,0.317009499187626,0.16176893882633406,0.11210092431988117,0.1363672647838982,0.11463409237491799,0.1997350656551526,0.036755580793602124,0.11866148260735693,0.12274212679377156,-0.004685795845833771,0.22769830590630524,0.05543232600985906,0.2017421669808901,0.11149127263714802,0.2633584832409058,-0.004137908852152414,-0.008475880151044987,0.00943044089956914,0.11332955505143742,0.2541468395778205,0.2593093618165251,-0.130996860043844
close,0.12497071612225388,-0.2212953610515023,0.1795031793785035,0.2118169414895207,0.09597557253078144,0.10839815774947546,0.10736388929402398,0.021555808125875348,0.14317057853214804,0.07685919983467428,0.19302917092896185,0.08863730654807703,0.013897689351174108,-0.05358646708655104,-0.08640648250557123,0.23125093439544353,0.05422106471409808,0.1338574190081649,0.27832298917445186,0.04371956687021087,0.037252251561884636,0.08678382476446761,0.10294327004199928,0.2887551350255847,0.25658205940941137,0.16208754159067473,0.2449413768996868,0.0821780987432144,0.12991645671884786,0.06984863554613052,-0.029036838257963937,0.22038747417935953,0.15316987339898608,0.10180734734236639,0.09975321506878247,-0.05062148709065084,0.002252466684728463,0.1336153170114025,0.04708873327254942,0.07822869587825099,0.08953439352208983,0.03175312309828893,0.003208167997594963,-0.061235763092537365,0.08534817209884596,0.16186085476102838,-0.06436341422199504,0.09759521749001737,0.12811432526915606,0.0010419596270855314,0.24221418115480883,0.06142846309615921,0.08987403115434889,0.08387304994020212,-0.0770774422591056,0.2008752071684044,0.004448123158076259,0.07634794845942637,0.15976610012779957,0.2460903426144534,-0.007993228189683926,0.05535164144055729,0.23824186300071537
close,0.1463713879275447,0.16711713590516086,-0.005113173577616786,0.062079047007344186,0.08321645676195694,0.014210524265702601,-0.06745696256739073,0.04895014412364042,0.235428819958443,0.10591734655604962,0.23742909135733764,0.11790209142295197,0.02352922704120375,0.2277619013231722,0.1212326140667899,0.19618388324273975,-0.006832817112057146,0.20387562896145034,0.20688892755441987,0.12897671443565356,0.019307791419021753,0.09539911712873882,0.16112911472382443,0.12345700199365336,0.1601082738107764,0.20122459076529053,0.035155334662807874,-0.015507562096013922,0.09624611986277581,0.06702568411301321,0.17858464131561502,-0.007449838965880806,0.20203818741776797,0.2353612109546766,0.10003049642622898,0.10607361255813046,0.02324534987698469,0.04573391010259336,0.05916633193543164,0.2442940067837931,0.09281292141892261,-0.03221729566400083,0.12553543421120036,0.18262901246222762,0.09745886306784052,0.24692134397269894,0.1777508667265898,-0.004912872988785358,0.04485671876035979,0.12262262814246089,-0.06661892380266074,0.13363567374706148,-0.07615824272546484,0.20234334555645098,0.19072736847917085,0.1504781360915071,0.032412163564768864,0.1170202824613539,0.0486622512485351,-0.0030815277450066264,0.06612569882285893,0.16982655364920957,0.1043814192831761
close,0.24507099241344232,0.17657805394802747,0.16586908139056186,-0.06089265494456039,0.07148414698447217,-0.006437241043419958,0.08169971203760959,0.030672387607684315,0.06223950469420614,0.20611627323738507,0.1475249929005834,0.2007114428981635,-0.06006831090159856,0.10579746966156636,0.1966704981396601,0.25062959148871555,-0.05480883896924932,0.064851636383883,0.2034226674004763,0.08077216871885547,0.008958232583027623,-0.05499991784960076,0.005129846533683313,-0.06889016685637292,0.10584604568340257,0.189631018577866,-0.026097475890860394,0.12577297412110527,0.18452710294458669,0.09972916731516504,-0.06106942949172453,0.1386211554662503,0.09453530552355296,0.08434953513991446,0.04531627542395353,0.10867874262740414,0.150981790844696,0.33906481343358486,0.11123320683872048,0.2511141160012673,0.13577550834268767,0.09004716723522467,0.11485475277112925,-0.02217363696925094,0.13058602707520378,-0.09920650648213725,0.01373336421114682,0.11098430931338107,0.21939822731788444,0.24306243969983943,0.07634534203590652,0.1155717319530441,0.1984362469582028,-0.032949357219291875,0.14047475053155037,0.017210713263419095,0.08281749553232813,0.05409767495056847,0.14353581270481475,0.15503036740090903,0.18910786773973973,0.13481988284644483,0.11716537699688966
close,0.2854023800438602,-0.05243590701971773,0.269560986012924,0.07101780911316032,0.15708915863683054,0.0674340319406399,0.029745837044837395,0.14845771927942286,0.20421283086144434,0.14730079549674052,0.04578842133171177,0.461135006281567,0.21985736708662523,0.19333423042072528,0.06470357692577958,0.03748342117109607,0.07201609241570607,0.20814065443924834,0.0009395662924172044,-0.006820383145431694,0.1539547533361018,0.13191964446421203,0.02296864621091041,-0.009120357841522472,0.24378969933684322,0.1357004425299562,-0.036353586372803254,-0.029362553608229397,0.06384880275495308,0.1732841806997633,0.159500880210828,0.21316785370012178,-0.04903498074607976,0.12238466897796568,0.2425910332321361,0.2332801730476099,0.1358909981412686,0.3348018508653876,0.16092851164158598,0.20427466328413432,0.10444479187755068,0.02190247071557129,0.012479079922125394,0.11816152147944202,0.07884979931497932,-0.07685856699134813,-0.0025793584925741103,0.0681596425945907,0.17272793759371596,0.09839261138379254,0.09279357894994861,0.0013087372996683777,0.10231660800620988,0.23191010274459878,0.1155575112758557,-0.05073135814818619,-0.025152279430453117,0.15887888772231532,0.07756845247773804,0.09254197698964858,0.0387265824985243,0.15034122121999127,0.06990822867546508
close,0.08133867782713954,0.01487766083368737,0.19216912981427697,0.07788672083835786,0.160788033311976,-0.019359156403401773,0.27338831383786083,0.22773740385132224,-0.09097976696589269,0.019806252493628496,0.1477634391009885,-0.0319728656149004,0.08684059178366743,0.14266317859767969,0.08152740880205166,0.15388387035370965,0.030667009539811843,-0.12441815421681221,0.1982115312165061,0.19758146536025306,0.35036366422883325,-0.12071865179343147,0.17508321093468157,-0.09686821380833871,0.27564932816753196,0.14878668336960096,0.00480711523237469,0.17802224746014358,0.044695499228306415,0.13004160995512692,0.12059607162090841,0.27441681361472947,0.28149259100865126,0.04027346267264941,0.20581056179960364,0.13548401555702977,-0.041268206700691173,0.030377161962781993,0.3336146099599624,0.1357854401104655,0.19997795795175227,0.0787955687633009,0.04600580852806582,0.10272645076344747,0.0733895944753783,-0.049325293103159834,-0.0003325457454031733,0.1707884514412231,0.06193093108975892,0.10257048820279072,0.12349230504972107,0.131305004881872,0.21465790613153707,-0.0098695815068532,0.15702527235436248,0.1755027793519648,0.19858517790015057,-0.04129175994148723,0.12548192183469983,0.27160759463985173,0.09008794808433769,0.14834947019642913,0.1780395594585185
close,-0.002546984439826039,0.28338247289999746,0.1499500796968904,0.15195028141934264,-0.06620273780105351,0.1794544798213313,0.15064103413791374,0.2624191327722064,0.06887347856956466,0.0012341670401558313,0.031776100522566686,0.04950217649927011,-0.011884651813137387,0.22901600237659933,0.2327697862931667,0.08042082988599449,0.0607240077915806,-0.08154819133193122,0.16959612553036046,0.2653440108825843,0.03628052827404435,0.08832154742236019,0.1434291461315731,0.2724418360609906,0.11997762218350946,0.11954299160265187,0.11793185011598031,-0.04250325069036731,-0.044679065382986466,0.019200483088512743,0.20128905740373726,0.06646429294540068,0.04703959511977073,0.04528253958562323,0.08623431215273228,0.2702107934101641,0.08488026143028785,0.02137025946251417,0.1025245629081633,0.2755083605761537,0.04971752810643842,-0.018100500843094516,0.049900873026958295,0.1128763736348433,0.168824095082534,0.2006883578682246,-0.004571727396232836,0.004915466554093029,0.067673774061251,0.16844930246968962,-0.026000789765225546,0.03926730895823029,0.040725627058805204,0.19417488553643708,0.15282607606644377,0.190371836104992,0.23386779742330543,0.06943499049109195,-0.01874061548536818,-0.018096361784702003,-0.08381075650588399,0.054123317033380726,0.06157773851682617
close,0.17875534068050478,0.10169142171766041,0.050967155565739386,0.08840012738394143,-0.003897348371476414,0.2025406570751287,0.021408443719049153,-0.013993127193589555,0.18178819667074703,0.15741642083638516,-0.07236853785590117,0.18550016347102224,0.025840736090594355,0.06258954724360802,0.11870201076939375,0.15866248826168217,0.14454791746875267,0.09501816690939976,0.05753566710840893,0.14122206935654474,0.0881612162655772,0.2805354459125924,0.1586409009969902,0.007658437500964524,0.05224000486263487,0.10481921772598296,0.2299431215070455,0.24111050091121353,0.06038652796344357,0.006636578341055702,-0.006149764120618739,0.12524287572157802,0.33037843092174934,0.15390941042551023,-0.05939125266840073,0.027399589675399877,0.037608579815508705,0.017799747988509196,0.061210617506577976,0.1369394861019942,0.16819811693226466,0.20917634909166438,0.15242025730471778,-0.0954150240328841,-0.005730458753131343,0.08419059631408088,0.1147279855767479,0.1861418359876257,0.10431841762167728,0.10507072538636744,0.12377973631390594,0.07449782612187981,0.10868851398778116,0.21258321790117507,0.0916089101215997,0.09697872732157167,0.09664145952328106,0.22977738137911688,-0.01080533268294423,0.2775846894791195,-0.01763818545155131,0.034577973867224096,0.17447382697153196
close,0.20303166954736715,-0.04034990169984881,-0.009270186324708593,0.1277842809471848,0.3344419387763796,0.22462627809986807,0.07519029503681898,-0.14191291380757562,0.10816427344211593,0.13622968036465538,0.061730485891719644,0.014927600945340444,0.11591652603213884,0.005773880610603924,0.2872448660808724,0.25167447975338175,0.16579126315927611,0.10897105691193165,0.03398359133864402,0.09792128161090989,0.2639297135207276,0.18686540584366285,0.12036922784764595,0.19239743341675955,0.15456106633808284,0.13962775398868718,0.19805632589915356,0.15170276448247577,0.18585514701033784,0.11613870496345091,0.07458741768098966,0.045183712105985124,0.033269039452904145,-0.060517044244153245,0.008806005318833549,0.005914647041781879,0.049265480401596395,0.25622442106382914,0.08424380444462228,0.124176688988431,0.12733196445119271,0.25875809128423666,0.04244145461547086,0.07774779197419385,0.08938006282258167,0.21365348557747682,0.2344105693754455,0.14745838196939445,0.223290937406188,0.11776609964689894,0.08273967523831775,0.2178724086585622,0.14876176752337977,0.026446933409241813,0.19974209381243507,0.07915073689797204,0.06691764772757955,0.18930043681997122,0.0911167859155087,0.13889585360402898,0.16619395840707996,0.02170569207276156,0.13848505646822018
close,0.23494731052616238,0.004353285626038983,0.14499088888312278,0.01705322654197125,0.20213976838403983,0.20119055837497712,0.06456776597509015,0.32096286521908624,0.21066253091372844,0.1706928985136169,0.16506108961061355,0.1983926909206224,0.00043575927558399397,0.11946075984610244,0.13831903853773275,0.05998639366974399,0.14647952694439656,0.22316943004340062,0.057823091223409354,0.09455756996286944,0.017941470414605545,-0.07869890098107923,0.1778932180520511,0.09742662051607526,0.10475794171527879,0.001322638182647301,0.08144964709638093,0.20965937891821235,0.10008213367794601,0.10291837580554129,0.12075282778634226,-0.0236382128406456,0.1624920464102357,-0.025519811491583055,0.006038441872097372,-0.004921476900716468,0.08247750333694545,0.06475472964621425,0.09987749616917455,0.009474384022355675,0.20054953203063786,0.18340275687263308,0.08261864871082797,0.052163328341206204,0.042064250665480064,0.06898550049893207,-0.04002452287511765,0.004039268778815941,0.18601203919849665,0.13018124860758687,0.2634274485976531,0.07008048498306786,0.06384867728931326,0.05921010754563519,0.06808355167818314,0.03400459868534021,0.12709882146872,0.10291040671484114,0.04900854981617275,0.22511489130189025,0.2896582922486307,0.21665772055734006,0.1558124013083395
close,0.1761769726263774,0.2856415517826335,0.17603193157594238,0.04148141474007153,0.13922725266505484,0.16262442660633178,0.0005282725964080165,0.07150691813568222,0.21003918240554662,-0.08234927350495863,-0.02504285450405941,0.08235929463716724,0.13536795955057046,-0.03576324449489071,0.08732107483340587,0.21537685390885666,0.10686514570742837,0.19390889436311307,0.04078858786649967,0.019008314321081826,0.18488738302850477,0.136926553465619,-0.018559600777445923,0.019915908383721107,0.2564581241057414,0.00754447805306839,0.19343287467259976,0.052181330276630036,0.09968241432328687,0.12945926209433722,-0.11009812104995986,-0.0462717335427299,0.10863330187871627,0.027569243621611977,0.19965812952746223,-0.06061208808681248,0.1565255056257987,-0.03762212204043264,0.06478950058555713,-0.006437776423796393,0.2902429880471198,-0.03394921629700359,0.08779403046309767,-0.07268361480201521,0.259957012207059,0.14012824161772053,0.1136973089598668,0.24743129392917257,0.11474224414226124,0.12195713561410769,0.11317252880651515,0.15636343254431195,0.05075586160787375,0.07857126926366677,0.18103346284574462,0.1277372951557882,0.08857560858978744,-0.040052239103071235,0.24980502845365954,0.03385458900492293,0.19872372384192571,0.11757536516880855,-0.029345052272987032
close,0.22522754775306153,0.12545406463995395,0.23353453567370427,0.08175912992640812,0.17040512299670546,-0.07625271113450138,0.04997841364062429,-0.027299333223127165,0.06252161499616082,0.1471811739506145,0.03954199123458543,0.18638420936387817,0.014338735644998865,0.18852366136499787,0.23097571658740362,0.20135261350909858,0.06558109481702272,-0.1125453597944143,0.1582166996737348,0.08747652852846961,0.0021607059872646717,0.04437209351295897,0.24344253164448015,-0.013734020061015456,0.1468309175621212,0.12179581756374037,0.06426123353367677,0.1644532687313047,0.26322452588988654,0.07040284961138017,0.07568190519228987,0.16220649049902,0.19182428214350017,0.08722927928513649,0.06946262639063518,-0.12176465207197604,0.02219910876334466,-0.013931167206755052,0.16846249963118914,0.0756097051399158,0.07169783944610718,0.09909437363770189,0.012982352987460005,0.2553247186688754,0.2298193911696611,0.2618106783047688,0.16834172312388915,0.09705218849780628,0.2614729303006885,0.031903316408702045,0.012879102096698763,0.03984884852301408,0.15228712669142985,0.023789480661232737,0.08446270117820014,-0.06018552938847763,0.14810976654282443,-0.051710336718310906,0.006783894513463812,0.2217167134896644,0.21803183169861104,0.13743130895464978,0.12756635817352308
close,0.046904035284574076,0.022709633625779865,0.06377583022426203,-0.05136541744623177,0.12524485549536635,0.10488311248084098,0.0066578733289733155,0.2568681918841358,0.16069137102870482,0.16918418040088568,0.051266007396083474,0.09986699219736767,0.16273726701874225,0.11527823671002356,0.26019007847698716,0.0796212430583249,0.04954394677638894,0.1634252876471426,-0.026464727228651203,0.19242969323081122,-0.030071180059198288,0.163858466605855,0.03517264458273374,0.14765841469833932,0.19073429460610175,0.11534211955039188,-0.019962095164067994,0.01032247554928481,0.02713408589662178,-0.0895006893597774,0.2127477858731929,0.11101075857563289,-0.01355180451889948,0.24556748574583573,0.02986718998618368,0.12505724890748715,0.017472945480379823,-0.10182601533290278,-0.03644405588512606,0.05515095691335687,0.1898296871206048,0.13465331468192454,0.11402051261712454,-0.1010027622744882,0.2270086147680095,0.1223679696495556,0.088058233010784,0.21324231099888954,0.22474967235682738,0.21545902476091913,0.07529135032967124,-0.0003476560784195504,0.19889229171420733,-0.036505444307041696,0.29472567386642823,0.1027999545194563,-0.006088425569958408,-0.02318685541566104,-0.02776048240560597,0.11403629067208432,0.0993607679940213,-0.023592217350919292,0.0643544213444098
close,-0.03679353860913423,0.15893018059441727,0.09454067338872864,0.06215974940825521,-0.02881107300675273,0.06998443997772347,0.05852721186536732,0.13177267012095967,0.11670179781169607,0.17920601020793422,0.05154234564949377,-0.08604115021964945,0.199109287659804,0.0063967486951819474,-0.01069170530152555,0.09568834548862479,0.1302270512954517,0.04691635942853173,0.046130731853187314,0.06089736822344449,0.24165403509931435,0.09973219124418678,0.003203716053820388,0.004221664309703277,0.07491158204176307,0.12378579340280074,0.14839801619661908,0.11241586038472154,0.015812664908291113,0.05760587004392173,0.17339078818646242,-0.014609196045309553,0.05342466069225376,0.15974628578813527,0.18752814266351764,0.08070846289086173,0.05887931894291841,-0.032211794144374,0.15256399227270945,0.23187796851467893,0.3565154058599692,0.13864461835180464,0.0949120348356019,0.008018938684909271,-0.08788569137431496,0.11769592497398335,0.3350339120154303,0.2270812229656913,0.21165642691137984,0.12456028170579156,0.13595231602803223,-0.14237473182779775,0.1762510580763997,0.04206594304241843,0.029827265340411288,0.06767430469513926,0.06429955105489851,0.02823644080283376,0.10138720721759761,0.044172240379194684,0.11003229557561461,-0.0487177814550033,0.07859422293679827
close,-0.009629558968625121,0.03585506815021339,0.11433988430335307,-0.060399761475495806,0.017759262272786264,0.1568964384836334,-0.04131778418658011,0.2777867140278808,0.22044079561306468,0.050547291554772084,0.02127903122149366,0.12019399033354819,-0.04474622570271597,-0.1002142724832433,0.05406648759474335,0.08659512334978088,0.10944272243535302,0.038525938388211556,0.22739467294749474,-0.04951396584838835,-0.013826213495809883,0.14866359561448114,-0.016164738563714115,-0.020032045219731676,0.11233547922071638,-0.005352262031603147,0.08669155720793129,0.030014344034224344,0.013833629662726027,-0.11023053913449404,0.11395631528213374,-0.024718999211292877,0.08317577964694803,0.048789510165143504,0.07934919413001168,0.08503246259867393,0.11936282509182633,0.027224069850855723,0.22426964792733683,-0.08474000608555768,0.07734088814727709,0.18362309764108675,0.14767725530026038,0.0025164423471402964,0.01917545070119761,-0.0006792559326603831,0.15992276306643893,0.02600762714844916,0.125512308812345,0.1264301414075955,0.3368393468235372,0.13132512598017035,0.018885598524953653,-0.046015026206639914,0.07241472853622546,0.08809141575726816,-0.12106995273905558,0.028614583970698673,0.12973525428275529,0.04676443297338252,0.19686237857058372,-0.055835644472052,0.16768828201532168
close,0.19138897415259531,0.19564964758415365,-0.056585638465437876,0.13145527958573844,0.03312458814784851,-0.04061424419829013,0.058613227502629164,0.009502200809919065,0.19207504681638699,0.15130633430135693,-0.01524444681088677,0.0275778686169071,0.06193025743833764,0.09275948526821029,0.20063782748037806,0.16907823264806332,0.10513919689748401,0.07393511501050778,-0.07733540346074722,0.22919976261260566,0.05529034021343429,0.2554840240426257,0.11961092921318354,0.3025284208621445,0.16063215333663164,-0.04320196312208788,0.038558451973878784,0.08308650393280351,0.0126217112891676,0.06229391828179558,-0.03669391585821094,0.10057212810991224,0.12374119490109399,-0.00041094072061187426,0.2940254293481912,0.10635132612804589,0.01832591338770881,-0.06295392999652172,0.10599428893971685,0.0739511467186647,0.1783040907286443,0.08566297350280319,-0.019371878226872696,0.2670718296177581,0.14356248795071858,0.07458912884016414,0.11646385314497383,0.14740419565616583,-0.04288566138934352,0.11576942199628101,0.05498765267061084,0.15072999856297517,0.025981807539372168,0.03952981449029175,0.2662871098564058,0.22309120908821364,-0.22955611799673084,0.21567619824643117,0.09263479737422432,0.02918179371009881,-0.0007174735707650148,0.005088237172001159,0.03200640552415848
close,-0.01271325836818435,-0.035459966107264235,-0.004038015084391083,0.13233938550656874,0.10500901485707971,0.15558564515518564,0.09336301607899458,-0.03066793306447918,0.14944409234936062,-0.00046892788749149095,0.1646614301988934,-0.016592000295696074,0.03125233735964747,0.06386083594320852,0.16744048010569484,0.11759972521273951,0.10200013221509245,0.28856687850553053,-0.08369831612251455,-0.0038377642700551107,-0.008118847803899126,-0.07706523099222745,0.028048048711397253,0.16877691637967063,0.04083526014842485,0.06669970280136904,-0.07225548278802821,0.020347442483965278,0.053830128441241604,0.1642400422547114,-0.06749163979182213,0.05449912542788618,0.20868180300688907,0.055491671437673605,-0.1115561414118679,0.22791757773481913,0.1734896942538333,0.18693971750787908,-0.0743783646745394,0.25124557258472147,0.022672391488880214,0.049056105577976905,0.029722283400799646,0.19469371819552073,0.08202016474947045,0.14817410325876257,0.10759010228843682,0.09049579963070795,0.005321593625380372,0.28121405873077654,-0.046339362850522925,0.14122539740346846,0.1376656592107279,0.21543562861524257,0.23880900323792784,0.08626114005832243,0.1530394305924753,0.27648737104525095,0.09348232330777478,-0.006643347506517655,0.06155318873005787,-0.03046459986144673,0.13718168109947226
close,0.20644562081406354,0.08789585079324616,-0.06209600494536405,0.20216508350576776,-0.07762989615657787,-0.054595477792304115,0.08216616125052813,0.1251785245675499,0.14222474987583542,0.09338604479535267,0.27600437651348575,0.10651683410832019,0.20346681017529358,0.17869545640946982,-0.029287373220452967,0.08302695127144787,0.31233205132810193,0.049564914605974265,0.03253794756433093,0.11705755814770223,0.05314800707399481,0.020629542049776156,0.05167166057024133,0.24320096713686257,0.08633813085224276,-0.03280750327547119,-0.051174653808816445,0.320680493205447,0.07766656305658977,0.14345785009654183,0.022862277366039074,0.1320985969271416,0.2459329651601532,0.034773681625624525,0.14585867799485827,-0.04057462758903879,0.3022866118366792,0.12685359302445748,0.05872061556477081,0.07021258767138362,0.04899618254856646,0.054109483587650685,-0.14474951423496601,0.09020342679032445,0.08601213193942878,0.14886615372604772,0.04768562535584736,0.022896368585897747,0.09922250555470248,-0.061236811809048386,0.11434231875345843,-0.08618192595217208,0.2120818648830796,0.1684269955660775,0.007381412357598677,0.16611380133380368,0.11115142242538813,-0.0009010231084859849,-0.10228761572290895,0.13164356834264523,0.020571815286496514,0.20949695696960796,0.10140337338818513
close,0.030041730350268303,0.2797838733090472,0.15764464926030053,-0.2655086515104106,0.05136082312091336,-0.038408899201242325,0.020020206227969142,0.08552676010814639,0.13540485085875464,0.12613657421135738,0.20778730765648024,0.16365983775086668,0.1574746929125505,0.12014923231332744,0.22867988527259014,0.06837234568090825,0.07096967312648093,-0.09055733529725304,0.2056164043810036,0.09230742442208455,0.39336057061712726,0.059446730823754214,0.10885781294167353,0.15465049536084138,-0.010189997298871295,0.1358547713879228,0.10346614320571854,0.06963118103231625,0.21726039587430068,0.009625128208934436,0.12749021130822216,0.24546642913850458,0.02933782440437016,0.0703114017307701,0.3345304563471828,0.1474391065156057,0.04938025233573824,0.1802624760078478,0.04319064484089742,-0.0564915924160071,0.237236394526517,-0.010305926413101435,0.34517126249972907,0.051066762453779446,0.3133264681561856,-0.03686710685200578,0.2025493586266253,0.14997262729846503,0.1837746225555152,0.19680227066762607,0.050225485771882815,-0.030884384200299847,0.09490822696607822,0.12230302575851341,0.05281553788444952,0.12775539701598618,0.13296255311747404,0.008997355345613411,0.13949712816904658,0.07327879763053544,0.030001909979662886,0.17873751382239933,0.022300878830645562
close,0.05433324100952737,0.10720508501866559,0.2374311620654239,0.11927840777242982,0.15282883324746677,0.07023574640035038,0.09215103756236592,0.09511227664804059,0.12933062360170247,0.07040324269517399,0.23399998854762094,0.06268337614978581,-0.07072411352053673,0.374279660437002,0.0672631309056248,0.23131697870913476,0.24047908419597586,0.1945214312250382,0.08019727804025976,0.1286684819874343,-0.02745102093049273,0.2990147773818276,0.014819400181733028,0.07460990372591245,0.1098986487040251,0.08925602451630399,0.034312671770660594,0.23943390520546884,0.19502792834882798,0.1322047204325693,0.060044694400325,0.2064275871844471,0.053553136722243454,0.25703918403378156,0.11112209154834277,0.2229781526972715,0.08861796738164168,0.10715331820409447,0.22254210614586667,0.3193925151804445,0.2560366817504881,0.18771346193778501,0.15892834329575967,0.04930513097403741,0.12952297411054328,0.008695081600326823,0.1375782133684774,0.14400506606935737,-0.09608451414681915,0.1038738609191707,0.14148748990891052,0.09162901428609778,0.1358048838856571,-0.03417222433563141,0.02241356944397413,0.20349381631639327,0.1000571665645777,0.13398789813149087,0.04534788392914212,0.10194940232768564,-0.1302012180135199,0.18460119384207666,0.28079328389524705
close,-0.00650175492146407,0.005966781249043193,0.14408798982374824,0.2473879290506746,0.09979026826170552,-0.02293180208125041,0.07913827633621269,-0.0029932080311792647,0.03311537071312236,0.06959589008466835,0.007067541175837272,0.02220942758254349,0.10745340002222435,0.12150358121372301,-0.04239803338209672,0.13963817225093372,0.06180661368686022,0.1720261523552609,0.17804975206878598,0.045545881904495135,0.16141476940377333,0.016304396030117005,0.232376206283529,0.020086379914353525,0.1352749608625513,0.081239085535572,-0.0016894514237601188,0.19009157617853092,0.0385868191133209,-0.07000721649783065,-0.188201336316803,0.012495530557202927,0.23759084192989735,0.225773846750366,0.028140159765246794,0.06255450852986208,0.05350869244439771,-0.03334321454495687,0.005116812837665699,0.1981149519400785,0.15038878713794007,0.1273088858529889,-0.03351466116608587,0.11007032140339777,-0.13038449694880216,0.1842802691260533,0.12585749007371416,-0.03452324520998301,0.261642555749004,-0.07961646591685814,0.15303061822496025,0.1555171768978662,-0.023967043935248067,0.09621493091898832,-0.06368278421528631,-0.18463743163268134,-0.006787622693165865,0.03833750577380032,0.16442561808107917,0.10674080850608197,0.10935454593861461,-0.0014421623283585039,0.04699886959586135
close,0.007007339013083896,-0.022497400702980827,0.04063005730127428,0.1074512385096334,0.04273614805757967,0.06764973305750271,0.16949148109113904,0.04992455813092964,-0.03339666309878914,0.15634535216012393,0.12658496485082846,0.13286594981723146,0.16258386575357098,0.14566415273079453,0.10287286924713042,0.3391452662852093,-0.02849687463019543,0.041358272151144175,0.1967334364678167,0.11425862920955744,0.17579230340112387,0.11697564295368713,0.23740565511599815,-0.0007510855633245661,0.23424598894067097,0.21709964932042666,-0.021028911423038005,0.1630665409887673,0.09569600677634106,0.03934179808809362,-0.08886191897177195,-0.0010813671117316792,0.1708112140184589,0.1813841269260557,0.07892895194238284,0.18169851431432843,0.19452600778941376,0.11546399586263474,0.027766637614979578,0.14410541128156448,0.14869847076588633,0.16739443903503098,0.18654032700022397,-0.03621645719212216,0.04900707546342579,-0.08986213456878198,0.17469960383553473,0.0787688552019584,0.1430814070697415,-0.04756787481901584,0.24009808496930507,-0.019433916461927492,0.17745633043824588,0.11179501708925416,0.08105572224738211,0.0729839893387826,0.036193699068387,0.22951961769007687,0.10126128343522427,-0.026922153035322027,0.06160397979651599,0.11283390272029384,0.18978052814453256
close,0.03953802794827928,0.04622234441954523,0.10234321271474053,0.1873424819947326,-0.03687545355960295,0.1505354630991746,0.0535937469871344,0.06755674182515134,0.30015757451297487,0.08035307754484747,0.175469375030858,0.17189138372033486,-0.018002391409850674,-0.08453943252229043,0.1820982092416911,-0.008354619244851882,-0.06641829545710273,0.2026162214844198,-0.0019426733775592953,0.022748252431560603,0.29743731550892955,-0.06597353613815712,-0.02562860414069254,0.05403018575260795,0.0759743160165578,0.01062547178823467,-0.015865509732291644,0.2509994324431931,0.12629861241047158,0.1585168744209188,0.08627748234414641,0.12894549488591364,0.19329016611095906,0.00037009854546651844,0.1264835996517982,0.1696042313407891,0.25447973463842605,0.29478909798017616,0.10698597969817615,0.2138638949687134,-0.16701679333715472,0.2552282909376714,0.02741163382791964,0.07589025510121092,0.14411044843670212,0.08465576326844863,0.11964533795681345,0.25876929682261435,0.06157799546540287,-0.008692381650055342,0.28134638572985515,0.15267642170046775,0.29222389753134637,0.18636299105789042,-0.03235943920134368,0.16453846717568815,0.001605193411744546,0.1007431802439667,0.09242855963922422,-0.061766380463305626,0.018718951043821347,0.32051873001591,0.12383774048411644
close,0.08244038653370477,0.28128902199409256,0.06037646899308314,0.090857963803088,0.19908028561228497,0.05992642013836502,0.02534792606474988,-0.12537564153607175,0.0063501686617238595,0.00539722540103868,0.115856669546861,0.038954173427222405,0.3158019010857196,-0.005762893023480611,0.2400646686857405,0.12197529551275492,0.1806774035712389,0.17460195947358698,-0.12182355303124168,0.09884473210234429,0.0737771862766168,-0.013297809469126731,0.14596260372158684,0.27165403158774715,-0.1673003643884066,0.046553032415827915,-0.024576616411362287,0.10717778262376934,0.0674378716850004,0.03943227872428219,0.16895068283290587,0.2636181301057099,0.36613186517578356,0.026037095153141218,-0.08208755518180694,0.155919643407834,0.26104847353232036,0.18136899670407286,0.2606347039530311,0.07745133293978808,0.03904255602268717,0.11154359074013123,0.06694468126331116,0.1663094021340344,0.1969767778003491,0.20480836645718858,0.15105926708043899,0.12458223266752996,0.17944266892508484,-0.09629919076527213,0.1210570752333942,0.1052478057170451,0.12130803959715548,0.0912376453745769,0.14318554934616162,0.042539707846598475,0.21295234294536303,0.1473649777413474,0.11506858578838608,0.030248342936388006,0.18153168852079052,0.12066596984944912,0.024451660646308354
close,0.09433384575867616,0.16290826192412397,0.15515735388198254,0.14870089678081552,0.10925313917410773,0.2025819533301897,0.22377965038116102,0.17373226156755406,0.04125487251442929,-0.005806171729051762,0.04560602330284064,0.29536567479767234,0.12816959138273537,0.3126441827526385,0.08798016564125635,0.07411863295070785,0.09259434633559264,0.09078259199466965,0.022634908813227578,-0.014884826816667696,0.1501336627180863,0.20549007175973635,0.34449813006664015,0.05662870933089776,0.06473445131359251,0.022877070554898266,0.21257274293735673,0.18149874547962647,0.012306541812547367,0.009780191302705687,0.19525147585958977,0.1383196151208408,0.1758388713011144,0.01172315216610871,-0.08777248639102067,0.012503498331983012,0.1687766730011227,0.31110579786348913,0.05705360104723918,0.32758558818768657,0.18298197674916883,-0.03930323017088261,0.12140338378110319,0.1863974278411861,-0.14254828985526866,0.1644451157913382,0.21727211798231127,0.13988681241311435,0.09382787893185768,0.08270734169985931,0.07686776723081779,-0.017597980376710926,0.031247616809503262,0.05834059543478404,0.11134943462257423,0.04431852423429336,0.013087075750206983,0.17597708591258454,0.13706139719478558,0.04607704632104331,0.15062784714875874,0.0546842106314065,0.10630650294881201
close,0.1975044054722867,0.03962589068337366,-0.0172411607833743,0.08548654169786583,-0.03634650161854619,0.07225514906490246,0.07193625206865432,-0.14636841239055629,0.153063516374451,0.08173102333186795,0.2181896452771936,0.12155319797940826,0.17356085703155483,0.21900387532070434,0.08682829172292537,0.09991768111360982,-0.057354322339023184,0.22395377452342413,0.08543026002784454,-0.0005730550347981672,0.17397224864874275,-0.11797811919642517,0.05707257771268219,0.1908311041211841,0.05622781480340949,0.028207804905141853,0.05838452028870496,-0.1009929264468574,0.17154784317830335,0.0877113958023087,0.0727675390005238,0.07313313835909588,0.10140797984645843,0.16534373706720668,0.0947936458800751,-0.03616365481798123,0.15755161215440672,0.14985696910042265,0.12055269982164603,0.20752413069613193,0.10303786764129588,0.2111376088989256,0.24072110214783965,0.15823128855244828,0.02520663781220628,0.08692142814975592,0.2238856034058374,-0.04976278660695069,0.060804633182139134,0.06570351635532559,0.013478939964626638,0.18728789499187865,0.13768150710407773,0.028894164339950804,0.16055129202358395,0.0841583765331782,0.010980542677765728,0.028708158975713285,0.143605107477594,0.19390098785218388,0.051323176704521384,0.1544441333669012,0.25817541575774827
close,-0.025887055637025286,0.13556698728386238,0.18306556912954083,0.09048501834011694,0.22382832108556472,0.3198837038261284,0.1343355348386303,0.0766410267722001,0.19769828076619567,0.18420688603779015,-0.15188309549181847,0.09972644439088865,0.06054005332608861,0.13967056915139167,0.08063417197062098,0.09148239077289984,0.013678724053891839,0.17345292184244876,0.2655042221468732,0.015232805078496503,-0.03970550231469733,0.10200032198274639,0.09713443389647361,0.217093278612036,-0.02291949523785322,0.046204482497590266,-0.11477032392668529,0.23749836362118226,0.12505446283233637,0.053656708601920344,-0.03222714785911765,-0.023047605817725095,0.14142668997913913,-0.010742504560071017,0.11040054231485694,0.30429448611350307,0.06524123770551794,0.003855555602562108,0.13820072054527632,-0.02257917407817274,0.27199845303294035,0.2403619668528335,0.0835828381046356,0.010270681857578012,0.05742301272246395,0.07043343879145718,0.1383567131707065,0.20396323293011162,-0.0036512630758589876,0.20109095653427445,0.16176856128112982,0.049221050919339364,-0.008671189567701035,0.11162327172925679,-0.005958848370208408,0.2023680849162606,-0.012388277213220472,0.15477061931631442,0.0919383635184918,0.04393751156247988,0.08971684936807092,0.2079983169634202,-0.01922574089937898
close,0.05878434448081833,0.024825643531281194,0.09613828664512854,0.03153191074873457,-0.07680812423866143,-0.005513754693236228,0.26377550185381116,0.12467282112862726,0.12123620538080775,0.07173876099913618,0.09483745758908306,0.057018807716862,0.15269285310410652,0.1100808854259373,-0.01712682101586152,0.12537245031041927,-0.14587419232715507,0.14138591996777855,-0.040935685683652134,0.09039449138299241,-0.01946276031961891,0.1002823199533097,0.15782785192762222,0.25028270852495804,-0.05413576550114785,0.1975472955671135,0.11311527053774717,0.0549332847175376,0.17598565050594597,0.07640751489147933,0.17175305164006793,0.0007730286872005138,0.036700296770370774,0.19436000527945996,0.2485400523570422,0.09649681008471507,-0.17872889253557803,0.0800950717391545,0.10324261178224298,0.0767226623306828,0.13363385616655313,0.0523090072402678,0.18388708606780274,-0.016671327273104206,0.2236848707354141,0.2550078823961093,0.008694026193969251,0.008640017439693726,0.14106953137775283,-0.018722040974288937,0.05073971288976799,0.21025269564560145,0.1737606764476963,0.29801963416895894,0.11707841476002079,0.03891619977218145,0.10512435116530205,0.08494116605913656,0.08634428907968646,0.09761962919042672,0.00682332911537635,0.1282217754970643,-0.04086632677585911
close,0.028317339209188566,0.08811212368601826,-0.12595533126555916,0.17689915363449177,-0.10531545098475054,0.16695876908981783,-0.02928092899281623,0.05950813092965005,0.15191306469494295,0.31981395194794826,0.11164519777073495,-0.09826263281995082,0.1953695132635774,0.07680815951409818,0.10699066544588237,0.15578630298876145,-0.12253779569057141,0.10065368477351959,0.059030611004730456,0.2221834906005519,0.1727113763338743,-0.06270019227815474,0.22626258523490483,0.14495250881602112,-0.054724159745321826,0.10557531034927731,0.20348261138558554,-0.021404387257339397,0.23775773358454172,-0.05126287741275257,0.020877282335301534,0.005712916461030809,0.23769337315886618,0.050898386345080315,-0.01628170026609979,0.1445210878914062,0.16611809905927188,0.16675360947941315,0.07286608347739904,0.1254534301036948,0.034976691377071434,0.2674801677935731,0.21442051586579317,0.20829568290406753,0.17941159345735455,0.15197333059950016,-0.024436248414978795,0.16333012362556484,0.11142652300633202,0.22633640849509193,0.18074191823824282,0.15503804701530216,-0.0684224797530156,0.09109994633915294,0.04421077400963437,0.12523659241830737,0.05844517285573563,0.07240542239066941,0.1459033904906704,0.0567861886431224,0.11215915395740125,-0.051941189087430645,0.01675985232399413
close,0.16560435672029605,-0.023019211669647446,0.22457250776029972,0.1974399355301321,0.07317700646602135,0.3998734105502465,0.22431035778482933,0.005072049329426495,0.1746174053700048,0.10658630663197573,0.0223287909140589,-0.006990914316620883,0.1994893334888379,0.040205453537586644,0.0898123644962948,0.00789740717734716,0.02518420627014091,0.0873070799928528,0.13881822927241516,-0.15883591635514485,0.10169197991667502,0.025387898741496454,0.24023626534502251,0.39427526460054374,0.06407209650462846,-0.07222285607131945,0.11168769699185666,0.07945706705067951,0.2971350649001291,0.2666589343375543,0.18653749705965644,0.04133059187873418,0.16777665661808033,0.12650063590683042,0.12413232032993908,-0.05582298485678702,0.20617953384536467,0.11078083283112353,0.0899158652455425,0.03998435049911725,0.020638350034662245,0.1317258581278982,-0.0749162801858082,0.17894987596500425,-0.005410543699568546,-0.1058680686205292,0.28218953159260207,0.014191295065442158,0.027784083847830432,0.21345383310080746,0.28544309005166413,-0.053300157860343006,0.004383193974933058,0.011732117783940343,0.19348016626956546,0.2639132127929533,-0.008025256157807886,0.24147453379682202,0.02909658884712979,0.13361229029455723,-0.027145369942781772,0.08780695864180021,0.0888887285927284
close,0.06848416936847264,0.13849709813196973,-0.0007030864852525937,0.011627670181315844,0.14378721449493556,0.23420353309757289,0.0977186305952077,0.15036707734621726,0.17580800102973404,0.18305051886334917,0.004647527416336145,0.02229897697950961,0.030992540605646518,0.29286338008939644,0.1508192939171904,0.1463315720385017,0.13662357531837388,-0.0320793403619499,0.2938190470777039,0.14791875307869606,0.17231601126549528,-0.07655212889158022,0.17796438523615182,0.06437875498723732,-0.03227829747262373,0.004623633412820266,-0.02648942084533662,-0.028178419511461023,0.106054782036421,0.0613237211268349,0.13340693621613875,0.2675975871068005,0.08704962863726626,-0.12448892939584272,0.07580417884521835,0.2193394436397872,0.09140605275031702,0.2529330653691702,0.14529415931378187,-0.08382697343973891,0.11095822504383585,0.1297001294264729,0.2080355801273644,0.28196365716115684,0.19077255197086992,0.14404797973872172,0.16761882715783463,0.08319931935504327,-0.04628778368074293,0.10414960862228603,0.13652903274589057,-0.0203657625911923,0.23266216394999417,0.20054110154824312,-0.03717614152878693,0.23658322887898744,0.06916856307901528,0.022150843488165137,0.20792776927465262,0.09489455872399419,0.289918532083687,0.014711195611324904,-0.07316575239726547
close,0.07195617188338585,0.1789222499060473,0.007285701446445678,-0.03301003827998791,0.12289274027027541,-0.04636872101675166,0.13066926996134137,0.06593769487718229,0.14944664883523734,-0.038382880392460184,0.22981631514439038,0.08169655150063102,0.17635226679048233,0.19598754612848893,-0.015744495236595574,0.18822575096080765,-0.042506677514432545,-0.037013774275989286,0.2963999235988435,0.21118533687966246,0.3073664175433755,0.06297859693920894,0.11024286640780087,0.15273547467523635,0.09878044334061056,0.02538639793040956,0.010391530211995098,0.12138622328289496,-0.006685984166230494,-0.00948634923668526,0.1393572011154593,0.09048406485143848,0.19372062705816853,0.057508858991715775,0.04187440500244645,0.1423553396035471,0.018797512544617284,0.034187227444331475,0.03815456096205852,0.07902978937044472,0.2772436543295903,-0.037678882495715715,0.2295507582117459,0.17377867562899169,0.2566978847369993,0.41366860483222734,0.24314530207878554,0.19256669479078614,-0.031249635162501732,-0.018622226151104274,0.13601901843652217,-0.06980761479195646,0.16154392512912194,-0.11349218907610115,0.21522333855646159,0.06782996880664015,0.11265969454701891,0.025162770357951766,-0.08985264102225723,0.2234695279194262,0.23357013949547142,0.06485122347963021,0.16619295647340077
close,0.060910857978959614,0.12884898442662465,0.175913919892011,0.15550849245738738,0.23409696134093455,0.15188806757053355,0.10280846170385953,0.0238581032122578,0.05214946196760792,0.18100513967250162,-0.050182651891411884,0.21058073034127966,0.07188562739854669,0.018139409559211006,-0.009872417678146728,0.1674367785648387,0.09853586461966819,0.258876522322982,-0.026307565052592102,0.042183637693813704,0.09077788418725867,0.0248143256030066,0.10061186641418031,0.1319500766415519,0.14844842391297403,0.25061671308844613,-0.030347242878158043,0.13377603199353108,0.03530571804118335,0.14300133800235848,0.1431332186353047,0.001308061676766864,0.009884765736591236,0.1511643063469575,0.10234045107441306,0.07803781592683957,0.16579868297749736,0.17317184758621318,0.047036988729829726,0.014794686235750004,-0.026191897683764204,0.1033454120201485,-0.042316027714856486,0.10994284582290341,0.22168367914244394,0.06465402297137157,0.04637957194598363,0.2997844773627145,0.25097018191876463,0.023540212944458586,0.11390131810589751,0.13286782423480828,0.12036604227261782,0.28146734477127877,0.10872298924194204,0.1237234875631017,0.16886622951464159,0.21899197160476674,0.19368991943041058,0.15380847863116393,-0.05586998053939082,0.051186227594157405,0.1819421207205271
close,0.12503986972793057,0.1826128633822952,0.2887166061671248,-0.017696320505932436,0.21379101748045837,0.0669636537506369,0.19353498192747323,0.09587792566318826,0.31270045388929957,0.11300869362617381,0.035948577564401965,0.14198746227917677,0.132394278071827,0.2138097094110448,0.14480527986049255,0.3475064639169303,0.08885958645977277,0.09003800502195264,0.03961139499469457,0.10856683383541771,0.12310591210829541,0.1281210529955878,0.10671876754939992,0.039017878327270133,0.011833487191764483,0.06248262751644437,0.21415376602351135,0.23567996854914794,0.0923035463559565,0.005841703353257538,0.0918826389683209,0.30916654352700795,0.19989678353166207,0.15507426915325476,0.19626849170525695,0.2540566611341313,-0.015286620154711966,0.06079601313028773,0.04712783671631844,0.15871143970709833,0.11601108906395974,0.17563112906894082,0.04931126501327773,0.23719520506791564,0.09306662918506983,0.1694545551958183,0.219540649892294,0.21151243154949684,0.13608284084017966,0.18193469063825454,0.2741660663972287,0.1513601233974696,0.027035359793842015,0.15830507309638853,0.09627187819804096,-0.1348001134404344,0.14619980237030927,0.1116650650015607,0.21564177714974386,0.02499063425116936,-0.05057096623793075,0.11686808594105096,0.13801773876054463
close,0.1093832945385569,0.10207086836854035,-0.006872695420632652,0.08610828630250768,0.0651594170495585,0.20727087407674402,0.1379325364030614,0.0722002878254805,0.2723884876422766,0.07310923237849908,0.1557786723886163,0.08330786664107177,0.2631152515028004,0.1086859775813611,0.11164142278906737,0.08601296412272864,0.11965119260012147,0.21995378386479092,0.1845843844684688,0.10280761811161711,0.2701325106456654,0.1872985641342569,0.05618188808026508,-0.038034835373393805,0.05849861982034298,0.1413348778550253,0.1597200370631427,0.23591376833020192,-0.009454597511900004,0.05608446660531896,-0.017764266987451302,-0.033879921157944554,0.03721812540466815,0.13666122442940212,0.17713944348903163,0.005164589337832537,0.01907240806127601,-0.07798231753234339,0.12143522082769957,0.026786109802926172,0.26630313782118475,0.14098087996495948,0.0828554256543225,0.035888757245554764,-0.049467022019422935,-0.036787177694543094,0.03778590454278652,0.030109711797569536,8.281571540055821e-05,0.13770947274423445,0.15142655924148593,0.054136760269827194,0.29351522682653175,-0.0746729366516092,0.10581638989722633,0.07814197959120747,0.04492991180327434,0.030233715398694058,0.0993040117087642,0.07744721726782713,0.06081234728874406,-0.02987196349893745,-0.06181118178104991
close,0.07114835248044346,0.059790389550346976,0.08029631397231723,0.08913782021104913,0.04774976581171822,0.07875925761817945,0.01464716918965056,0.2523945809163284,0.020025985185003134,0.06290192905346595,0.02762112108861195,0.025941845979509714,0.10246415666379467,0.0897765790116988,0.054053960962478984,0.07165240084456885,0.028018644900672948,0.14017256377261605,0.3055192742590714,0.012515872276678164,0.13939632237346047,0.10449489570207102,0.16686297581325898,0.16967929604960716,0.12054126972186607,0.09601794238849003,0.056554980035155356,0.02350396468913646,0.09031543390482152,-0.028458883141768032,0.040614400988253134,0.21068536244725689,0.10985122210796913,0.189266441893555,0.24696438866584242,0.08229705440851828,0.12073258341936416,0.06981541058472446,0.01873942395243937,0.004703174066759533,0.18431503725964915,0.12086272804856481,0.2846603072081053,0.1972052012923891,0.02687870104636321,0.18403421802267714,0.06949244608977448,0.22168597091290015,0.05136661227569798,-0.005242596024267243,0.020424492293859037,0.02553350975850864,0.015974823538133592,0.042739172439489326,0.18566918703252377,0.2796044208266184,-0.03301895155535037,0.22635130428331496,0.052229628402557134,0.1347882531202234,-0.06541460305732974,0.1524035017344856,-0.10053123968160627
close,0.13139350723101656,0.12572560470293365,0.11910076342954674,0.02650898493670706,0.15495266744296438,0.13910815094167173,0.07900472163588804,0.1671850307175194,0.09043958534344948,0.1528777158908762,0.08741206726059099,0.12167019911095407,0.15747229410752622,0.060208742638196505,-0.023383658625419537,0.12760790055481547,0.218939137861293,0.1299150972957446,0.13181423146963728,0.09578238935033595,0.1739118652773201,0.08140645838620628,0.054610121887313824,0.2105298252874866,0.046946168170731786,0.18894709464517492,0.2105935461957709,0.1566816932062061,-0.024923551957263257,0.10271549092224977,0.07980000029413828,0.05040007446646867,0.11427515873464276,0.17692063474975483,0.05414473398688016,0.08286173257263256,0.07589410661680124,0.2163871045544312,0.07428993821894135,-0.02344056577617455,-0.05734348389905139,0.136272956656597,0.023931826011409807,0.16687245052724786,-0.03312199885071315,0.046108783338939224,-0.03305688495201481,0.14346107155489235,0.16488475406246503,0.13386251576366004,-0.008593632040384283,0.025423625588933393,0.1234313988611554,-0.06877414081243641,0.07588650556120971,0.25169053533358815,0.08200444508196253,-0.048854463903195144,0.03925907523238647,0.036930767432242426,0.31403087798365614,0.2665679080513896,0.1730935434101578
close,0.06569240692586018,0.2200629660979723,-0.01334596390504586,0.20765753152442593,0.1927973537420044,0.08486542653507193,0.21391863133507721,0.05527788705361501,-0.026508559809823362,0.19779650129999216,0.09147570708605408,0.16017806032986678,0.2820886591559406,0.027774592760370323,0.08566204951600248,0.2569634504577714,0.16687317308552835,0.030021725579540373,0.004498229646052149,0.04719193598966544,0.026158529519712176,0.12373481194895308,0.10784345071975997,0.12792377542753514,0.015918719844021767,0.0929166092474745,-0.10556997739562166,0.11450063173613666,0.21754406449558653,-0.04247459093461803,0.1483428230647461,0.03889856482394369,0.18025011536933694,0.11586474512122788,0.1404704112660441,0.10648238987554405,0.23283318063843528,0.13474104776951024,0.029457628599754884,0.10987150523210037,0.06311189570339507,0.11623999065195892,0.05802302876331873,0.03231892644536853,0.11992722127484459,0.10557896286165537,0.20639558450458476,0.05850441208671871,-0.09808538474953074,0.0636129201536687,-0.06264307589165771,0.14156719740965762,-0.06738979283487875,0.0011628937585898558,0.0637665541725137,0.2543950604761145,-0.007289011571491755,0.10124049831465863,0.1579976576957259,0.24840605532206975,0.177779475172141,0.20939069516324654,0.18643070588515415
close,-0.020912297139613914,0.13596921043170468,0.18486609521722228,0.004349971032598016,0.04202401232759774,0.01968077048729437,0.1772622985968033,0.0930718879670868,0.06791541056649031,-0.028166991665298763,0.09326057468062077,0.0432411645015251,0.12433395652641624,-0.014296719864545088,0.11779062595062006,0.05610492295011793,-0.024929692573514656,-0.032728403787814664,-0.01770203880226942,0.07936009425594578,0.11209954343635005,0.12698236323771814,0.13075529177284478,0.024147673902079975,0.20584029080951757,0.0557774473991847,0.1450149760059732,0.08358445665061832,0.13756212317030417,0.07856719338550863,0.13936348765745665,0.09926111301196765,0.1813840570650689,0.018131495678880172,-0.07698913358905785,0.0026642580565903323,0.20689184152380338,0.08454411801122605,0.10920622955465624,-0.005363661404638703,0.10655537251502786,-0.0022812644072696397,0.012421872494724498,0.05975163171761197,0.14450972578421456,0.15518475806425103,0.15790448979378371,-0.05880841150443741,0.09933354996097386,0.0803218166617264,-0.05321824160814556,0.10159837667221985,0.07495727825632387,0.15115256721178874,0.10812470762398026,0.04506794697167469,0.19257624504569776,-0.12212335007751243,0.09357348715703899,-0.07632509319919359,0.00878067287938801,0.15248137030093498,-0.02741974804408029
close,-0.04237178187039348,0.33819449834156246,-0.035928905142016465,0.26505209030879734,0.08277978354207395,0.04751708785610247,0.15667863905882048,0.23365940755444992,-0.014606794210832844,0.04897502102714696,0.18468697346842525,0.12879943124270002,0.21019178306413827,0.15151119544317795,0.28082240091491484,0.11785885988336503,0.1221811148330962,0.1321721372015799,0.08575111482734421,0.18480871588009246,0.12370412238630261,0.17881800091451439,0.19444998536241603,0.14284546815603275,0.1501716324234197,-0.0010329787596533857,0.04496464121801788,0.18433834529907317,0.24236311818185136,-0.09404302255083605,0.04321368527485852,0.10236206024146502,0.012072553791932214,0.017748035581831717,0.1474919873793805,0.25813759691714333,-0.10318235563221409,0.08295238510183038,0.1463280341790388,0.1780213972200242,0.13191273430690387,0.2761402549936115,0.1028906593325794,0.23119927903920975,0.0353632329654031,0.10579829465888499,-0.02127150757988508,0.19008644405489944,0.08795571373588236,0.1357821062519898,0.06866313687149263,0.1586428501659016,0.13974339738557523,0.0005348570028793631,0.006323256741698952,0.09722312696586483,0.16595739574066576,0.2862895553113848,0.13029908566657292,0.20075314024885405,-0.06128509347641686,0.30129558494339825,0.16056862111291928
close,0.09503954888412203,0.08353039525420747,-0.010719979785899822,0.01787132042798291,0.2910435632133414,0.001099556171398744,-0.0008267757866345093,0.02977795139244209,-0.019818075296127266,0.101530657484551,0.20889105126652388,0.03895076737279665,-0.03733242797608213,0.1291861313014654,0.0944225662320187,0.2002724550081625,0.05454917006977296,0.07398432203733249,0.08504696354567311,0.10890041105534821,0.060743832264241016,0.04453558919539912,-0.08503776848818415,0.043461279087988296,0.1715223268081752,0.1850245519368886,0.052888697640869946,0.2299485998181762,0.09712959282996453,-0.0337846371815948,-0.06523840564542557,0.22182579226197263,0.06269962747389263,-0.021406452307257906,-0.1259276171435535,0.060428388912485705,0.14047508589963614,0.03023088559537955,-0.005324516013387154,0.04506242313932726,0.2243192019144856,-0.039298161767519046,0.03582989695774828,0.22107577396175906,0.14941762894237537,0.11791278137789564,0.035155386458375126,0.1030504814500428,0.04621709315466993,0.014061386892924896,-0.008005747530174023,0.17840955963724986,0.09395938677838644,0.1314513743802696,0.11516731858014037,0.14409188278083596,0.07452812100141082,0.051834254894542575,0.01847196706088776,-0.041396913340711355,-0.01220331706229165,0.06345822788997785,-0.06030394844354783
close,-0.03822859041360302,0.20421398926351775,0.12241794848537925,0.05481632717964793,0.32715744589045603,-0.06482497187130287,0.1975611276461822,0.0888533917220584,0.17850470229128118,0.11089537172708072,-0.08722450622452577,0.10954604675588285,0.13355558546395982,-0.11919852985244139,0.29440482938018986,0.13112075941727722,0.16719877401364958,-0.016552938957631172,0.16906175221456182,0.2089504459563056,0.1253568228137846,0.09906284414792356,0.010641187510158356,0.07837930822166742,0.04879704857407198,0.15719956373926844,0.015012407488259744,0.15646507215035574,0.016101443727034342,0.07376474458399816,0.1616044397012817,0.02962032800139562,0.1650536488977602,0.15529941576713682,0.07290493266230565,0.21617832013557894,0.10777843419771144,0.21022765265853502,0.27934649248771787,0.07586989782986886,0.16449549840273966,0.03624320746771245,-0.0032814409508198084,0.08045403426135717,-0.03626002797494629,0.0062392220352690125,0.1591432599321068,0.048635098455116155,0.17105140871218616,0.12994119380174873,0.28511540620191156,0.1524337285576046,0.21142180702793145,0.14018846631275464,0.13113935010780728,0.2164733042113315,0.1668797465865265,0.12100636129574283,0.12056546659297178,0.1538229311830416,0.0328626480540115,0.028620053386130176,0.24254059323729324
close,0.2864413663859998,0.0071117541589834216,0.033100556756029575,0.21425228195041449,0.15335199931423965,0.16764281053209223,0.18966012948530572,0.07592678382559244,0.13299699249901864,0.1252192150698092,0.014150839975453952,0.1315090943215704,0.22377106961496682,0.06658667611566385,0.11525692487409342,0.1206708916010856,0.07153354495647293,0.16769012376943576,0.03199343687450126,0.2332645518695934,0.16262055616322454,0.006323139932710539,0.26980096848862534,0.11681014612615954,0.02770524827649483,0.21045545249911912,0.1494671519448025,-0.07719597042340384,0.047433968275614635,0.12790973372215436,-0.11595666776426589,0.1085070085387394,0.115797937270526,-0.018349188237582248,0.12706448862599637,0.10074638391250336,-0.019129410588501455,0.19195605468628252,0.1837853794767805,0.07102629131476387,0.08014186766081763,0.17262639375953454,0.07993368568881935,-0.09309082005201547,0.14869365573999274,0.01867406792614916,0.06101569455824063,0.2457870567951476,0.0866021525991202,0.10017349358738732,0.15096672754635976,0.15053339438740324,0.008080223262221659,0.09397014844656257,0.10361525279258271,0.1272026896628827,0.12892219409166195,0.3587441228777458,-0.017585977058724472,0.19800916201979563,0.2183375805833059,0.1492783973923527,0.03496846051269252
close,0.2664668030267626,-0.11919828647401981,0.031673330278217365,0.21716821972228115,0.06298883965774821,0.2596464524800186,-0.05118047446784005,-0.011210189394800812,0.046836182987302515,0.14173992775365288,0.0777979849619977,0.0509600747437579,0.2420396431098524,0.2513444975389151,0.05856202342924445,-0.07097678073296626,-0.11574838291873799,0.12392901147803563,0.16559556222187977,0.10629977855785458,0.09290918929192415,0.019545738530591744,0.16549797939138383,0.267818537889891,-0.12168776773355558,0.09224988112122848,0.0029651650586399597,-0.049046599405385166,-0.012997587078441605,0.13796728556844046,0.1404962197591166,0.24602877611748,0.10087815471454613,-0.07582216298695785,0.07618304576240284,-0.038637907221578394,-0.0206795886422005,0.15805590584064955,0.11941809055944201,0.15875655954353307,0.0642507152728272,0.1790529563425356,0.05865971017098888,0.2116682832742247,0.13446389394715424,0.07930031295153825,0.12120930441760969,0.09821392990250824,0.2596106515312923,0.12454376225787891,0.09983873276054915,0.07615091429492007,0.1843184219245011,0.17079133390535048,0.07261583696873719,-0.015564151462280879,0.009803186162164634,0.08158374604578039,0.2348927506119083,0.07498233707530862,0.04058763900344356,-0.07607193132486464,0.25135414356022967
close,0.156902814598146,0.1796009970005858,0.1961688051929375,0.08352697712410367,0.10845906337475354,0.24886019419519945,0.1179580889319137,0.15875252900639947,0.18705507172005115,0.16429313324226436,0.08718308297335063,0.09661161571860805,0.17776404379759422,0.17760028599347263,0.21682325990194617,0.15510969833098387,0.15966056135920548,0.05537666332155532,0.04188504889280984,0.17806306743514946,0.0425814931983625,0.09792989968831381,0.23790232409712908,0.2220570292345089,0.13017888307971837,0.07038604201662899,0.08766210896564954,0.18676601410556148,0.09635007225538345,0.0441717606989736,0.2215774756407974,0.11816001391292813,0.04227441790082537,0.1478940188932631,0.1971218413192508,-0.0007673064787760558,0.07995460866470654,0.07533166324115878,0.14522871657834763,0.1632008322859858,0.04485260887205145,-0.04927511759060249,0.2031798754599401,-0.011994527057721277,0.12711842050438774,0.08680191012693178,0.11624439052040753,0.26512339717068584,0.4038281613621829,-0.06334374113986085,0.19839061553329237,0.0843752227322354,0.20478545137125526,0.19572630761791637,0.24097448071981634,0.12849649151626974,0.011042351504497616,0.19276494887096202,0.11179975761440644,0.07661567848658676,0.052377611929503805,0.20063355691051293,0.2603369492007377
close,-0.019535255869963436,0.16219522424789307,0.06276128145773549,-0.04672723981921137,0.11477058207630082,0.01668622198104394,-0.05777532278001976,0.02182595277754655,-0.002777391791385364,0.03533131469366088,-0.032588407695368915,0.06048598913737861,0.02867508719160275,0.13756138771456575,0.15935389863983157,0.1260148576778442,0.0764555542126491,0.07375724043076855,0.01629250125886346,0.01870053405900632,0.17036038680787363,-0.07597025986504644,0.09192750616870576,0.06764709384387989,0.15991321013748927,-0.042501198342235064,0.10124807054859396,0.1342984341359107,-0.0904731218623995,-0.007432797286173715,0.09082101531872087,0.15141469076343045,0.11824993111127,0.15604542529498075,-0.007937251264065456,-0.058875034972802665,0.10845058057567894,-0.022935323821411474,0.013467767395219682,0.19322783548263736,0.11890995567668514,0.04318550947445857,0.030196849535903653,0.1620921556889165,0.12119709356499833,-0.021455664232269106,-0.09478237331009473,0.28818018326401496,-0.02224792253175578,0.1527696503300123,0.25106929323381744,0.11475975688331556,0.039956332353279535,-0.04260490416957122,-0.044001053632003045,0.1376694848676386,0.24509763229499848,0.060454090329547086,0.04442795378506359,0.16974810908111865,0.03140527460952533,0.12744829076284211,0.10418014500855126
close,0.05905319414219445,0.09844618412634795,0.27631521146499793,0.16045329441009562,0.20925008042559787,0.00813056390799391,0.20959361476075747,0.16390204754689852,-0.049959609655936765,0.15397907333710997,0.04867258632053228,-0.05458036763256163,0.11297757323276196,0.153904259106261,0.11516080686445629,0.08908614151542447,0.06694146615416681,0.34665880093415563,-0.018256938852864585,0.18729219823572035,0.10154229708889838,0.01455334937329679,0.09516009493714211,-0.039293263758861746,0.04045095931931464,0.09530656741643943,-0.055111705859912985,0.15063825384880583,0.0036238959088467776,-0.04517209580135523,-0.008041773582837045,0.3175954161835487,-0.09780641418688399,0.14361230887697904,0.02483637289807135,0.06498718284824384,0.16039309286803327,0.15548187148389206,0.03193035808382093,-0.03578240066332941,0.16221409737006393,0.15523771930093444,0.07150304912118118,0.14419443838083784,0.05541705190244647,0.017296243496521174,0.10039621811210753,0.15190327410915178,0.13092502695524338,0.15091626800766725,0.02394211267108741,0.2581881124758253,0.06576191446613755,0.08810843485234086,-0.031865590921786785,0.08061448437027162,0.15322377368515172,0.17625106126926648,0.2561940737186782,0.1520234895825461,0.12769131957997032,0.055370488848568086,0.033825959176699325
close,0.1970248514668156,0.19510703517389089,-0.007701270084877268,0.17230958871534813,0.16503836913958425,-0.011380888501419426,0.1540456804789177,-0.004954645948180736,-0.14292929676734886,0.08398975863079504,0.1257814705254989,0.08849291951168868,0.3867106817187974,0.13788512292349744,0.11471418192987004,0.1429591303314091,0.05586809955999024,0.1929479062093539,0.13610019461771017,0.1315171703892491,0.03758797771330609,-0.05643303264490934,0.04986139109227094,0.12826338562598924,0.05553005202550538,0.1291727167067371,0.07676381231436952,0.14305794846265235,0.002317587412468583,0.11928900118850813,0.0359045853648603,-0.05382829421306362,0.08348458769716251,0.25363175738180466,-0.04585764078459825,0.11193922503941994,0.17975770632642246,0.33000306851444516,0.05070670175533122,0.03679993953956871,-0.016669219593926643,0.21405163348462194,0.013258567076092478,0.06294035682246499,-0.08489378773712553,0.18839718426785262,0.21582582807780262,0.18457750635843653,-0.0605325281353718,0.16071510407793066,-0.06726703847240009,0.10580403020642404,0.12050775799837973,0.1310183218108265,0.15346365326374684,0.0991966396440728,-0.09624295127285526,0.15351210087995323,0.1097608141127748,0.009738020862876673,-0.0569397421136609,0.2540022185924359,0.22313005382906828
close,0.17059574073074546,0.03237000887652969,-0.15169955522115178,0.17646791754352353,0.1366686773855075,0.06253376909278234,0.21248063066978762,0.18479975339628502,0.11760954882308496,0.10350584178711139,0.10509677175996814,0.1679939872834746,0.014252365345701179,0.14259831217850366,0.00794090555304093,0.23365551717522343,0.15321285715752347,0.031177173836107047,0.108059582402975,0.014621361997195922,0.2504112837700796,0.26228759844712096,0.1696223682562848,0.2556656567654577,0.11517959488725005,0.1763512567174797,0.22247245219097556,0.0994256404484083,0.10711038573173452,0.19336566014288975,0.16464979655959933,0.02445392797989472,-0.11868293712714692,0.08244719374029517,-0.10969141792251791,0.0008982663894451653,0.012571304279961573,0.04313576890598736,0.18204381441635414,0.20376795407302606,0.15087407198072075,0.16325069760618055,0.1656120456368646,-0.1496829991220924,0.10101976820071165,-0.07964587211700053,0.15091394756715407,-0.10931081473196969,0.08195614646493007,0.1547769776019587,-0.0117757948316312,0.19617159605132203,0.15066221699517468,0.13808246958379097,0.1698001587510532,0.06407999122333444,0.11519188637568088,0.10100515722341992,0.09874510553838553,0.03279689233529229,-0.02425321147227058,0.06631416507105248,0.06080520928057329
close,0.026326901248311024,0.18520537818100244,-0.017220661785561295,0.08284908411087587,0.21663397115612523,0.19091293525995523,0.22162938850972827,0.040921942262577296,0.1784288125727707,-0.006297039697813173,0.07241260441834597,0.0818244189219807,0.042415978780198975,0.06381860119154747,0.05066240725026474,0.001760618889830451,0.18564135060057915,0.08175499971257308,0.12014365439172858,0.11637768711928548,0.10547264251100215,0.10928045460564287,0.06945827799689787,0.2418396868514863,0.1760744761635359,0.10183820327710198,0.055294556403393674,0.08811791572709196,0.14176215163717457,0.2499940092536312,-0.03730475446650444,0.16597747586417777,0.21267236367786346,-0.04867184699052318,0.08188491232687253,-0.0064517973083038915,0.14305296116770344,0.06416490676444478,0.08698609331198745,0.058894419272152575,0.17201634327682686,0.12290329605981384,0.12309267640396557,0.11606218250814537,0.1572490880452137,0.07380281451436768,0.2700774787540927,-0.02347947512185196,-0.07259184481696487,-0.08086805686085732,-0.10795881192924359,0.16731698148202523,0.15513676992826408,0.2207776491775595,-0.005663821470552194,0.17454614547455005,0.10568240621493061,0.11665864991558593,0.16256228953496077,0.02437182489375564,0.3587249135404488,0.2331880304275354,0.046829404600463954
close,-0.009073805772334784,0.09120958381953083,0.11822584435820423,0.20656152597083108,-0.016872091156832594,0.1285486943199166,-0.052901502441478926,0.1436357593411119,0.08924957795419494,0.2936679762285763,-0.0546002544219677,0.2370608381490105,-0.07038313351662184,-0.03272102744065042,-0.06770945584721652,0.1250352608451054,-0.017369881075373364,-0.0348331505280538,0.12027676016233807,0.14517753858746907,0.1039849304150326,0.0837780850978447,0.2828909632437179,0.11458362662419704,0.18056914739222493,0.11429221256899588,-0.009787628825468422,0.1549887681902017,0.03442026885302078,0.09090138619607638,0.1305402681893426,-0.09414180668866431,-0.06095021238917289,0.19094591724975635,0.033625355340105606,0.03836780108911391,0.11664383973708203,0.061432740287813065,0.14175883816427898,0.0948878211266956,0.11986029501804485,0.029814160975774745,0.11935948232809278,0.2105089086835444,0.04322517838858014,0.19153183002721513,0.09484396816773509,0.1734481655977938,0.11287713183531109,0.09665890799020738,0.1349729682076366,0.2213597562302249,0.12360972942150757,0.14785308309083978,0.06315150864232985,0.25708864739950255,0.16403371109296716,0.10777084600250061,0.08773463277453256,0.19779082692731106,0.03937959229547405,-0.0782875016271333,0.10723995994244553
close,0.21900045731143436,0.2591308811184674,0.08927060565661202,0.10435876639417833,0.15195304325159553,0.07356505811362352,0.1516405948391149,0.09145982489317322,0.20113682571901798,0.17229805130978237,0.1810227832302433,0.07946823551979121,0.2925927320502261,0.14839119423794722,0.12472940534868315,0.02390570194330284,0.09029281798514462,0.11143797607026361,0.02123227035757,0.07076828542309122,0.08341999818969903,0.10559206609232183,-0.07627069900416042,0.08647294592957357,0.062265381692006835,0.09791158503751005,0.20352765661802563,0.3052395492121206,0.1678377199644627,-0.023442217206633614,0.06545930481674658,0.15959633088310915,0.14832904964290233,0.19873257354530746,0.09026490057094042,0.06364997556344944,0.27524240039160386,0.10586706033696376,-0.0016674376021114795,0.2475133657032921,-0.049609549139444487,-0.24950452224886058,0.17693867580375738,0.19107009710246314,0.14140129419446912,-0.030245608399204982,0.09411301447576792,0.07218314264461288,0.04627109891076106,0.24120694308092794,-0.004666605863168888,0.13161044531063998,0.2194046983662575,0.1381441525319038,0.2241118372495374,0.15637147224289294,0.1429349670492029,0.13668348688321472,0.16134432666501503,0.061446090258773955,-0.030187385187278648,0.19540434114633093,0.21617423005057662
close,0.12519788109060437,0.04516243803656298,-0.055771711652963796,0.10858070999233882,-0.03489503447179715,-0.04889875026379256,0.09792684719843074,0.023623049881198552,0.13453095561647704,0.08407043974381258,0.039336543377739,-0.07049150807289659,0.014711187416964241,0.018386350994890943,-0.0225307673514962,0.0670955704757615,-0.01472519911746517,0.08362572527087848,0.12404112136686561,0.017383004561082216,0.14254086294185847,-0.03613578712477036,-0.011217739839629065,0.0886782702375231,0.16870410918886386,0.18673995414892666,0.26123906221575594,0.062341112518248976,0.08724986813216956,-0.003267552901798698,-0.0253766331991023,0.12285720863275248,0.022412850055375716,0.22323792000172904,-0.046238573186739074,0.14863532058246964,-0.000573923881702923,0.017955153322791642,0.1539112065252031,0.03241195638920917,0.04842159324801,0.01878416364484313,0.27850297916134414,0.03825136889199904,0.10515522174327632,0.07980863997189258,0.12214170617242612,0.038526305303406484,0.07991827654583498,0.13939520089939353,0.013699286199700816,0.20893213566281543,0.21854805190416327,0.16064926261587395,0.10698763835964835,-0.19906014482045362,0.14242911326544627,0.06086695947711356,0.07537255885824604,-0.08973773305228167,0.14935884858741927,-0.04485810468269544,0.11184245459913944
close,0.1904657481909841,0.05306718186824479,0.22160517252284406,0.025300962179281974,0.16004330767310018,-0.030478575145852754,0.20311304346805237,0.187599038257929,0.14683579229637297,0.06067158633861888,-0.040200062342811205,0.06093596847805425,0.2110307175748123,0.11299618715691155,-0.05530369295124499,-0.01247276394199412,0.225315140085228,0.14879127521278857,-0.023400012073992782,-0.07658314961745935,0.037495786539993345,-0.08513587079899196,0.08441655099929994,0.34516253718363044,-0.05969560756991718,0.08139743367937849,0.23119265753312512,0.17490878583000952,0.08512592852008617,0.08536513298318028,-0.01559097824245792,0.07323442299944466,0.124344071424013,0.21051135432740903,0.03798243764852441,0.08101648719365376,0.0050786519243317535,0.12253251795405053,0.17837794503089635,0.1629648013429895,-0.01701870754423554,0.11468632094564149,0.03226874717498117,0.20110500156528333,0.0838687277226462,-0.05195133382410844,0.07801972943922668,0.14584725691988815,0.12440060631427996,0.04882039863480197,0.04147266101288538,0.0012495601783683585,0.06052503796646938,0.014432103347419734,0.19700859861773148,0.009886260926838378,0.11222844623622011,0.10543039033263328,0.19456674478849115,0.2089368288958371,0.16959699432813286,0.135292834329013,-0.004864614609405793
close,-0.0068870087738257535,0.015430918023505102,0.17519209996279153,0.10733299282506359,0.18686572407355626,0.2002802734320083,0.027404809970075203,0.10320743275571873,0.09870063213164099,0.06722123103757849,0.046515714547528855,0.2184755503411057,0.1051971726715501,0.1013144788559768,0.019722232513140425,0.16752124304135046,-0.0005107500838014978,0.14549055288446822,0.14822293600551623,0.05874849506764313,0.131765208118318,0.11856695590444871,0.09606393751898504,0.10129439801452325,0.10617818231935214,0.11299116726720482,0.10602420313437066,-0.010386419021214177,0.08477890489943953,0.12649486011968722,0.10972887285392915,0.19537502593951386,0.16200865894994546,0.012959046494686405,0.08333728919456052,0.06886633465528122,0.0995651513372816,0.09970186001613003,0.16115216692398487,0.11773283631411438,0.22305450052085507,0.12410031376623602,0.016940947966272338,0.05327193798317804,0.16037890707317587,-0.061416826450568535,-0.03458804147600453,0.10106972071252304,0.1950922118521166,0.23070354319548778,0.07828942529782286,0.2060828686985884,0.1072267909768898,-0.05314149822432307,0.09919234635216305,0.038109187537844896,0.1918230880477741,0.09743247396455133,-0.02779131065564705,-0.04997148109085592,0.0979020042585549,-0.14202174714597057,0.048183471017209926
close,0.12310303257428418,-0.005701650405535802,0.19939871569053297,0.21910065497506923,-0.0016700952751951686,0.07019558258035134,0.19946931513214716,0.0998692465744911,-0.03944785780990198,0.0856678931435647,0.014707167770416071,0.21081978964258855,0.1605932094324589,0.0686243054734372,0.11421480125300407,-0.030812157697248627,0.02462225414423884,0.2553279187692493,0.10535146525796674,0.19300858047913652,0.12320130884080284,0.23142818430295245,-0.09988375325992199,0.08117824159809936,0.2644781646216389,0.19561734355606442,0.23253722587901915,0.09932354063435092,0.04628935845866166,-0.0027164459687928355,-0.009692809166151034,0.18070605622085192,0.1513211050420852,0.093342655066964,0.15081906548516807,0.1142451759052061,0.19622177013994835,0.19526867549081703,-0.006587410048484246,0.12736459874697903,-0.06688667501940823,0.11330207380905963,0.16043042797015855,-0.03137193447931608,0.05835372645391679,0.10095263772198022,0.12339149163733897,0.07213962967751651,-0.017228815240467196,0.09459927980807417,-0.06522435669409782,0.0767358563317855,0.055862638630307035,0.08657343265605794,0.04406780225243171,-0.050768083815620035,0.06336566794104878,0.19308201250373191,0.22614608039888048,0.34393342787192666,0.26916504083976645,-0.019693792666810414,0.05915623987273405
close,0.09772143651622231,0.09144401657663004,0.10695333298962259,0.3407591421547559,-0.008205154579239732,0.02864688637857013,0.2643825930089093,0.03840186569151478,0.1393580650335716,0.20346573698682088,0.14864990167320297,0.11917656331024923,0.19386107696939842,0.010693144349502956,0.05036368705039987,0.15356375884651638,-0.1069439259214251,0.24165838233446926,0.1303392375197781,0.11530317527811502,-0.06305128776410573,-0.0286609125399738,0.06014163356991383,0.1807429850295599,-0.10766160121985854,0.17883648007773564,0.06399686758916334,0.07765765272583482,0.12535929416908065,0.12693172378464118,0.02875714100634029,0.16249100884688428,-0.13193981398964386,0.054958111343234535,0.1153681763176904,0.06550506847855253,-0.08269103039659817,0.1758027378760471,-0.02483878121270522,0.09324859924717105,0.11530345970676228,0.10198271537653672,0.21690109258638154,0.09467374400063133,0.14274554046969404,0.09440959668487589,0.1612956084166275,0.23934952970475232,0.11375418294721938,0.17818503575829997,0.24553289348821974,0.23571842469742715,0.061471059638878944,0.20364323557451675,0.12487711600471929,0.21172299977339137,0.156863458356295,0.12756680760361883,0.14339720803463546,0.12552379560389315,0.12943330451365104,0.08411676394180911,0.07482756593924828
close,0.27631749293726693,0.14775279111111841,0.04266950777686003,0.07225825685703564,0.2056258453447951,0.026381328991138056,-0.048202768181101086,-0.04084491406020446,-0.07289756002047879,-0.029881485826445814,-0.018086593980081028,0.2385237379608139,0.09538207873407317,0.06367364608632828,-0.04434130630185737,0.085687360252866,-0.07373280625641926,0.06305828287136353,0.3064494389843675,0.16638035787063649,0.07902018396454694,0.16981236054063564,0.04784568218724318,0.019932225712081225,0.2704129629532842,-0.01422746539202735,0.06458787643226495,0.130603328236351,0.00637657942425518,0.165060495363141,0.06934054753577476,0.16639103275668565,0.15859841797505184,0.07569878693741701,0.27106586725909854,0.03346641965665585,0.23488704705487373,0.2174933242628041,0.277088220766044,0.11740560393430208,0.021141428807201018,0.3076796585329547,0.06652985320236358,0.01864574272944644,0.08102132540951873,0.0018309283842922464,0.1526148825123346,0.03943316182414876,0.07125158300951279,0.19677788616649625,0.16236932101761917,0.10155845725696587,0.11708735287469821,0.10122554306315416,0.05688449335826356,0.09974733391522128,0.14908416254929438,0.08738378710211604,0.1419767630230274,0.01633312215769528,0.03961063488542952,0.026567949672602467,0.043486862820759364
close,0.22871810467060913,0.17260387931103605,-0.007692311868434554,0.1437498296408455,0.060941768735143,0.03176154145284345,-0.0485739465722507,0.19719186938202443,-0.03638631496671385,0.09480368219901256,0.005368875427513117,0.17758439470699247,0.06656481736860495,0.08655373444796553,0.08992657370699672,0.13025703349357837,0.10130047639833095,0.09567268110388837,0.04815980247452221,-0.0574729373342093,-0.011855095954185546,0.17184797386806455,0.06941805366737024,0.03359902222775203,-0.040572814441804494,-0.07196471400903523,0.029679311987180157,0.18880528540452574,0.04429298063776815,0.14004855252414478,0.03969401706020423,0.1638866696028849,0.0648249198191331,-0.02318842455504963,0.07310469321005564,0.28340004182804074,0.27898843155508546,0.14865333027793648,0.08629411845862975,0.13039018020950835,0.13168523387332898,0.09601132476328986,0.1440944019922617,0.12082268621535636,0.06840276146356865,-0.019525679938364293,0.05399407577798343,0.1799518849073597,0.09685377755046355,0.13002868915875052,0.07169844722955876,-0.005959750501062483,0.07613702851281771,-0.002245590074935147,-0.008628917360355134,0.22056366088694096,0.05799139950657836,0.025851527453996645,0.26179596843809055,0.18149850354042418,0.06284907744981619,0.14276363255523683,0.07642116817392973
close,0.030732032072040033,0.14746912244850047,0.06756981146797972,0.10754980089994033,0.20213632348996716,0.19112131037953767,0.044990670814392356,0.14860316022870862,-0.012785624614575594,0.1450414161315705,0.11484953058011058,0.13789793623634308,0.07025552453557674,0.308407127365249,0.009870029237968578,0.19715517109684616,-0.003169831976833154,0.15043441746293212,0.15757899772517828,0.10549758715622853,0.050467558945629584,0.11411348907452988,0.12670103334301747,0.27899364863062825,0.012765971469970397,0.044408650368599825,0.12847355570693364,0.07439462096047483,0.08999589622693999,0.20703518353637607,-0.1820266503429235,0.040205065498218874,-0.07423692262512493,-0.019581643690407047,0.340462449207247,0.15981681339527562,0.1951564925058104,0.09194703502135687,0.175871382483191,-0.07665645075202493,0.2038298411769601,0.01801558814401001,0.04686841806740869,0.15051510704546522,0.1316446758582215,0.10846200483935488,-0.03630961535803187,0.10998136688216419,0.19605613534832284,0.0467512903900206,0.2314937045340296,0.012730806408599055,0.10065478917183739,0.25353277333766133,0.03186000873003905,0.2053985483377074,0.2974652362221809,0.11710440689241502,0.04729830126166931,0.022726119704997633,0.23046027033473254,0.22766941993396492,0.24493091228686756
close,0.0967161649344053,0.2037806941527105,0.09511606088739298,0.011694487839164089,0.2124176785112353,0.2633870278278205,-0.0020601972781319755,-0.003943096290066991,0.10399819342301247,0.19561286057410002,-0.013381919375395346,0.1227015736955906,0.04095730459402483,0.1700829099825002,0.020211317850410956,0.17718030002741794,0.08417851891822918,0.00628594763189573,0.10636899554268886,-0.09379733144883526,0.04409054278950602,0.13374010703246617,-0.07717547790318954,-0.15711368531054112,-0.13393673198131673,0.232712855550037,0.09232409872372707,0.04675346059928129,0.19451547356668297,0.0595550317530889,0.1268461899866732,0.10257553509232628,0.052900057924702204,0.1294145883889106,0.17732612214201446,0.08150933829830122,0.05394444268453852,0.06574875920005468,-0.1297912532785732,0.1283059546508912,-0.02091112889885513,0.16297187241189243,0.09095758993247062,0.11051210965304407,0.17003291706062024,0.007347623365906525,0.1369248443350957,0.1267621052562665,0.08152191673572068,0.007181379923646217,0.15952383640551643,0.1703454544419316,0.11136020259778841,-0.0070302415714644795,0.047255096707454584,0.09396672775799335,0.16884945499820936,-0.05834894011131167,0.043619653569562336,0.05973274400577977,0.09167784205969708,-0.030132528402484676,0.07824672216266668
peace,0.7689516435687411,0.6962408128510343,0.7882032415831316,0.7458830903214498,0.8495586142509708,0.7114672438995662,0.8089834122128455,0.7191611162770732,0.7400245761841188,0.8297291627705407,0.8234717732842156,0.758297781742164,0.7730589381667332,0.6546393554890476,0.94027643105807,0.8687456397878028,0.8651448050871107,0.6404967783043785,0.7404510007510714,0.7665453971076378,0.6068938507965989,0.8889950096076087,0.9453884488548137,1.0061934956003615,0.6954116172482264,0.8117323496834274,0.9322818269150421,0.7746381521053046,0.7433012086157322,0.6133982326455509,0.913262245777175,0.7980739243926636,0.7270658141036939,0.8283857289828861,0.8153005373178666,0.8168259102354591,0.7782901937673325,0.9622358158763367,0.7866340266737578,0.9619322076323306,0.8564116926400198,0.8351170142761731,0.7886725246721845,0.8973956693545921,0.8112991767577996,0.7067868784886469,0.7034507809001965,0.8422484621934272,0.7092621114833505,0.7937768943027501,0.9057184538551092,0.8303970177894334,0.7277865129671253,0.940998751161614,0.8547875236994702,0.901779298720409,0.5732441656790698,0.8330852878262747,0.8842157836379894,0.9700288642297993,0.6536181415848958,0.9206114589194534,0.9644380285701245
peace,0.5982711022721021,0.8478591109869743,0.8617620814340703,0.7672992337348095,0.7509905539933711,0.8667853913287823,0.7385018246589369,0.7782750671581903,0.8812434900823922,0.9754043050326865,0.8537984272542019,0.8133484495414512,0.748360251533923,0.6989399959348944,0.910957824150095,0.7846550148873116,0.9150703274666729,0.7670448122004538,0.7350711338638989,0.8420798888827516,0.79234640607316,0.6794471395389263,0.9817368329781848,0.7373016226228363,0.8927591521174214,0.8841856629396482,0.6740537235085644,0.6997612355383516,0.7698490660299873,0.7134353455421684,0.9726456371878689,0.7799824363201489,0.8889749042814069,0.8513637389000205,0.8264022448996354,0.8040321210739588,0.9237130707788698,0.7174907026664984,0.9726335310456586,0.6712776819495905,0.8781511725622424,0.6594836140060217,0.768429444777304,0.8093309938060967,0.7513304651170487,0.7818330430383109,0.6613029552069207,0.7012549531276449,0.8498264707195883,0.8029671824977446,0.7309471974178493,0.9324277763129671,0.6780069100009785,0.7638409534135938,0.7494343721821529,0.8615037627761045,0.8048163691137195,0.7891834753465403,0.6155783296132762,0.8865034480632094,0.7782174185168264,0.811566101761042,0.7251436779906123
peace,0.7094171237182928,0.9499287758475687,0.6226761421737588,0.6945800972217229,0.9480492152669081,0.8640746380998654,0.7674537468257581,0.9246596314288653,0.8446860116396009,0.823266009197442,0.8225562017102418,0.8465238217214495,0.8505692501297454,1.0195973052895957,0.7805107188327328,0.7835952811851796,0.6763106812429287,0.7948102613178982,0.9862886899544819,0.8984485002434657,0.7456332256124673,0.8030041364521285,0.6703561624415005,0.7030880655701695,0.8149441152613718,0.7505545397179547,0.6955400210621582,0.8489840764737893,0.7917749913346677,0.643244962830896,0.5924853033832213,0.7429988501425746,0.6411734856558473,0.6131088593529347,0.9128969201402086,0.7902289110134708,0.7734553621774497,0.7811594183849251,0.686216784920703,0.8410976165014169,0.786929967326746,0.7242591344020588,0.7392371315475,0.6772541286787706,0.7593757127098165,0.7760372119217487,0.7567716670870036,0.8055154557341587,0.7921488295238245,0.8230768538664608,0.8943097036921595,0.8593023477213081,0.8954589840510336,0.7152265770173771,0.7491385105911343,0.8653596683945968,0.8671477671432086,0.7321379382463119,0.8611583925781743,0.7056467883354058,0.8481055724141794,0.797370379913436,0.6615564396093664
peace,0.7565926178240594,1.0182267809695493,0.8202780362804996,1.030044997671826,0.6556073470124963,0.8750741792663843,0.5465663808192884,0.7999764515085217,0.8631217377651321,0.8837890094996277,0.7200730275419587,0.9039090421976737,0.7466285239955306,0.7835902748887603,0.7566677780643367,0.6863610649267669,0.956971958742086,0.8048017817158077,0.9087318378658629,0.9044711241764601,0.7032059785727017,0.9216127247671602,0.8503414243549323,0.6959098135527111,0.8448850831341506,0.6977032115131933,0.9606458367978641,0.8813786744922096,0.7928851437808965,0.9264803618217184,0.6418012355296463,0.7250658699879959,0.7747580278259629,1.0235684681425519,0.6929517099126594,0.6292694058259327,0.655561448550173,0.8906215869205601,0.7405807729461144,0.7840913335631388,0.8762832641674485,0.7841915372042089,0.8204146604508056,0.8535215147609696,0.7569323608039785,0.7833682940070317,0.8241955402321012,0.886817927305322,0.7207630735819351,0.49794240781702204,0.8679583149385647,0.8927715918750085,0.8200034162130172,0.8268293218956536,0.743569010585983,0.8500183421534925,0.8853166819684188,0.8056496341418485,1.0491248330007266,0.6436258912328621,0.8162961670856348,0.6825647037682686,0.887984592395689
peace,0.6418524571957819,0.6666078457282302,0.7366813059450796,0.82658321698554,0.7404528611338383,0.7414558737400907,0.7819109545073916,0.7757759840938494,0.9487449388318525,0.8685911119668969,0.7675423260215356,1.0097011911213616,0.849166117485601,0.7031037944686451,0.8256513739991844,0.8535512544865315,0.7312375280938652,0.6947491089193961,0.8086459090042443,0.7639778228693965,0.9479127888455443,0.8741155824084915,0.735922472591342,0.8425938110948589,0.926712814272474,0.660619555410035,0.6977221759012249,0.7988831382720469,0.8035601967905035,0.7947802494537141,0.7689222821212323,0.7673939677547981,0.838425813682163,0.9133942553639174,0.7519047270311574,1.0438399345170655,0.9960691435740318,0.9329255629580082,0.8622483334561563,1.0007988106470156,0.7709884635000592,0.7167395588009766,0.7474027940596016,0.6997057196909919,0.812180132231337,0.8299830464127744,0.8200839838681108,0.7987568647818201,0.8133154528171616,0.9736323808849889,0.8620051867639085,0.8922508796604822,0.8190789936686789,0.6384411301531923,0.6186117529530489,1.0082809990208514,0.7468177724768779,0.7383248655848068,0.824566324137725,0.8550402978329928,0.8676862137334413,0.9774418532880005,0.9500736382657942
peace,0.7189066775361179,0.8968734573421789,0.7615909081789202,0.7862491255569224,0.6906010794048638,0.630692714616859,0.7968438287367712,0.7044018083888755,0.8927813678572036,0.771892175647988,0.8308590218949874,0.9367525753915432,0.6514704818217892,0.7275382611450313,0.818088362456585,0.8312524815823261,0.9103497501272326,0.8867153129040599,0.809693362573074,0.8303404670597255,0.833107589099049,0.6530287635326245,0.7843624522645039,0.8248473217997092,0.8458550858785107,0.7075636559935841,0.6731202087471109,0.776546740748192,0.9967366111091495,0.7180752487271331,0.917392824735481,0.958473964304512,0.8045466526233194,0.7320152065346549,0.8512819563658226,0.8194990292099497,0.7140896019809692,0.7341197173628224,0.8453579852145332,0.8933440408168548,0.7677209798684613,0.7930866435111947,0.866863857051108,0.7827513115826065,0.7700673026704116,0.7244659180272774,0.7227315376625969,1.0668882758223257,0.7803798339920919,0.9365058321512225,0.9683993337519071,0.7816417710506841,0.836842980843477,0.8102478482033033,0.6387817649341323,0.6448026987751838,0.8048848466904274,0.7575086461391404,0.9891580338393591,0.7763427061305382,0.9950928997068125,0.7523608603864456,0.9912200420608934
peace,0.8506424496947347,0.8563291895771198,0.7488236043266351,0.8576917180403689,0.9692713433081251,0.7855172505939862,0.7660603184633382,0.7753237461139912,0.9620111605006437,0.8855351207001086,0.944767999047112,0.831362271048427,0.8039319356777832,0.8423944039070632,0.907015853441254,0.7752881757412136,0.9368676993356787,0.8365830557065878,0.5593721861969823,0.8883493427105195,0.6727694986738018,0.8859172760673988,0.8901517998238166,0.8329892597381209,0.8543680898876694,0.9098870787843987,0.7504372326189273,0.8793429659702479,0.9163023302957036,0.9760082597538479,0.6894219713940297,0.8408516064987769,0.7038510800938536,0.6996077982298503,0.835902777240598,0.807745581479614,0.9145001478521986,0.7653823550405792,0.7865948563802989,0.8211504262338185,0.7138171148563545,0.7276930154984069,0.9116098665772554,0.7451044958718892,0.9182476566449687,0.8607312580668295,0.6452468974511065,0.8530378691837789,0.8522479823094128,0.8422928608511286,0.7858123273616989,0.7059932544608148,0.934621276611262,0.7898420411277165,0.7116593839664632,0.8457468686088009,0.7257220029266743,0.7050913971714879,0.7624527387797562,0.7334602235681926,0.7087757748015426,0.880641176226176,0.7886172185537601
peace,0.9252279945515893,0.7145490522270065,0.6272438962363664,0.8148770349249417,0.9855978921806416,0.8530986829362003,1.1215374196212833,0.8332059120949089,0.8235552211288091,0.5844637328942083,0.8427947440588529,0.8168667760019291,0.7592578801795463,0.786322113294093,0.7931899425657821,0.7820070847067937,1.0089714963125962,0.7629137972194991,0.8169313723853858,0.7596098916613794,0.8783431186643881,0.8176763699972207,0.772008942682952,0.6074032054092817,0.824330822528875,0.7690423726420249,0.7939259343112899,0.6817542052754667,0.9433282172720197,0.8856743175843873,0.9430705997640633,0.9146979300780955,0.8592317302127462,0.6857717491273557,0.984338716407186,0.707236484911249,0.7731592375925038,0.8706902280626921,0.8756540787187406,0.8572236726944559,0.7599711518670911,0.7393068372644526,1.0534532568606136,0.7960686061500167,0.7838228615361165,0.7286443509061247,0.8244670349070958,0.8198022800578071,0.7983773791295705,0.8381726646787887,0.9763537502442354,0.7404947293709102,0.8043083742202121,0.7352151547449445,0.8294698360825629,0.7431530498625581,0.7474557008565811,0.6540476625944375,0.8097794782819675,0.8429769621904978,0.9860476353192296,0.8469502481189846,0.7550315876702681
peace,0.6640320912313911,0.6778712994334521,0.6704371660528028,0.9878042035449381,0.828781049692637,0.7417033780738108,0.7040140394846737,0.7143892159606079,0.7390700605493622,0.9316255216255153,0.7970056552942251,0.6552533582726051,1.0310459274730372,0.6859838860634103,0.7409164690076133,0.9310144387633883,0.8415149632609067,0.7530077000375791,0.6768633073906165,0.7033309891074974,0.7093503880923535,0.800703179784955,0.8191061817281304,0.7851345371368658,0.7960786186075671,0.694927680480568,0.829313610622389,0.9280518636836996,0.7837208318250432,0.7817713293570527,0.8083001052052848,0.9118204859759392,0.710527700056136,0.9450847335732135,0.8421222239435238,0.8028680695698868,0.921323883666432,0.6817937926123545,0.8522045536244709,0.8430309564506618,0.7064544935606207,0.8460638122953822,0.8283305179380487,0.7821261880310066,0.8862817555230333,0.7428245747642336,0.827032124584337,0.7868326217544681,0.7385303176992333,0.8502884685118772,0.7792264252650849,0.6526993541290453,0.6198933895282016,0.8789057468083202,0.677939989277317,0.8279384493400607,0.8054951893628151,0.7631468223029101,0.9956668457215341,0.8179674018460447,0.8755633482682066,0.828481621533981,0.7768460576882519
peace,0.7980911249764059,0.9458542765660485,0.908810529260043,0.9951986431688601,0.8221642092972884,0.7123062934299252,0.7559483055640188,0.6812221808201409,0.8767044128875278,0.7414083683922752,0.494468205368049,1.0463775698329931,0.7429398861511685,0.7423409074514191,0.9671611692660367,0.6791748549202485,0.9136605886533167,0.7412557556575979,0.6676204555403141,0.9705717761378136,0.8923096947062528,0.8920000984515043,0.8367655546788775,0.859910163307768,0.6767841975251957,0.8111610857244661,0.7071236999549155,0.6611059480936946,0.8410953330708032,0.9158149555659545,0.7616631175771936,0.7787987107665458,0.686184935491696,0.8007217146087898,0.8760076112388415,0.8791527736727773,0.8545176175630933,0.7381568832805465,0.7349870956572849,0.8795404473240933,0.8811998932216731,0.7828005014568108,0.7573828092434315,0.9167247093445701,0.7640051335186754,0.8745932224523782,0.7863156825141902,0.6952467218963,0.9612312140023703,0.8120063895731476,0.7289256020111917,0.6609194332224796,0.6709999201763167,0.7627088595905399,0.9925128883533593,0.7415338121325757,0.9447454832346205,0.7869236331396916,0.6818849608898319,0.7526788811549604,0.6719012076262557,0.7144031548036146,0.7114251938124083
peace,0.6096196132518734,0.9512796068814726,0.8211017030222282,0.7313721594381899,0.8221757746433389,0.7164519606357939,0.5328938034630244,1.095669163322655,0.8189599876677061,0.7410986960685235,0.6066085188322567,0.6505850204857441,0.9654491929554906,0.9501938548798468,0.8753215035998948,0.6884922961590186,0.9509973987977011,0.8449782617944352,0.8654924448351535,0.8446170944443246,0.6493012815373896,0.6801839049253113,0.7489781833591639,0.8643639707533114,0.6619567917756854,0.782465358505581,0.782339048983695,0.8792739689327578,0.8674671535607663,0.6989774070947867,0.9446686169487302,0.6836760171249711,0.909223944190075,0.7449855101651602,0.8163925953433373,0.8225987460104306,0.8197707440708796,0.8674499198434571,0.8391459497933533,0.8783649129870539,0.8464619960345137,0.6735544741074156,0.8269799074557989,0.7436130097494668,0.6890737522092717,0.7710160107322701,0.8183235599035091,0.8249675027987785,0.9056024745140269,0.9307309118971578,0.8336280830757357,0.8517106377009409,0.8095309033175656,0.8767225463649585,0.8486988138837065,0.7945511906142196,1.01519825670043,0.7453816636558181,0.9454456956708338,0.6645707073673063,0.8813616536451455,0.9436568351726838,0.6092780928992081
peace,0.8138950573055095,0.8715414041244044,0.8251963604128066,0.8378155935606963,0.8136223162376663,0.6905752173638409,1.0368045592155442,0.7496462136684201,0.8434161238778906,0.7353160322914574,0.5724136809979302,0.7075487126251032,0.6552393307724862,0.909156753922449,0.7393131983955545,0.7485908660820038,0.6935669287396264,0.8094035398715103,0.728354148363872,0.8992354731246789,0.8302039323089161,0.7428174214275552,0.885023305183702,0.8007940523023238,0.8021496905689951,0.6537365096268075,0.7928913867214686,0.8321544639317999,0.9333566822198346,0.7248106370096677,1.0278108623385511,0.8556868316828986,0.6480588123966193,0.7154801885914444,0.9420999164216819,0.9243229142962395,0.8018093481560503,0.8149917703057853,0.6835389726274029,0.9321442740235343,0.7012232913225533,0.8844741111123418,0.9352042368665139,0.8048155554219509,0.8967611366122199,0.9847639708025695,0.8267968799210739,0.7824698183568054,0.7933147142448483,0.7257012097327912,0.7234416207263127,0.8442406763825704,0.7836050177850716,0.8327569176851266,0.651006385014743,0.7907381174812861,0.9030117850090464,0.6881075723023982,0.8016526414134552,0.614539068910159,0.6694537977726827,0.880766088767805,0.7690715706687051
peace,0.9822072865538543,0.8432443110424314,0.8530595664889324,0.6923517950105101,0.7614894623155547,0.7267363817952388,0.6934558260449415,0.8663893126096136,0.886451586576868,0.839893719416745,0.7171932806774013,0.8330730035097463,0.6087321598534344,0.932300926870804,0.6701849824362563,0.6879541017561537,0.8115292269570193,0.8204159560242046,0.7927251401548215,0.6889872059017703,0.9133347993603292,0.631405079893075,0.6516731009551555,0.7893017228045519,0.6735766018155612,0.9222625276275926,0.6821785364587085,0.9557027152210313,0.9035122165771574,0.9235055735507585,0.9887105982953246,0.8081227924095766,0.6987025404180043,0.7896992124231359,0.7433334394591038,0.7290808727486278,0.8150853436806833,0.7688295785792254,0.7247790315683004,0.7754597607412742,0.8548978464203706,0.8956417206592696,0.639707608680901,0.7696798913671459,0.7858656794525296,0.6817479977772368,0.7880294266959301,0.8147995609540029,0.8518834545280991,0.8077158025631671,0.7119050590002445,1.0012030027571848,0.8829126771621598,0.8552719744649867,0.9004831257010937,0.8244609171810477,0.9286300885521955,0.8056871950285764,0.8001747460274184,0.8635228478791205,0.9576357546290923,0.9512048615289308,0.8592847598259996
peace,0.85166118585768,0.8696042411096486,0.8985620913336598,0.9298731939413243,0.776341591599615,0.9318061289837392,0.8342995114071307,0.865093162249995,0.9381949321533996,0.8747062250090679,0.8915995563152841,0.7610581466717579,0.9498311543749681,0.8695686711076125,0.8126065717840498,0.9101074386893103,1.05878304977605,0.6831075498178065,0.7196267377076718,1.0685305308835886,0.8426694842304374,0.8190869678631568,0.7884614258337835,0.920843600097144,1.0611247308810288,0.7334811459266655,0.7903123272810667,0.7649272871432135,0.8732864976819279,0.9222393437650576,0.9620932785333117,0.876671828262028,1.0519332791243619,0.7425247016792588,0.7165459447567296,0.946934429331621,0.8122832319596337,0.6624059676584719,0.7683937028362551,0.8255658654097274,0.7353751762092645,0.6985339312905412,0.7792370863474124,0.6935466579638289,0.8635131038980233,0.6056195153107153,0.8090424927965423,0.8519509888108303,0.7909458760251624,0.9093222897070874,0.6629438765795865,0.7298910498623886,0.7669965353749111,0.8712724569409307,0.8218507586046121,1.0143365982742418,0.7194214103026108,0.6605011101419349,0.9789088982933062,0.6569141416067618,0.8683062711399046,0.7021329957978031,0.5930681649152314
peace,0.7625216206186769,0.8899499962477161,0.6778228911526927,0.8576094728144832,0.8762863561186452,0.6728309858480697,0.777223871128763,0.9577074822327164,0.8650592619963744,0.773850753542398,0.841529548125392,0.7314736691529553,0.9113695678385025,0.911326006460214,0.8120905915086055,0.8230706156457694,0.7001203124994327,0.6647963572932171,0.762339525605847,0.7912598290308822,0.906262749738799,0.8922427750618311,0.8184832888359094,0.9190538984372787,0.7056513821185597,0.907733688727837,0.7209571285650533,0.9239694530064243,0.7986653535230019,0.6001713323462263,0.8730157164031442,0.8809545759500781,0.7543419945511418,0.7628740421605984,0.7840454720115396,0.6074848187373729,0.5635271826904857,0.930162563813039,0.7175932332589423,0.9855264109576365,0.9370401801138915,0.956719531426974,0.7349701047532846,0.6391598813069419,0.6913117693405646,0.7553545272847089,0.562677026714936,0.7524574310875833,0.779832197248889,0.6705579028413305,0.6959514901754168,0.7779401478819199,0.8356286548310302,0.7109177331999756,0.8292252609576269,0.8136846007987856,0.8046885859018391,0.7347985876143424,0.6666620403964618,0.969645197990074,0.8630305916457426,0.9005731653060739,0.7916370315161079
peace,0.7835974557739862,0.8490659680725388,0.6165311649547754,0.6885356530646856,0.7202225121971627,0.7545433577458238,0.7120304320529847,0.8332807125250746,0.8081447234462836,0.9392864689751378,1.0473759157112563,0.6737149759851567,0.8147305213968445,0.8145525878206975,0.7985801930235338,0.6915175429034499,0.708280255435745,0.824040561191612,0.7054649926692764,0.8159271972167008,0.7754050215454396,0.8141657903121282,0.7046699529565567,0.8157469242334537,0.711904741652341,0.8160695608656918,0.9339396122439158,0.8260983850016071,0.8321870382383058,0.8817206517497549,0.6596441655526737,0.9718921573723013,0.694441000738763,0.8879660997368938,0.8746909987256324,0.709783363849524,0.9008886136766763,0.849781276641331,0.9889978644402257,0.8193378751341294,0.7891456668477403,0.7485237472081796,0.6256644728648827,0.768177243524884,0.7724101605741124,0.8262058182557435,0.6576896889117535,0.7760987788813122,0.8576251392022116,0.8675509675492518,0.6140184823862673,0.8706406608653224,0.7753426086878509,0.7814989122501447,0.5635484630144163,0.949357116255788,0.8176798885011296,0.6468539573477293,0.8375201574916467,0.8344478440847025,0.922254415293299,0.7690311230709123,0.8011996068938587
peace,0.7357192199762093,0.8597948613992739,0.7216509658324951,0.710700948291977,0.7932202462220079,0.6774136228696171,0.9602131218539235,0.9927266727741876,0.7546409914578185,0.6613404993442835,0.8336592038902062,0.7517897482031076,0.9174681132528033,0.7212853404470096,0.8544513222428443,0.8113993589391694,0.7323738489386591,0.8240049828491942,0.887853255847485,0.8086848519055397,0.8097284665126259,0.7127216572146325,0.9144204797904136,0.9044546578143184,0.7589440811313504,0.7875711540517005,0.9414220672690328,0.6866429178952544,0.8604288391358782,0.7441386226868872,0.9778077876751642,0.8063446728665338,0.9260378518140043,0.7238672651538872,0.6751471317675732,0.7765740542798888,0.8262683457946837,0.7489268317983587,0.8758307426274967,0.7790046432189571,0.5918562838233394,0.8552811979193001,0.7117462940852843,0.7638402618323482,0.9553131203539356,0.9772811724121091,0.742450656490719,0.8577786630631841,0.7447725509577355,0.7713127021101397,0.7394224585101448,0.6275656319603515,0.809505522373371,0.8288165386946167,0.7328998254688862,0.908779171143711,0.7563919782904781,0.7362788175140985,0.8526503118108106,0.6457318010027471,0.8906679031702807,0.7597830842605637,0.898928607639409
peace,0.9288130525829157,0.8640153442357141,0.7188026707271689,0.6749168293515596,0.6565927336664764,0.9102910701701311,0.7865199887799817,0.7400778205469152,0.7867917848461109,0.9080621208954168,0.8778739785359551,0.8438506155708855,0.8637886057426405,0.818017235549695,0.8302113057296425,0.8221025231151048,0.7999938754372447,0.8753373883831282,0.8361282106200395,0.7119284968893043,0.8528874385522653,0.8247247066379305,0.8611413468915099,0.7895793086384972,0.8811740313767158,0.7938591449133844,0.8723879686600545,0.754352848404949,0.7612745945901048,0.8602052523210125,0.7668226606255256,1.0205782694748162,0.8566444986779027,0.8024923486154201,0.881990077675885,0.7519319590023483,0.8923014819233018,0.8895235216663533,0.9253534057779551,0.7559190468651423,0.6777266745862256,0.7389845360797452,0.7718369484027253,0.9667211600851755,1.019501202912775,0.8344662304643983,0.80093906080186,0.765009216952579,0.8824690350210868,1.0188581391991518,0.9785850891188272,0.9137976612605834,0.9123302531113857,0.8832309886254115,0.7952709354291465,0.7263451777459204,0.7979185910672059,0.8422339602131353,0.6546366101281705,0.7847049270633791,0.7174067645408727,0.9013841161068142,0.7450291597843289
peace,0.8328220331980988,0.7299979707064423,0.9597699325960916,0.6299243063465415,0.8475840376843967,0.6722742331560068,0.749066734951515,0.8206186703684505,0.8255357031316838,0.8229266841095413,0.81517491409755,0.7358155738126558,0.783594667691119,0.8031634016178916,0.8195360396758883,0.7934319527193012,0.8729590420984455,0.8093386970150943,0.8201325967621614,0.7617347651688483,0.6947558073385578,0.8154028930732471,0.9207446043962939,0.8443861230730414,0.7182506058785209,0.8814740025818605,0.7664882932206044,0.8714653980480288,0.763120413510384,0.835330643982737,0.7481502663375654,0.7506947503529666,0.6433734632904261,0.8512074819161161,0.8370169634820338,0.8426442716260943,0.8275330561131812,0.7237749966676698,0.8965899264493581,0.8992779300092271,0.7211762534829418,0.8532123991349958,0.8874991185367977,0.7529901726656278,0.7703964310755649,0.8534113408211786,0.6489670230585699,0.6911482778466,0.7010224992130438,0.6203683635174505,0.9084939774187482,0.6011868185808333,0.8343110663431367,0.8811683394755221,0.7706404045586733,0.7331632375268755,0.8232842450736639,0.8001833000594482,0.9003504862416416,0.5371478859602044,0.7081292523851872,0.8561576883916056,0.8050447442774461
peace,0.8752034159196868,0.8262019976239663,0.7865262936758688,0.7697711556906496,1.0325055015875586,0.9534946274031512,0.8495505098095222,0.8078463893448415,0.8538132549353434,0.8826834717872909,0.841882668570451,0.7248619876613442,0.9784510767724511,0.8246208227754019,1.0013930030389815,0.8187147486877334,0.7754346647874466,0.9384140124046464,0.8301186958077768,0.813342263450929,0.6799635794357406,0.8660217805135828,0.7506689617044092,0.7552208790926026,0.7509451154594828,0.8439033834695303,0.646462372642431,0.7789154657274193,0.8980278991109378,0.6754331130659993,0.8172878960934585,0.7368600579729165,0.7596306880534367,0.9655152260389908,0.6349510816454992,0.8765630338171617,0.7522071731222788,0.7472336014854333,0.6888437657511732,0.8753899637273637,0.7808595383715984,0.7682330586205348,0.8109836929204075,0.78297128742582,0.5999312120246476,0.7509175817022642,0.8895440890948325,0.6493383535887692,0.6910062100143646,0.7573208604601475,0.7274376581362858,0.7972114517858392,0.690692324832126,0.7612145476190627,0.7952005468400666,0.8648940416207972,0.9244789386099597,0.7738452846146561,0.9888060241245826,0.7816095419455477,0.8828875148256531,0.993150773472678,0.8139308409235936
peace,0.6626473378422465,0.8090903857207632,0.738835711179509,0.7725567973027548,0.9984976882495216,0.6777236576776124,0.8300466822305859,0.7122278719678276,0.7692342058799087,0.8744842335204485,0.8318163943473024,0.7774967731038411,0.7350199674735373,0.8316078192153614,0.9707686717153371,0.7098648057376377,0.9911663885457773,0.9199497450725151,0.9369353367577767,0.8308432380929602,0.9171129775509895,0.6991168717549374,0.7331956092151489,0.8765813813920393,0.8295845055223817,0.7851620741502231,0.5497391109392578,0.7564525951961829,0.6825946219701735,0.8493534311311502,0.7808831471432764,0.7371699455833496,1.0642910482624304,0.9038174476694235,0.905587214135606,1.0202215144682174,0.880219178268311,0.7229045990527134,0.7112103648308263,0.8964902758754235,0.5940645720224824,0.7922220368990435,0.5828875622443552,0.8098843508389507,0.8854070250711954,0.8279415534603632,0.8938109358970598,0.9964826941659916,0.7856461562737992,1.0807650783278882,0.8212669956170155,0.894916506269036,0.7388937285434933,0.9619313979630683,0.904171019854263,0.9471451302567998,0.8054504421773955,0.6744582435616711,0.8460397439625407,0.6302980186676485,0.7663814196378048,0.8191080436632251,1.037722429251077
peace,0.831854861194194,0.813953746908304,0.7936967575964707,0.6657909095234983,0.8085825840013008,0.8102882676136773,0.7031391504546283,0.6813254385571635,0.7518429317232267,0.8064932978572693,0.7542445818618542,0.6949124550348479,0.8289272252004306,0.8538866824169229,0.8121297709222235,0.7437017286123067,0.8594841021232259,0.780946271027302,0.681091629265485,0.9036244355001399,0.835350801926649,0.7880709694304261,0.6428947795165275,0.7255139720864788,1.0018565712382927,0.6491657938119303,0.7748650720358308,0.7983664237646381,0.8320476789411555,0.6502829064173586,0.81741762564046,0.6313894537528321,0.8097428796195512,0.7347602080990419,0.713413073308219,0.8834817158667587,0.7764393756636119,0.8473710804907572,0.8506826911377818,0.9269953488955103,0.6791742258378975,0.8919015662519757,0.8016461622438047,0.7621875419630406,0.6850749480809718,0.8606590861542862,0.7077775478666115,0.8517806586977144,0.9927830772967132,0.8979977040359328,0.9391434325150649,0.7280995222774969,0.8762733046131995,0.6855785044863609,0.7766517097425386,0.974127205621912,0.7392157793573516,0.9111356184173094,0.9015646732999716,0.9074741250220839,0.6732998023878728,0.852520096601568,0.7843401434083137
peace,0.9088496857529113,0.6344999600273156,0.8367787889065603,0.8226375202840067,0.6009883262751066,0.7114579643905024,0.6169847786883149,0.7273644698077094,0.8549217084665148,0.8195365575648608,0.816940008059355,0.6960251891068618,0.9120450491510532,0.798118032163866,0.8033703812257509,0.8940399568946131,0.7008654252307462,0.8228547769871923,0.842346249160142,0.7454431849706152,0.8652373380759777,0.8477123170629568,0.7898823287722575,0.7867849109865139,0.8523547657871305,0.878847104001319,0.8062899917406641,0.9120189460406847,0.8658525962430583,0.6211536050273185,0.6595103302457858,0.9182235219021662,0.7753226868529103,0.8164175822797475,0.9139290517659145,0.7993588782628159,0.8037267609589349,0.7131270767208271,0.8369994507227521,0.8586512218966824,0.7422118162997144,0.7077978621694133,1.062628925519523,0.7907091530151718,0.7316307660390708,0.8706586445292263,0.7949205964772108,0.6914233676737898,0.8483053571651445,0.7146879030924181,0.9576458002155634,0.8494504629752403,0.7723119575473917,0.8109347018022114,0.8903288121098194,0.81859612535608,1.0122109457233548,0.9135867516395525,0.8487607367561122,0.7063014126491516,0.785311189609801,0.8478874970052453,0.7177138584241862
peace,0.929342687496295,0.702584265822196,0.7362774301954098,0.7437700815105119,0.8743824460633134,0.7195063632829227,0.6200023429580945,0.9088038835761714,0.7555613714894439,0.6931492367848063,0.7245141446797461,0.9716762749184351,0.7342956302727089,0.7876631894623098,0.7553081637713984,0.6767337456566244,0.7257281437753037,0.6698891592993506,0.8955881275680715,0.8100879064613596,1.0482677762174322,0.7291089275009411,0.7141139753854381,0.9533759768355329,0.9057977032068135,0.8384765021771022,0.6886308484911728,0.9744996267727934,0.7927896840229652,0.7569324871504964,0.914295973691828,0.797770487874627,0.6834329914368118,0.8040302599498582,0.7218651198429237,0.49906588573168265,0.7118289807849868,0.7472264429132149,0.6844354890706952,0.8575246532114038,0.7222552242671219,0.8478426200834457,0.6766680263631686,0.8909218921082539,0.6723517473333509,0.5658469590608928,0.9237262585163228,0.7144106196268829,0.9756929058199408,0.8564591901208071,0.8790263318381254,0.9045472500466073,0.811267934624907,0.8124055417838539,0.9281340024194309,0.8111358495698099,0.7271823153203391,0.8585758560162224,0.5886356585615048,0.9319558801560214,0.9340439135965092,0.919816666812308,0.9159771962377695
peace,0.7915824674658878,0.7893317615506978,0.6770359910229145,0.9748041251711048,0.7514981826973722,0.8339885309751881,0.8254045282954778,0.6659580818395844,0.6255324975876795,0.8005586620867349,0.7546243882388491,0.7910563140756666,0.9065415630203233,0.8224944150537024,0.8758522540764732,0.8445328162175578,0.7683665806760168,0.6998196832806937,0.8264717868113469,0.8083892619346091,0.8915156337504748,0.7849099930277508,0.7702658454884478,0.7770500616218401,0.7081273364994555,0.9446909944820459,0.9139628754615762,0.6786970171041954,0.880394814197255,0.6154994936067635,0.8985289233111022,0.7303649548892325,0.8359900557678251,0.6070490310458329,0.680129576832205,0.846870296724941,0.729909181661722,0.7160037129627802,0.9395861697452098,1.0210959211272876,0.8937013936819483,0.6908119428264936,0.9763519332817701,0.6438567740351618,0.7695508545924674,0.8054777766987373,0.9924037843838749,0.8912659137551726,0.753624230520048,0.7055043729220251,0.9002192653803255,0.7466641042779645,0.8216740087864975,0.6630223510740885,0.85692578552242,0.8488695145747479,0.6758379938341829,0.9031623112871641,0.8554745808242782,0.8740024252780099,0.762132130724987,0.8178956411286443,0.8063378868865325
peace,0.785182959524577,0.8170503278165846,0.9256442973796383,0.9074950638703927,0.6818139322531144,0.898540181690694,0.9191143372748036,0.7848822326647634,0.8508447103797777,0.8494001667303018,0.7150033383325699,0.7618043712471673,0.8750810238851607,0.7504177763168549,0.8975499559262308,0.9304972440849761,0.9143671841980472,0.9979804603169458,0.7909267717708888,0.8177201073969064,0.8320663047762641,0.7939602075009262,0.8542178974101645,0.6288795970988011,0.8204905388692519,0.6622563350117104,0.7037376722392422,0.8732889811029914,0.7800883761550981,0.8697614474715807,0.777922339639887,0.9106406316391156,0.7760919294378698,0.6045081510436877,0.8225392582011272,0.583114015429745,0.6547279097467593,0.711705347100143,0.6992290522229813,0.7454949195583715,0.6957932176468895,0.6594047336414328,0.9541835744840774,0.7321855453608105,0.5769232346852603,0.7639081626990744,0.6875268941972447,0.7115032372707186,0.8710342481352485,0.7551842381214783,0.6847403398782115,0.8446253509957246,0.9149940830609087,0.8536872162639846,0.5546444428349575,0.6885010497602986,0.8047448530636205,0.7755700594735985,0.7672724846060804,0.7017243307159167,0.659441591692256,1.000778171781302,0.8027110953138912
peace,0.8642121788867418,0.8006251173583809,0.804634869863799,0.7937896600190713,0.6879554140925568,0.6485510541965753,0.8386225373744988,0.8187842407271166,0.8938280898459707,0.8735360826642027,0.719148780725033,0.9132591308921872,0.8765027195154518,0.8690841569857336,1.0249326791978808,1.0043958762508187,0.8689913766554886,0.856519720583753,0.9081655181769681,0.7416046230329629,0.743017074240895,0.8673421407091914,0.7143523910872428,0.8592769485523255,0.8156832166536191,0.7143809895407882,0.80258665102883,0.9305081592138417,0.8082370450653837,0.8086547647617978,0.8328985278904597,0.845918852289161,0.7669159533918808,0.8350261047967048,0.6950929640409267,0.7200928943166113,0.7328850891924378,0.8469762689634108,0.8160232827556277,0.7865640422756047,0.8690769989585287,0.8378862082742337,0.7710023220017128,0.6964769157180188,0.7180291198773248,0.6533190534607108,0.8140569550150826,0.7137861217546329,0.7504677018016129,0.7872409319371136,0.9043995191330686,0.892879059831682,0.7945291528746026,0.92655034894003,0.598765149067914,0.9877220549766513,0.8692499714304586,0.810280328501993,0.7108640319247937,0.7561932633869536,0.8609350895578042,0.8632079383531415,0.8668393370590788
peace,0.727150326563354,0.7070152286984791,0.8195205244352507,0.8769853957771474,0.8003184849504859,0.9481484246885168,0.8033137462190112,0.7999291356167014,0.867055999119267,0.9219230137592039,0.6650744740195456,0.6881988291964403,0.7686738562255963,1.1158941784588663,0.7738531437459069,0.7878217056989432,0.8618351929807918,0.8976928902813475,0.8169785116454756,0.9164347495040257,0.680602881697408,0.7233911575257275,0.916248695057964,0.8010943114783474,0.6737549394991336,0.6677462068382793,0.7189059194655296,0.8002125542157916,0.846737956972679,0.7670940000055861,0.8384999189239519,0.7562933513306386,0.9223920201616918,1.0551840094572356,0.7607387267915576,0.8479932810798946,0.8398410824150113,0.8138695426259925,0.8653250945341292,0.8478821188979828,0.7528946429615105,0.9316545772622689,0.8201666247486776,0.7615199580169637,1.0443202523847401,0.7883786622844401,0.825494384142375,0.8175440344580337,0.7870105389048793,0.8448664705044016,0.7155000090908376,0.8596543386523058,0.624164597160757,0.6701930248742871,0.9825724547168516,0.6743819973278213,0.604004114796314,0.6768583830933813,0.9740057269196735,0.6208138259727285,0.7044185817408449,0.6541807515683014,0.7725870802909992
peace,0.7563979101819264,0.7519243493272967,0.9856133799405137,0.6800924682362453,0.7897812220282889,0.8338601246320735,0.7019790737927857,0.8486589981246603,0.7600189505446693,0.8374309066189857,0.7892000748474347,0.5949468774433696,0.9306098712765742,1.0070458315354072,0.7823245818065186,0.7102047948133396,0.9506012721175688,0.9890382902867472,0.7831204588410003,0.7781319384779486,0.7920088902328501,0.6325451110754695,0.7708874121306772,0.9714941887549245,0.783131133922944,0.6959965472127795,0.849668561930448,0.7332801201505889,0.7933547876332073,0.6731151219452721,0.6963375838813268,0.8737659254863593,0.8115866779401089,0.7223942613157184,0.8119535130304903,0.7392853291272742,0.7216239830629831,0.9164034397248306,0.8782877553188773,0.7978727150368906,0.8144337337249704,0.7991601982665657,0.8487009259173539,0.7200498341544306,0.8862504733368644,0.8353565837890813,0.7736943662110449,0.7512221968491458,0.8841130941766808,0.7849513683849895,0.7301106904170163,0.7615430233025677,0.8769204648889161,0.638944679875396,0.7644591094419528,0.9070582669675764,0.7831783227896743,0.8272816732277841,0.9086768964537195,0.8892329653397171,0.7559941226960079,0.7869606447796164,0.8904763901729014
peace,0.89394694872839,0.7911949874685059,0.7946454347707573,0.8267683694533852,0.9366900690017294,0.9067566120657957,0.8693386703799019,0.6921330723936109,0.7725166593451743,0.7777713326310097,0.9418485032603473,0.7761135608820363,0.9253442823077613,0.7429301329468916,0.7509116042339241,0.8481454105813141,0.9568146705571757,0.7788222870732123,0.5437232138138802,0.6435816597661114,0.8297961556164457,0.6525203973218232,0.7134437173603588,0.8012341950638258,0.5550632754253539,0.7620274210674546,0.6835191442139731,0.650082028209925,0.719781556078194,0.6930791074930569,0.8469480217992303,0.9196526786682884,0.7635573148388938,0.7403874220953164,0.7585794998842101,0.6891812892061537,0.6711258104380322,0.6354445547106663,0.6670479041681827,0.963199100711263,0.7309578964636543,0.5058371528236237,0.7412943061518994,0.6409585463239179,0.8059484939997164,0.7951646344762996,0.8055885637692055,0.7959273921254816,0.7627289695380252,0.6544103878460014,0.7925345928028577,0.9018924589135695,0.9813673083795205,0.7762008672693994,0.7870390054716315,0.8500427179088894,0.9493241559472105,0.7513703389495453,0.8692651316950338,0.7177180734475612,0.8329848990265503,0.8970604176618371,0.6709139393452204
peace,0.7474855277981782,0.8954783096695003,0.8616161230514795,0.9035946140314856,0.8848439646454067,0.7658896472083295,1.0199190148394692,0.8136909990753395,0.49442910508557997,0.7717653627622701,0.7530828743000673,0.8795249167367278,0.754881468480187,0.9098969995819138,0.8558099372406708,0.699990953852994,0.7859626664388576,0.72244665557246,0.818475864685367,0.7218509132764879,0.8074435230509063,0.7727694249009589,0.7847776745320176,1.00509403797981,0.7639514773292796,0.606556691238281,0.9015826144734348,0.9007955901802008,0.6021059826203174,0.7299100378791933,0.8435810556846524,0.8524203261217067,0.799527623654728,0.8017825378933285,0.7061412126916816,0.5600151286544314,1.0049507318183537,0.7031332722293286,0.8176505690064483,0.7841152004340665,0.8897197552273546,0.8114897213482158,0.8153440953092,0.5365681751991072,0.7166660927457748,0.8744633046598997,0.865466822507193,0.7048347176382789,0.6421971417278878,0.8126579306722931,0.5093225951204186,0.6851325747662238,0.9760161075155311,0.9445067328873769,0.8487249358765145,0.8307336314481257,0.6049829215475602,0.7259332763350884,0.7704831402034225,0.7280586250498812,0.7649756665092136,0.9299224424346295,0.7458176938728678
peace,0.7659060819443235,0.8739531286683752,0.6580524281397198,0.7159795421161154,0.7262277412243158,0.8055592146551748,0.7655037932506334,0.7686659090652866,0.7335146012897505,0.6929169739785246,0.8609142924210578,0.7662195881037746,0.8619018980147374,0.6888372669518853,0.7334757842250358,0.7778816972153234,0.787213296318379,0.875436872593221,0.7569490710407641,0.8746742242810875,0.8374944008559695,0.7893147389917051,0.704870120350348,0.8756875265463321,0.707366253268635,0.7978719619842721,0.794605955706392,0.7792904857382718,0.7610680277014686,0.717792330503833,0.6383063562629923,0.9403804732840353,0.7508276535742751,0.7871887904882531,0.786577261606606,0.9095604337228749,0.993319422151764,0.8159847419588687,0.7842997331543082,0.6876542992840589,0.6556411550587236,0.62260250703559,0.7204155040476532,0.5909145202686885,0.9078829953740113,0.8423096243993425,0.774835948531522,0.910938398076079,0.6928843922596726,0.7180018944635446,0.6066206719698255,0.8774353695020213,0.7189658713690726,0.8015695613275824,0.9002576400574678,0.9370850755499421,0.7970853648509431,0.8384237436271357,0.709614975395634,0.9683373343007534,0.7833849439700634,0.8080284951868121,0.7593146927736775
peace,0.9199248998413757,0.819959392308319,0.8760934577413625,0.8353958139978882,0.7779590616783996,0.8929468561299592,0.8345316194575382,0.7039020939152767,0.701078861619062,0.8148826729031634,0.8907457902387628,0.9639420548506404,0.6222786542419197,0.8025659849098722,0.8489647662174997,0.8295669134994763,0.900932710503371,0.8655533976491503,0.701449981641966,0.6985208311309269,0.8312454856151725,0.8990505424422526,0.8143417552952696,0.6422066930431722,0.6952828584683728,0.8691515855865332,0.7651354909082868,0.8117957303203288,0.9065418039151758,0.6797790952380045,0.7585757344098046,0.7477127186626057,0.8355402536527867,0.8772888178271993,0.6519732543101219,0.7994463640833731,0.8869329104046212,0.6145213548539165,0.7935607558560394,0.6784215559216773,0.7358433096450467,0.5494965410518478,0.9392734118755027,0.7644170872596487,0.7192808135964086,0.8328267045457151,0.6957689767312751,0.6862755471118707,0.9510329169813728,0.98086630283268,0.7407936327717518,0.906735470991618,0.8356040443988086,0.658616870828965,0.7071868106150215,0.9551099799196936,0.6573204967175823,1.0280999338074859,0.7428637824088221,0.9580814906293234,0.7694436205357164,0.8799903591501151,0.939503314012069
peace,0.938995381768101,0.741563446920703,0.7142611900100875,0.7918787990248866,0.6699520378966022,0.8239264175610559,0.7179203347722485,0.9082709773542916,0.7429887583781862,0.625774103051998,0.9400914776169297,0.8183368003331863,0.8029134890420073,0.909439478494621,0.8871576502298157,0.7238146455989575,0.755021839397384,0.6887044749940663,0.6535547944875185,0.857859253491539,0.8392184310041683,0.8760829211522517,0.9281605441495944,0.8774474794925673,0.8863459476305259,0.5922038741827863,0.7693014758075006,0.8964576494669988,0.6831791263794784,0.8091671382837764,0.8519464440613507,0.8442853493838487,0.83687963079583,0.8598912719045576,0.818074389492822,0.6537071792608987,0.8506955535403494,0.8284746560553744,0.6550251549144547,0.9379735211086572,0.853383769974804,0.6619651679022542,0.718277483602785,0.7435947958253821,0.7435236561199352,0.8293050188818443,0.7023648248941738,0.9128136747121935,0.9045803451367992,0.861931730959959,0.8044241775393851,0.8937447515151538,0.7724052277195992,0.7275511138616791,0.9190109645619742,0.831754275701901,0.7315942359418609,0.7582257632958421,0.7263572016234733,1.0022174858828605,0.8004098437450525,0.8157771311253669,0.8721219047861941
peace,0.6784639017392995,0.9096547266286223,0.7392153869212148,0.983001628611515,0.7687341269985407,0.9037640014763186,0.5503201882880914,0.682486692391403,0.7706392841002374,0.5969217001875109,0.8600884448841405,0.831295812543625,0.7009172350140123,0.7984041370135502,0.8806477229923125,0.5896950483130027,0.6726510983765344,0.7664911700776657,0.8023723626632476,0.7941388578398457,0.8889294785435711,0.8477211245655397,0.869663484057106,0.6610124267195635,0.814482385479938,0.7692857490762057,0.9462071881668768,0.81743956373779,0.7330946065283972,0.885250127595504,0.8563297795864648,0.7178398327359521,0.7651510297230826,0.7668553540391639,0.9227461092279537,0.8203241873878443,0.8726782478560172,0.7506728278869917,0.8334800291139441,0.9303360902929658,0.7638923234749353,0.8115154803837776,0.6636693743762393,0.7234441910089973,0.7665557108002178,0.693916069104828,0.9321973677521848,0.7161992979758487,0.8786798592117246,0.8186836237531477,0.8030851948510463,0.9486163644965158,0.5739399703072421,0.7803795103176896,0.6919619663434559,0.6038579590866963,0.6805268266242309,0.8017237535003071,0.7274652870793555,0.8896613589825149,0.778615415205867,0.7675261645279058,0.7679719049493908
peace,0.7901505593870461,0.7581521465057247,0.7148746302435838,0.8989184883976037,0.7375904949611054,0.7616473383653815,0.8429405080090311,0.8318741246157253,0.710656193765395,0.8754981944110747,0.8537670339838405,0.8177974834187255,0.7568683149418508,0.7593269309478592,0.7798202896998391,0.6768168058872235,0.7960731551403044,0.8892102040447,0.8876371189834024,0.7619148228723548,0.9064083272725537,0.9905904554529446,0.7683792464737174,0.8691514706432169,0.5737190037309208,0.6741853271818009,0.809112102933352,0.6993266937481613,1.0039202044722448,0.8597879687296553,0.8965831646858131,0.7970973593839413,0.6996791980136348,0.748118971782512,0.825438047962636,0.736208466159099,0.8671191991727201,0.8711414969204638,0.8004981303939589,0.6174364912983001,0.971478493366596,0.7787327143310483,1.0709276648471038,0.8652535696352195,0.7790044923267944,0.8447821876498005,0.5980714482921389,0.9026142403235967,1.0566941237529477,0.5910766526156621,0.7712590990174293,0.7894661877208474,0.8875228629163064,1.0105975674165537,0.8382882122595565,1.014179182421553,0.8170432476884663,0.845142381879623,0.8328235566160256,0.9220299783005087,0.7577678941889797,0.8818286758761509,0.6769203393743574
peace,0.7715495895348591,0.7363256377061193,0.8087961558617943,0.7683920250596219,0.9132133692456975,0.7121331904828359,0.6268684064188987,0.6642716180288443,0.899416804630132,0.7030442656683779,0.8397844415520709,0.7705212496751921,0.8824244054753255,0.776923429488339,1.0764348516117137,0.9898117015818505,0.7684789819594308,0.7547865410905015,1.1132326150808463,0.692114903867141,0.7944976452081651,0.8022448919705428,0.7997662102185427,0.6261288279469474,0.8496602409675941,0.7029649908607684,0.9435989124169072,0.6544034957565379,0.8059465927375477,0.5783879353048113,0.5845616293659277,0.7160648041707368,0.7301789917662972,0.9465726412989436,0.7959408163738102,0.9292406900911554,0.7620213405323324,0.8606085182880332,0.72745246830811,0.7206526930901399,0.6179149861082106,0.8335753993851275,0.826208341470015,0.8777312887285853,0.8214918287141396,1.0026195977193968,0.817602763667751,0.8991826714338121,0.7675890917000898,0.7091529965698612,0.8717695170186637,0.791085201217966,0.8832043045929622,0.8352936541844681,0.7206986673209844,0.9074337877677029,0.7128810046215333,0.8625326263295505,0.9281611111525854,0.7615405161584843,0.9155994453672316,0.8397616834053193,0.8851943778396264
peace,0.7163244308897414,0.8214300232053748,0.6591918689975497,0.9711300515310464,0.5986001678415493,0.764524818037115,0.7068291405800378,0.8674700415202238,0.992394594592992,0.8654915098687526,1.0961283696951352,0.662205982344116,0.6698815867471435,0.71068857683846,0.8121244695295906,0.697307762471675,0.7248337245694975,0.8620483523927288,0.6760828116886183,0.6866803987029899,0.7601461247009929,0.769555692916068,0.9010015717221316,0.709936025202188,0.7279720015879103,0.8581670116279007,0.8801394323783382,0.9428724467126589,0.8469120354864754,0.8130364059961827,0.8575038406746155,0.7732587194111453,0.7725232405624521,0.6225889687721247,0.8893415956689334,0.8211458945051747,0.8777039266368306,0.5184189505522706,0.7952898292106454,0.7144118493622368,0.9501362504820234,0.861421691548383,0.8234235410810561,0.7568067030658976,0.8397208310131647,0.7071814370621896,0.7900274652314234,0.742163661301258,1.0266489654981692,0.9469947756190841,0.9063047483982831,0.6509688977845842,0.8864157112284055,0.8187666675141938,0.9223460139516146,0.832239509512694,0.7993282333961697,0.8233784296336559,0.6194366708377456,0.7232596727832203,0.8373335538703273,0.9139388358406583,0.7449506883687882
peace,0.7959193120136067,0.639900755532461,0.9459310813353761,0.9113741732233122,0.8652102618567199,0.8406806187630891,0.9552549065146798,0.7194989008685283,0.7086838443673342,0.9061519786256429,0.8994313381708126,0.6806504413910848,0.7468640118423134,0.968909313107739,0.8411667328215904,0.8787161518018173,0.6840953457470644,0.8656644524537178,0.658045845422912,0.6020178634399316,0.8726823960180868,0.943444516963449,0.7746213924250833,0.7453449318145542,0.9710848656246371,0.7805216630885393,0.793423127644274,0.9693957226440336,0.764641518697179,0.7345972390655134,0.8815508224137089,0.7288143845620885,0.7855398461877818,0.6680841398287801,0.8185397088376514,0.8068097487203093,0.8968020274723144,0.8857256536661732,0.8551518008469583,0.8394255692781013,0.7926745886247659,0.8609555968995803,0.6887667826331013,0.5651033928145691,0.9161917671212894,0.8674160462247914,0.7873013565720086,0.9074558608445986,0.7268502583053473,0.729450746791685,0.7155862276305833,0.8567621975115886,0.6417041922785247,0.7233038393217959,0.8289715023236136,0.6795848924077389,0.7339689594338815,0.5788432422885437,0.8605806649401537,0.7312164806657722,0.6900718749858846,0.6704977274041425,0.75817864877949
peace,0.6419844413108561,0.9942379677148668,0.5615255382831015,0.7549380850213511,0.8106906929291255,0.7224620995863446,0.8212131737293116,0.7200398425053839,0.953009446367315,0.6881122985890223,0.5648776058651681,0.6701500149546679,0.8386494774813713,0.7882075620451136,0.8752132907982118,0.8501744616710967,0.7363719650274797,0.7510916506204454,0.7614671224346774,0.9884346083496653,0.869082231468737,0.9891686899178506,0.8840779372341815,0.7936416605078449,0.6980638513014336,0.8201519671148745,0.793913082778377,0.7906352714661786,0.7790900923100751,0.5947537292423778,0.9260839816534656,0.7949546510782683,0.6585746883971358,0.8481762709073646,0.7144163831393472,0.8562140622970783,0.8881656460512461,0.9019636490669318,0.783908327334518,0.7586222271981483,0.737446163973533,0.7277443911539504,0.7982769935789084,0.7790656937608261,0.7174696184177835,0.6856215246197096,0.7891243907741418,0.7565802382056169,0.6858633026718135,0.8830571013421408,0.977209275082525,0.8962588213984225,0.7279811988323956,0.7949770315410064,0.9540428951687461,0.6826300357222508,0.8782595126685226,0.6551916791856011,0.968403762743133,0.7569685475249011,1.0229043724523814,0.9728063798641831,0.7893569490418613
peace,0.7280594626889589,0.8194775471890914,0.7819841033353436,0.7598433036414408,0.6341886745421703,0.7485446416345414,0.688952087824376,0.8551647706425237,0.8991071316597425,0.8740684003923598,0.8342375089627507,0.7147092932859098,0.8205400772601911,0.8792765143644377,0.741376442560027,0.8118986421395007,0.7854538410730078,0.9662366669610485,0.8851548135264525,0.8609159611748392,0.6283306266034565,0.8172837326767584,0.7844986571075431,0.7836342889430128,0.643658652725836,0.6912231377702431,0.7931982512094218,0.9114355778190462,0.7409475430160577,0.7600061272895733,0.9781091995286209,0.7703177610832164,0.787121047614642,0.7884755217948259,0.665449485359549,0.8571798123415115,0.7347123881415661,0.7969929382960262,0.8444372964417798,0.9942557589035392,0.6682229955453757,0.8864982185066225,0.8868723256173968,0.7361785227220727,0.8599503848051981,0.9643436151291892,0.7235028790787559,0.8241469797135156,0.8404801363939786,0.853417885495355,0.8769291760716014,0.8166304828252174,0.8513436186348002,0.7088526349876277,0.8164003493639558,0.7523658734319486,0.6770171094845913,0.74908554505631,0.8269456392198059,0.8435797276370194,0.6731540879077229,0.7062323283275129,0.8724656279693221
peace,0.8508148092615864,0.8887102662046353,0.9367830427176561,0.85378871095906,0.7585192372829128,0.8114849458081917,0.9659897100927383,1.0764448997785387,0.846309636574236,0.8535554138811307,0.8725708366997417,0.8023792845819363,0.9163853902342625,0.9008045292732851,0.8354376447148817,0.7681980093994385,0.6479303612622863,0.8732413547614251,0.8212858315226105,0.72622322693459,0.6870079735005373,0.8661432849383253,0.6398763678383035,0.8299641187443806,0.8843550409168894,0.8549892886416623,0.760926022564156,0.6750625515525086,0.858701923979519,0.9200523091953421,0.742726664525696,0.850690820029286,0.9581515118731809,0.8338847096441611,0.7603119855122212,0.9040853540063158,0.7262439025842188,0.6701807984946977,0.881232119114598,0.7593837736516437,0.7683478985996316,0.737305936444893,0.7527182604445917,0.9403033427526866,0.9662498765783668,0.979497863614461,0.9090120621177513,0.8466271259773238,0.6567714408066887,0.781247529709965,1.015675448862369,0.7564378421247346,0.9514144474772276,0.8055035819030545,0.5321857614146854,0.8640485563668964,0.9266254696178312,0.7951004031359457,0.9233051004485414,0.6332172485582913,0.6614435736100631,0.8204864308085688,0.8477114727817532
peace,0.9356578868592279,0.8638924466748561,0.6806370910634958,0.8213045622074386,0.860072744528815,0.6125766001302871,0.7956366530261986,0.7664417456061776,0.7345306926254256,0.8498777051752673,0.6850318473442076,0.841687951200365,0.8559491129208895,0.9083763310260974,0.6876580737207396,0.6494765781645453,0.8278903607339012,0.7713728766132298,1.090265026249372,0.8458498476242933,0.8058161711704181,0.7827172044323585,0.6781938154560552,0.8563881552954598,0.7920854973729202,0.7921686316570565,0.8094443325498656,0.8221212529917246,0.6260744354082479,0.8837023006370932,0.7153555625184078,0.7861967802531373,0.928590492066529,0.9779448592270115,0.6299505561373608,0.803024482767465,0.8272913185166036,0.6492469973808555,0.8802591364418165,0.8116262677414173,0.8194159595694998,0.7082447081658065,0.8412886643381349,0.8838223956389938,0.8127297883725935,0.7486064099036946,0.7563930681953636,0.8220395707125966,0.804879737838063,0.8904822119119395,0.7519741712475835,0.6781619397259175,0.8359386077320503,0.7522470147001297,0.8783681949036367,0.8007538630457601,0.8654813204364823,0.6985682953269212,0.8143386263229822,0.7300736792616084,0.677962634692378,0.7138892121928985,0.7455522908224141
peace,0.9244694527023852,0.7429059600507341,0.6728459749721777,0.8131477422496669,0.8029180660677675,0.7507946987989802,0.7838776534153874,0.8976227085996571,0.8670705765399177,0.8584230206873732,0.681632121547977,1.0886548061715324,0.9051252210274222,0.8517028563190873,0.6835688225602791,0.8947730112734108,0.7498871489700673,0.7805729195364035,0.6319220723940717,0.6758516914059491,0.8438546498827135,0.900623467527049,0.8684904419795035,0.8650818996742949,0.7935233543040294,0.7593292984633788,0.8288895143565393,0.8821408323100275,0.8004862254933591,0.9210252019913405,0.7784930736183993,0.701972106470395,0.7989637757958999,0.8105972278259569,0.7917969932723591,0.9280655560882262,0.880530198072404,0.6569059011378291,0.9534367014198286,0.5258582939170828,1.0151024372852497,0.7712694486443123,0.78104322633485,0.793998376102636,0.8385205432840181,0.7999736798733157,0.7866604811162733,0.9308918309356186,0.856559607975085,0.7041196145629239,0.8740673914335725,0.852410700318334,0.7454726274418781,0.8792138426362162,0.7842427398776961,0.77783265278749,0.7751086882567066,0.5571881943047601,0.7473300667065399,0.8713173242125601,0.7977588757096238,0.6714813570144251,0.8964631255192038
peace,0.7701399840456605,0.6778424509338478,1.0206012461671015,0.6946827405512245,0.8879491511285711,0.7230685899145396,0.8135826834573823,0.7097819036631825,0.6760695818726341,0.852220254467141,0.8405290545134401,0.9144649444219065,0.7965618069704138,1.0220351794126492,0.8268346667437037,0.8566774681237213,0.6641570754892772,0.738591568487747,0.8519679700515977,0.7915772237586417,0.8187683135034637,0.7183506244285807,0.8121946973471622,0.8118545891591736,0.6819564980114762,0.8642549844680592,0.6299935053082031,0.8184238080597684,0.9765592693825501,0.8680550537819083,0.8674299246037105,0.7102573325051316,0.9769062053152862,0.9376718094602289,0.7156409977104433,0.7525236758185123,0.9254656044926688,0.9796147378316759,0.6735313964909713,0.6996289230275423,0.7856213243577831,0.5828905970557485,0.8019045160209424,0.9185743514029985,0.6561362983764251,0.8127106964975088,0.7418229295004687,0.9639945948753919,0.7430208137866949,0.9518993087748584,0.7402544929188773,0.877117580533413,0.8251945618362699,0.7861727333485699,0.7209471430946025,0.8323095421317893,0.7559464737515088,0.7310233775191862,0.9472722741375721,0.8547530227493227,0.8643638951907203,0.7608401481387738,0.7814021652916696
peace,0.7751423332648889,0.8337238912500977,0.8641803451842506,0.7969748629688429,0.7207355005819359,0.8760570457026549,0.8033403868208336,0.6559163621229019,0.5864705249920312,0.8297897175460474,0.7170526201122296,0.8431062129396454,0.7224381691136066,0.8133185772495007,0.7621598472037909,0.9751920810273306,0.8950315657818645,0.934729690018783,0.8024047769119066,0.8822360939114882,0.8091650077601142,0.9469591367433727,0.7927437934743727,0.6602510659639207,0.6001378474746062,0.9668311119564515,0.847850447415086,0.8544256850041743,0.9489647842291582,0.6348265056274045,0.7641398784768193,0.7763930170384967,0.8742275233207015,0.7307359774899118,0.6798626256485211,0.6789651349002893,0.9149418076272021,0.7257467906196883,0.7447982515678189,0.8634498150727905,0.73010545917651,0.6295051577244358,0.6418298826275102,0.7943192603284542,0.8497328430365222,0.7797754756149581,0.8430442703809069,0.6387162473992365,0.6454696459031892,1.0253935916294241,0.923278427213668,0.8768971891898518,0.7340275329265561,0.776199380926955,0.79983226828664,0.9314346113716524,0.8402782766445092,0.8525913801287802,0.7832345064882501,0.8792665066840085,0.8302322747431273,0.804402273274568,0.7256915827813729
peace,0.7886428257898368,0.6920467296220045,0.7959860994013046,0.80889113579649,0.5595481615393687,0.7769660460899497,0.6824119795395408,0.8498639325516695,0.8637159743550995,0.7573660182334683,0.8549022087121916,0.8591066936335061,0.7770284160588232,0.9534286975303659,0.7274925062993499,0.9471365703253167,0.7774800570816794,0.7156673646774033,0.7648451524195619,0.6900610772270677,0.8784557867389203,0.6397231021924724,0.9389608553768827,0.706413279825354,0.8836653371845955,0.8024225861060469,0.8270815283049596,0.7409956628722637,0.8352808000333133,0.8134974288550865,0.6542088931830673,0.7037499997066743,0.7459087888990195,0.7245003481873551,0.9252810945383652,0.80070141838475,0.7221328652360118,0.750923017599696,0.7495536916452934,0.7711950527994935,0.6924670595280401,0.7186068889402681,0.8766606911164211,0.8185343103366914,0.78476624534598,0.80026228173151,0.795443924342459,0.7790868895268357,0.8517104838707479,0.8443159985847927,0.6428237026772785,0.7868437814090757,0.6494180600659235,0.8635577203455707,0.8767666556850284,0.7389221102358304,0.7883241044665285,0.5888559702877755,0.8972789814092027,0.8709673740251402,0.9150085261737526,0.9486544140337101,0.6775890707023225
peace,0.8888044201638442,0.947930444441846,0.6505422128970764,0.7828788788154287,0.7636598016770576,0.8855461864191498,0.5606058933655921,0.9815957696232195,0.7887462935805407,0.8916094402017146,0.793976276230841,0.8492125050979674,0.567858174138385,0.761511762719929,0.8847761211343679,0.8288732346713695,0.6363158907273243,0.8061424893876613,0.7181257674138496,0.7094580748826562,0.6479305726683282,0.861870262190713,0.9113014443935635,1.0120143134162847,0.6525951608257072,0.8767372161226477,0.8833171370420909,0.7419495322781993,0.7082421614590669,0.691425767903307,0.7472646756539785,0.820262159585595,0.9360112010506814,0.9105338338010117,0.6384583055731338,0.7211156751399488,0.9299640374309471,0.7268907167404932,0.7943085836589824,0.6294711065385915,0.9153033415512949,0.6087251794148613,0.6357189419213382,0.9050817060836704,0.9920061679566557,0.7709388915275086,0.7953137188137176,0.8908279559782989,0.8289447814697383,0.7626781820623336,0.7514546378614307,0.6433202042515017,0.823294177212022,0.7908083177930524,0.756215382088732,0.6998185204437611,0.709946914670657,0.8618376920506701,0.8881663648409047,0.7672883843709384,0.7567520426753621,0.7146351953385797,0.8936820043574258
peace,0.8030995769655908,0.8367900979327265,0.8358470130093464,0.7692298379466064,0.6834639900156578,0.7003866844314082,0.9127885532647452,0.7274315685149428,0.758963768025165,0.686560946462879,0.6783933481073594,0.7230835002971278,0.968840718424446,0.8658037391192429,0.7473211128576377,0.9082876794551996,0.7847701126703553,0.9354340046991839,1.0211730350396213,0.9028161739266192,0.8094550955222578,0.869930987351636,0.8015071219282213,0.6164001636024958,0.7345374585787956,0.7048408404346783,0.7323208958169127,0.9793671432639445,0.9122149742854659,0.8440884801441648,0.8812342950451358,0.6107886514094144,0.872818371308953,0.8939624316202168,0.5760252812312717,0.87652367537794,0.6575926357332915,0.6029994643553969,0.9326318216859579,0.6992950952387658,0.7284053260615623,0.8989604542757346,0.7694761727747599,0.7819834626270918,0.7797913093562071,0.8347598770974786,0.7773665583609324,0.8114126074359101,0.7496441874587294,0.8351819589879362,0.8313843031904568,0.9897885837684183,0.7618749050326298,0.7815834482195021,0.8238824325937042,0.896443564431472,0.6908414846822799,0.8103576521775069,0.5492173963944933,0.7728468083277605,0.9072727030099361,0.7273857563652683,0.8176837615285313
peace,0.7471094425616398,0.7140597802266317,0.8971485998268102,0.6954741310154346,0.8292965293863094,0.8308351620766159,0.7148200482961377,0.8155685256957629,0.7065052162532023,0.8521791874909158,0.6685054285357106,0.7660394496808159,0.77472283403421,0.9112955338210671,0.8140043071711892,0.895501349011206,0.855469104848988,0.854830300089576,0.7668066809769932,0.9020905883524887,0.7643829590697998,0.6270174520069893,0.7785212831533107,0.8453476404644069,0.6393374281287187,0.7114897641279615,0.6769411559822645,0.8786717104708964,0.9672862637012496,0.7790300845786784,0.8531530363068259,0.8505519365899724,0.9553796946439962,0.7347447096047394,0.7780121035241676,0.7659231350575942,0.8075367240040263,1.0504316802116809,0.8030811115197314,0.714528934739294,0.6845502773106882,0.9252645007313047,0.7140745496021921,0.8663586959199095,0.7320308670741372,0.6733307263416828,0.8605199600301822,0.7369255133236469,0.8425425639238894,0.8499282940846045,0.8546265245012469,0.7731851316056814,0.8686183556504707,0.7077453671551918,0.5545909748935867,0.8706892173120109,0.816559050483747,0.738992175598603,0.6528847238024955,0.5963421701164657,0.8051743348208973,0.9648785965729954,0.786144258356902
peace,0.7638664613308455,0.7975632157504158,1.0179205111908771,0.8751904226653133,0.7066424748299611,0.8028103903902104,0.8332436911154941,0.6943661133421155,0.875913662234256,0.7182191202855647,0.648905423265993,0.8076133553839778,0.7917844140509646,0.7998978097797306,0.7235355382337213,0.737488738212896,0.9128446660369112,0.8441085615000748,0.7043253923422715,0.6049303105579893,0.708558359788779,0.8157299072160191,0.7368068281645559,0.729034979482318,0.7410839561069338,0.7927292437263712,0.8784627912958349,0.7999580796054307,0.8061937021517651,0.777513963611718,0.7500643167845261,0.8894240871319931,0.8742402067844197,1.004527991766605,0.8610564298389254,0.7501585678192537,0.7095348690889811,0.8952945260711617,0.718501311568989,0.8809736686522072,0.7240086006107387,0.8349158383787281,0.6940248785133638,0.8779885354332082,0.6766328344490751,0.8272957329506703,0.7802160065772988,0.810180643722626,0.7604196165838366,0.7580740052629009,0.8154781204009772,0.6997861621910149,0.6991977938333324,0.7641450500361588,0.7602529860280993,0.6994603536195626,0.8924214692914665,0.7665526581568396,0.7773337797003889,0.6672471674030453,1.007163585461212,1.0427067395554914,0.7219601421595652
peace,0.9226086381169099,0.790818661626241,0.9603769592813107,0.8336233086400386,0.8099762168767399,0.5500730460381419,0.7121394026573318,0.8020520669574943,0.8198666252703979,0.6785166286062616,0.7271228471323722,0.855344701725082,0.6616789270266643,0.813372972372354,0.9237953531489056,0.8385469629111821,0.8335486743165977,0.5979848550822237,0.7178087223582104,1.005420183359104,0.7400838082454069,0.9264476209547068,0.7389159110643717,0.7722179498490537,0.8515586845353519,0.810069301599401,0.8381512451001081,0.7181609745273013,0.6863729810531244,0.71141283856095,0.7467681858537634,0.7770718617942589,0.9037275380639821,0.8087341456025049,0.8484597102508585,0.8141601012580133,0.6884565746471224,0.8017269526005649,0.8130782110191537,0.8759923221341308,0.6931411930356536,0.5959589134851639,0.8176263815170498,0.8353850001588381,0.7820615193682953,0.8028020900726791,0.8878772378582805,0.7541194423472491,0.7721359157841421,0.8079036444613832,0.6780185320830657,0.7848102774952246,0.7936256682665794,0.9637042214320275,0.770188434237154,0.8200011239944468,0.8918617605389743,0.7162515274689573,0.9375740386876167,0.9763870232057279,0.7971103712351325,0.746057393854062,0.9627119424390389
peace,0.8795630872768149,0.8081969204663837,0.9426843819615703,0.932099218854932,0.7663743046041778,0.824872985329915,0.8576792487925957,0.8028730029887852,0.660912940909572,0.7061740496301754,0.6641737214539774,0.8492924303024004,0.6815647682876256,0.8192418070817431,0.9831903826275158,0.9427770184912146,0.6162583353066021,0.6721298529228994,0.7223483575820142,0.6830976310780632,0.6346185622678266,0.7989159660274759,0.8705100549416565,0.8954034038722888,0.7525523829256191,0.7728096299684409,0.8355677245124756,0.7891514438160852,0.8810606776095802,0.8430364862834514,0.7623695576485972,0.6143363688346557,0.9499031605481993,0.7313917710555679,0.8357558645730261,0.6083408331280903,0.7988683416614195,0.81002619608622,0.8148602072547663,1.1013793282717996,0.7368881626206567,0.8820664226956694,0.8523232452209377,0.7321361007332414,0.880566940318093,0.7835679063069199,0.8875243217576719,0.9960962623421715,0.81507988906341,0.771887477093155,0.9051556183810414,0.9396653165934342,0.7116742460607951,0.7547042910461925,0.8675423271841263,0.786796798958528,0.7045667987013213,0.8540694827895395,0.8671489715706773,0.7665614244103025,0.8061348765331238,0.7423426931053881,0.6904762574088028
peace,0.7502935393371813,0.8073932350175907,0.6524910778530704,0.7575987068747841,0.8087830130592739,0.9194659910124868,0.7687407645199469,0.6754097649890778,0.7790339987302272,0.7433430695909911,0.8552178555057364,0.7662094673637772,0.5289433378420729,1.1691624501197806,0.814236329159093,0.808919151030858,0.6458590028002968,0.6535430734038389,0.7908051042326968,0.833617133231164,0.8702114139176753,0.8237437657318261,0.6814057796831866,0.5495533390919951,0.7899777650621795,0.7466025329390873,0.6737428275887716,0.8828058224105626,0.6424423250820012,0.8616968839456584,0.6589862024982519,0.8134088685583332,0.8933974322018623,0.7662066684397726,0.9689919834506822,0.9917886325593505,0.8237175000019656,0.8541385370590273,0.906070886631652,0.854442637248549,0.8437243217598545,0.7475930597223912,0.6312643824822288,0.6609904586750524,1.038236735876152,0.8322458957805001,0.7754316518608668,0.9263327259117909,0.725054202713817,0.8583108267413189,0.8077192033560039,0.8460027501103603,0.7663590130706144,0.703530569270962,0.7177128926860359,0.7216115797739703,0.7997029687677845,0.6443864819526057,0.6752571384977908,0.8135524297529203,0.7872324955586085,0.8190231534256699,0.7954956465666891
peace,1.0518950206888213,0.8126738433990874,0.7620920350512724,0.8101131785361511,0.901995504251033,0.7950371610622535,0.8684728358636247,0.8396045964402217,0.7709584423157356,0.8110875798881952,0.9598922114192077,0.8243078295037964,0.701397897582893,0.7680489572867125,0.5885752750267195,0.8137398706752881,0.9312062343782814,0.6658594231866146,0.814973273450805,0.8985431805869287,0.9091138633196485,0.9279801172275832,0.6131746168654497,0.850493095461181,0.6494434814905395,0.700166786342753,0.8821122259608507,0.8158047121851617,0.8726336074239374,0.7070883395198302,0.9473603110162877,0.8688333933841051,0.8889298119293461,0.6919833223884865,0.9171401240212619,0.7683838423359598,0.738877372985461,0.8625463540045663,0.858321177478794,0.7153181152242662,1.005630101019252,0.9814350576389775,0.860503514081177,0.8430403422731689,0.8329786226260296,0.6450003373981329,0.8112807387921463,0.8099541581895748,0.7423988313761619,0.7690650827998416,0.5618707605284528,0.6902727069875009,0.892182629150729,0.9731196901639362,0.7056619314704229,0.8182848654975939,0.9098382329397318,0.7479784974105247,0.8676248177234616,0.7966210304419841,0.919040198842535,0.6717549260331377,0.6895423371232348
peace,0.8279539168942811,0.8096206099900437,0.794367610350667,0.8575834160204483,0.7069350435442264,0.6630564388378571,0.7499891891971275,0.7611721441301902,0.771625281894209,0.9269045711353877,0.8770417246799209,0.8533239869155429,0.8221999594629311,0.7565811544284445,0.7146054843216556,0.6802842579307979,0.7305493149529325,0.7957078011639012,0.6845015799817333,0.816951975773661,0.7805561872764355,0.7602701588456797,0.9161532901211638,0.5539381377777269,0.7616270454715071,0.5647562554370522,0.8238562672929443,0.8762181583198927,0.6648893795786199,0.677694241610861,0.6301700168289545,0.8063641992713169,0.7659211723795973,0.7721345269608407,0.7632028360514119,0.7026400935632061,0.9131874023896037,0.8272340680131628,0.6815336463222397,0.7299453184167499,0.7127931225532524,0.9405927903473063,0.8711219272682866,0.7873510543077448,0.970722118495386,0.9452043595199184,0.776928910585823,0.7589434677876191,0.7637636044102651,0.704725340403107,0.9733974448467163,0.6993587496941123,0.886830431542744,0.869054313090883,0.7695134021776434,0.9810045103664451,0.6440903678918473,0.792030869902111,0.7510959835059496,0.8960593150270854,0.8353565864375169,0.6272704821333508,0.9239479443746453
peace,0.8485461722924568,0.696450813803707,0.7650320895213608,0.6700115085027918,0.7829161974383521,0.8150117967359823,0.7665352841366052,0.7549535500127146,0.6387259630948822,0.8337241461503209,0.6075545403137048,0.8031079518237262,0.6200844175967539,0.8050504890486287,0.7993880995412251,0.8403344967678541,0.8862285716801593,0.9047588422250938,0.638995740062407,0.794179394686692,1.0010940884560053,0.8119100568497708,0.7168651859698687,0.7920298873560664,0.7616334059685939,0.6823541842867846,0.8869104188207009,0.8584352558275363,0.6665490927887873,0.7906725416183098,0.7433536350817878,0.6398407485475033,0.6585180542524015,0.6734040176199668,0.7941570246557204,0.7542046999796643,0.7040812037904087,0.760811697037905,0.8747534971845478,0.8356696097272056,0.9001868807621903,0.7771687135280752,0.9602557190681644,0.8348079883698493,0.751108257665861,0.809295180969037,0.6751924047410183,0.7693814863752231,0.8429974230226608,0.8611669508098589,0.7589837777168804,1.0733890427522637,0.7827792256844712,0.6321605957856847,0.9213267192008499,0.8607127303849678,0.8231688820955251,0.7535079108908223,0.8393346516026442,0.9619016245997631,0.8201632937340146,0.6529966413189074,0.45466459168122336
peace,0.8384559560638386,0.7014086458739892,0.7900287282604197,0.7190922376986602,0.7119091015803403,0.7234725866713734,0.7325124640083435,0.8776235988482836,0.8573643793136585,0.6792011177188827,0.6928265273632992,0.8379121904469373,0.9052502365435522,0.9037141359914126,0.6997091159219768,0.8989311431900225,0.622373036568115,0.7797115582989961,0.8487026442608653,0.5921194986958349,1.0092856924085463,0.9326695182976616,0.864700397236059,0.7034971792435079,0.7931896375422868,0.8790420169763022,0.6877338433000186,0.7819525768761983,0.8910383849810983,0.650540499822695,0.8332424711020455,0.624523037037882,0.7056153244421347,0.7495407394323906,0.851355561271878,0.7299210897493796,0.8125548391329152,0.7312771862191767,0.7469383227884848,0.925066150778615,0.6849771821757762,0.8759153973947185,0.7998936114525018,0.742444631109201,0.6782477167589882,0.6853763692900909,0.7261354975242054,0.7849945592778859,0.8603509636156402,0.7699760740077638,0.7766689148117781,0.7916009776677696,0.8476777691438729,0.8644802819196511,0.6613034524428152,0.7717925290256689,0.9227404017347922,0.6683880046280046,0.8074312890448959,0.782915599620322,0.7433324410063389,0.9590782651043359,0.8036835808867875
peace,0.9511145071944315,0.800562720524441,0.8460255889317732,0.742277849107302,0.7433906324702246,0.8409347530248861,0.8427697457633592,0.8597987066591855,0.8376678286954576,0.6663579072995915,0.7193631323287585,0.8849942886148695,0.6041534634596663,0.8292607241505604,0.7888119900930819,0.884958186747236,0.8416621186070756,0.7336019720291539,0.7290649961698337,0.7477216527003081,0.8580063047370629,0.5697786320444755,0.8157379444357062,0.7116965412772633,0.8190835297807257,0.834449778650337,0.6337673417071313,0.7773133572999369,0.8155570356800247,0.8087950095275148,0.7877799046884035,0.6779112480185989,0.6931371969353458,0.662195267724615,0.8554045570839754,0.7884429158193399,0.7948246760707287,0.6294506556155106,0.7966397202738795,0.8633637071982683,0.615816042542572,0.746459374125503,0.6429650868455195,0.7579717925270113,0.7099008102429077,0.8380908833641604,0.8169239563426393,0.9291504405634045,0.7945922150699507,0.8338487802104274,0.7442292518351523,0.6896935348771421,0.8834762434690087,0.924325505354708,0.8705655699238253,0.8131228123129532,0.7025906445514725,0.9141628173426947,0.8579509315637013,1.0024878609329446,0.6845576049760094,0.8862566501247381,0.8549106504874798
peace,0.7657972799751944,0.9363834880203105,0.8402345148424548,0.7063106971538347,0.7881660983725591,0.7051141192896888,0.7531484284614487,0.8703826153539733,0.8989274045234217,0.8221212333789365,0.7249925123410468,0.8381608420395358,0.8723399637957637,0.6027888254760283,0.8116478775030918,0.7809810201600669,0.8953711255409573,0.83856891648615,0.8484351701472786,0.7518089033619039,0.8001651717132436,0.8943684969803889,0.7935120267029724,0.8174669555731574,0.6464042701557935,0.7931459963672784,0.5988000031893891,0.7483855130641743,0.80635155577269,0.8767030794484572,0.7000840056548024,0.8373684143470103,0.9468493404362128,0.7359256134284378,0.6452947078277342,0.8289839957057089,0.6808002993463708,0.7181001426526481,0.8923336941702487,0.9876899275376682,0.6999309883658515,0.7262580259984587,0.7560131037591181,0.7452191946474573,0.9933292513812035,0.7469432170312214,0.7612248085473872,0.9616177473174826,0.8576676311539302,0.8985899232949245,0.7093887126977609,0.7469820316824265,0.696028164232104,0.8801261546035817,0.9225243207783445,0.7400225630818488,0.7635758677095724,0.7679509934961343,0.6452776006721824,0.7326177922240347,0.8773266214763602,0.7124581495554907,0.8092981862204989
peace,0.6691981025535844,0.7855999088871133,0.7436678845413993,0.6778328516216233,0.8790386096155112,0.8846627361201019,0.7030461287764025,0.7783816535806273,0.804431868307245,0.6185238212872151,0.6602907273605968,0.9286284436366782,0.693487310349743,0.9258183108251696,0.6654586325616669,0.8658827777140403,0.7688696892489665,0.7829233730845634,0.9855935913533964,0.6745813365681319,0.8594798196261071,0.8553489663557823,1.1354573389166378,0.6922869179768114,0.7374015206496564,0.8815922285832555,0.7799736140798137,0.7536949043268251,0.8957511488323165,0.773343156369628,0.7108140929618583,0.8726210154761982,0.8375288008027861,0.7687153404394024,0.7639698481239979,0.7085093395059437,0.8725096855115342,0.7639892182745626,0.7230154096426331,0.6714444832808146,0.8392154357908836,0.7491417021087003,0.5987324686010929,0.6796731210355954,0.7766403064341018,0.7794462335082832,0.775645774962935,0.7617243888432439,0.6524146277263589,0.7125451475850949,0.9183776986484102,0.9036228126853066,0.8577951782344052,0.8489502604040668,0.8904755908065491,0.68792052625079,0.803292836675695,0.687973284935304,0.6897085530234727,0.8368064937746942,0.8946750439135875,0.7806150865577463,0.9649000432209502
peace,0.8211784327045537,0.7223214467583489,0.6913271448126328,0.9018131484184717,0.8128459115739816,0.8676047378169482,0.5342036739546758,0.8244672034346939,0.7488225811503764,0.6606240464083136,0.7937317657051575,0.9091813533654456,1.0266228286419719,0.824215240732251,0.7290853410038478,0.7230497443481534,0.89631323620652,0.7003125880847108,0.8622427379527763,0.8293681189959619,0.818310139188288,0.6431881410119208,0.7643041797773675,0.6541842208642388,0.7411752598683234,0.8917138661520513,0.9231057903355566,0.8213948649490885,0.7429659487566015,0.9588099332360419,0.741640936624382,0.6864313508190996,0.8696482967916784,0.8457734042569707,0.7457424089074159,0.8100225229569568,0.8442159988851774,0.8203678841051817,0.8458938954964581,0.7494285138440027,0.85262450442396,0.8017557837583282,0.7528189478463647,0.7754115237766726,0.7902098164075583,0.6554621662938721,0.7363340753430072,0.8064905515592786,0.6649008964611148,0.738007633818542,1.0384644978371873,0.6870741635178806,0.7616186087349571,0.7166282721471269,0.7883129996046664,0.718508165686502,0.7756756876707568,0.7281452964850107,0.9055127816369826,0.8081637037719547,0.699702734303678,0.8840796523832694,0.7041733383969887
peace,0.6435919811088349,0.7996957512567193,0.990726442433998,0.6172335871084113,0.6669012078430904,0.8752525663160845,0.735767860038804,0.8611948567246543,0.7162511093058054,0.8141962177409177,0.9744473925385488,0.680541035297813,0.9023760810137305,0.8679706796632087,0.6510755748901091,0.8558900523741774,0.8072806128862606,0.809109400991373,0.8336517566451703,0.7649634155584195,0.8070098958942398,0.8241452425040289,0.8746057938885529,0.6472838966621919,0.9290885896491105,0.6844709656940787,0.8761628464146387,0.8079445099272781,0.6718843657201303,0.8528145469704005,0.705459336080483,0.906879555515764,0.7289165161498756,0.6505013902394623,0.9533845105036296,0.818132367123691,0.8867191125761316,0.7148528121246633,0.61081894632918,0.9675202424087778,0.7993573187821051,0.8491351894163547,0.865659578059827,0.7664608946984311,0.8226229547615517,0.9593952592505445,0.796755877112067,0.8942101316419575,0.6008753019969378,0.9123760630319215,0.6477995701994027,0.9009408824033501,0.8390631220451271,0.7904079323926122,0.790041177879207,0.7747268906642666,0.7179330480556437,0.7794023721369954,1.0208059077509088,0.930230671078473,0.7128996821477567,0.8267687402327288,0.8095979163236432
peace,0.7857706556990329,0.6997222443362521,0.8445897984806653,0.8846071629914637,0.716610131493322,0.9955541417289208,0.9522003249235554,0.8548165558951233,0.6768280297331187,0.8401408625984562,0.8281978001564465,0.8513155276218497,0.9590464272289736,0.782402594538338,1.0047826579655745,0.840650434599375,0.7709536824338735,1.0399377206706413,0.882989190002009,0.7545266113042528,0.8084216588946442,0.8635233021854535,0.7849138973214659,0.8133907869044951,0.7182796396337279,0.6314805469192092,0.8106419322744712,0.8140027822225888,0.8527119591557855,0.7423810292893803,0.6659445705459335,0.7034675530252652,0.9055633756839825,0.7333388687792429,0.7557919014196238,0.7687586436168888,0.738072383071321,0.7306789172467167,0.7128876435366189,0.94006565745682,0.8680100683342931,0.9247820773150238,0.9449339756460838,0.5650120202567019,0.8343454642028078,0.7413821366101682,0.9116809644353349,0.7258528796757439,0.6945850243636291,0.6565954139346898,0.7697325089021199,0.8914945262528311,0.8256167216861312,0.6797351734863857,1.015265909036189,0.8649538639491569,0.8777410115757687,0.9285028827347659,0.6359784411374221,0.7088565861412117,0.8823011356924273,0.7189261671978524,0.7724986527744953
peace,0.7922259347168701,0.6722594611370083,0.763918281786636,0.8914503217351832,0.8729453889817842,0.9113014661967469,0.9009875873790797,0.8405873925702585,0.83266784983097,0.8253330760106619,0.7372952832746039,0.6970055276279387,0.73104026538801,0.7673970683442531,0.7344174055257224,0.8413831738483916,0.8201895216064252,0.8309323498720218,0.835140806591578,0.9195663937784533,0.79914271076129,0.9008369433834612,0.8516585357979167,0.9129633536635087,0.9614629834386572,0.8576649579979071,0.8103768249671999,0.8097307817443309,0.7529833920438161,0.7496227853423945,0.8902117163311536,0.7036329707552444,0.9614772635562226,0.784827674709598,1.0862077893122815,0.7306884573170384,0.8250188919980335,0.7648150729751582,0.7206915908456728,0.9063800350878719,0.6894445805602194,0.7323925493025766,0.8586319708914911,0.8744960810949405,0.6608114578772479,0.8581676885215375,0.812889991341634,0.7082276642138471,0.7211118464664447,0.59665485720516,0.9717444427797578,0.9015420414977008,0.6710854989821782,0.8798907672791796,0.7425977656050334,0.89148105363497,0.7503926430840918,0.7636645904892042,0.7711652732242336,0.7342644658338687,0.9399271375233305,0.8898526993081479,0.8109948538333279
peace,0.9024568163985811,0.6372928284754541,0.6771541221448968,0.8474554762357963,0.8735536555807889,0.8279407546255751,0.6117305324921681,0.6937665475662252,0.841659186650417,1.0426472289241269,0.9217912665058429,0.9577304298470773,0.8339725422190299,0.8332490980789378,0.6966514532743924,0.8951822053051618,0.7926818297458997,0.869273237546372,0.8030686352880936,0.827911842475074,0.7912271883701378,0.8224624697822893,0.9000076557545231,0.6733770470930777,0.6507077573684891,0.84258645776389,0.9440574297907618,0.9692744616801082,0.6775589782289928,0.7597126164597627,0.652078474555509,0.7449388373612881,0.9122848095049362,0.7987108216441601,0.7626125920376212,0.854508575641121,0.7204947910190529,0.9592978364881858,0.8007284972241474,0.7598205757040101,0.8586849234795612,0.8939286160211046,0.9595975240149259,0.7790031093741836,0.9086056522693717,0.8101211611899998,0.7388619979026305,0.7223188470995766,0.6903016556366997,0.7258306001110887,0.9115706621760085,0.8706709601786038,0.6758788344058051,0.6253609079785065,0.6887706844203589,0.7223263791752852,0.7696734289422992,0.9172863523008714,0.7452283141100333,0.9680499960177275,0.6319800107678633,0.7651367479237694,0.8785548669136402
peace,0.8847205252366435,0.7664286043611608,0.9001753433784198,0.8812196442506883,0.731788534068749,0.8314928468444422,0.8703613284076845,0.7389465232427176,0.9694325450269163,0.7164638053382357,0.8144092883294513,0.6750222683580492,0.810336019866256,0.6932926783929179,0.7705870858670738,0.6413402438678903,0.8799813400325722,0.8356280049741608,0.90874105536367,0.7652194835360164,0.9133847366880998,0.8039279645394837,0.8113167459428737,1.011405332535194,0.7515324035061397,0.922745903115485,0.8479684940547614,0.7428095107754518,0.6684309109536527,0.696691494954451,0.9130674797854512,0.9734399526836958,0.8091439903210227,0.8143881762621124,0.8776453433156487,0.8073302029353185,0.9099700037970323,0.8291622250663185,0.8135541313652443,0.7300787152505882,0.7054732920526718,0.48409119864547573,0.9234116799941872,0.7853392944777675,0.7599602655264219,0.6048292703614567,0.7359887234227649,0.7228313541717105,0.7205226912769226,0.8332836143152629,0.8122248553196004,0.6638704066380295,0.6702158900092667,0.6700321447669635,0.9810526087567177,0.949272262869163,0.7147701000900403,0.602340568000427,0.8128044243012521,0.8046940116237672,0.8316916986988399,0.8741373892477333,0.8451703953395943
peace,0.6883560468499748,0.8294041087164018,0.8853823575335655,0.7275998276996627,0.8299956468755859,0.7447219282532193,0.999616972094123,0.667317286113298,0.9155948936528602,0.6329187238574732,0.9793052685216608,0.685845093257559,0.8189671543989336,0.6370806813303196,0.6650018882978289,0.8897747047624622,0.9028162311469472,0.8239358932367647,0.8741081665490241,0.9044878742653973,0.7315823136200686,0.6601038565683186,0.7986296613797206,0.7422798814102792,0.8388621480200995,0.8548028612087927,0.731834920943072,0.8704108542966443,0.8654138375951308,0.872331757888902,0.7592207622989408,0.8779922164828575,0.8520002280675193,0.8640184644756561,0.9677788563088527,0.8327774189925412,0.7393037776002533,0.6889545469000536,0.9127936159993822,0.8357307676035448,0.9670021988320225,0.597044780879953,0.8910667087786442,0.7738862664579372,0.7646479005118829,0.7235192159851409,0.8899571013885144,0.8613536177283225,0.6857617974960559,0.8164921437925071,0.8706114330680471,0.8178010525925907,0.9107840300026939,0.7709961456110818,0.5745642326895526,0.8186717560768237,0.818062576940508,0.8311186496704355,0.9106979097967702,0.6047536746706694,0.776151669566734,0.7077342191998449,0.6791969611881515
peace,0.7927701000437107,0.8701822030280676,0.830094660485916,0.7312477577504239,0.7854528400456282,0.8929896444629617,0.8683129245060023,0.7447229986773372,0.7382503624336023,0.6283515839401003,0.7570588666417636,0.6264211069561484,1.0067069687386114,0.7144881843133291,0.9108980855313218,0.9818106207891991,0.8216201408527989,0.7899985743613094,0.6677634743944918,0.7495399878351224,0.9603965047869026,0.835125262962227,0.8028348207458837,0.9312123209175663,0.8696290548455716,0.7852126852220238,0.8216255835673597,0.7231934962568694,0.7438959353636414,0.7793701370741342,0.855747106237369,0.6752637027309955,0.8076240330422729,0.7610137839936936,0.7099070781533796,0.7615508450508346,0.5678596736949778,0.724241132597162,0.6900513117924044,0.7720083957399236,0.5720210177036067,0.8190892743509469,0.8909423296406864,0.7882703627770101,0.8498791873404377,0.7487269443598757,0.6445378876224127,0.8001691321285653,0.8680378376985219,0.6675611874392343,0.7534772723678165,0.7752883599095584,1.0851407645284945,0.8223371194719892,0.6094426421136223,0.5847149098157791,0.873049883026375,1.048503197599653,0.7719025515399282,0.7659180407941492,0.8430774176197596,0.7201703591654891,0.5455845379571327
peace,0.9037264389275687,0.7386817871598171,0.9050117865821372,0.723901320968932,0.8121779127460539,0.8854831947488695,0.9070350951071873,0.8232988667481425,0.8183239095799,0.8619706180179112,0.8464169534394153,0.6708819465828687,0.6727917645696159,0.5890940896979121,0.8766508000839647,0.7604270226289,0.8820197245376302,0.8403710573454491,0.6997573318429031,0.7879777566465221,0.7545177948335908,0.7390776519736438,0.8915287325493282,1.0510743470547674,0.9116203641743549,0.7973043632642597,0.9259507759956125,0.9712902650310804,0.6607629217689703,0.9224854761362531,0.8769682018743206,0.9188119056656501,0.8813287456016901,0.777227099246586,1.0032870644182768,0.8339598608582149,0.7565672979305746,0.8505978015040374,0.8972395901727861,0.8094761075861996,0.8393136383522226,0.8088367082103651,0.7339924266899357,0.7178175541372229,0.6597183713428413,0.9518020034046746,0.7776582751870339,0.4572424898244711,0.8396533079279509,0.8375827104507303,0.6133432317169605,0.7167603791666738,0.7123710965439072,0.7257732309207724,0.921277586170357,0.7851122451933163,0.7572765115183849,0.9122389942220595,0.8495347745183706,0.6259021742023452,0.7383376360832098,0.8321962087133946,0.7066109865987967
peace,1.0029554788421131,0.8112878763652585,0.7246623660422475,0.6877056356663951,0.8927527588035703,0.7352138063006044,0.8379924178291708,0.6848480643125567,0.8070197791524504,0.7364114102116539,0.7684605586524946,0.7203719199614543,0.9025626277808271,0.7508996024875674,0.7856542805080299,0.7904857719201256,0.9612270121633628,0.88903085873914,0.879068075827796,0.6422113376973699,0.7343607612397461,0.9188618715828916,0.682906918457835,0.808401354812173,0.6934738495739211,0.7035092744590594,0.9680785652864204,0.8719270641576389,0.8983140227794588,0.8783741480163779,0.7860711637770498,0.7308403292096103,0.7597909740582507,0.7808173545613254,0.9776286069327917,0.6663643568970471,0.7446338551381206,0.7087036633694618,0.905662319752048,0.9853788259339098,0.8308786359826397,0.8391015834843585,0.8091320923041936,0.8437478989281125,0.8773155162357628,0.8425640512886822,0.8498834328278295,0.8775414363493875,0.6221721898744933,0.8002008930145725,0.8305209042084518,0.8416148180519292,0.7829113738216047,0.8160751499797152,0.7280093595319233,0.622515526430227,0.8983137101305657,0.6865628396680497,0.7839546136886238,0.7250870367097995,0.958700927987608,0.7920355285491285,0.7689543537117934
peace,0.8747865868725982,1.0156474167608187,0.8405689527058089,0.7622580538368164,0.869659398135469,0.6427320931418434,0.8046429260064397,0.9993957654956412,0.8157747396685773,0.8107777656157649,0.8020636540357506,0.7604523719573801,0.8314490672364871,0.8775273011660304,0.7668179947509226,0.550924826169918,0.8465617505278754,1.0133126076520105,0.7623738591943869,0.6528836617243396,0.867741298473248,0.9743832264184004,0.8529373569715236,0.9724700054166511,0.8793668545625714,0.8706850985677693,0.7481999317257888,0.8285406890753217,0.7970529043282224,0.7936264279433349,0.7746134872048933,0.8225613467458555,0.6703655015863275,0.8811718399281575,0.7122254707219804,0.7749728774995293,0.8330559893035165,0.7072726581604488,0.6033536937694748,0.7616953322302493,0.6568902507416301,0.8712310932670471,0.6846496427457874,0.9485155563709162,0.7994207110764775,0.805917419459423,0.6019368671455336,0.8144862628850523,0.7919820083126747,0.6700910965074531,0.8087268338796809,0.7602076989192577,0.7783212182104641,0.8025881762194047,0.7528545786841799,0.8246456626948868,0.7913444517649038,0.8472768468386576,0.7471325406028009,0.6935080247066041,0.7291131471561861,0.9442656768851779,0.8955966526206747
peace,0.921337913259911,0.928271395817022,0.7533681942826798,0.8295811935408464,0.8075839002847963,0.8659538525591423,0.7710831754769033,0.8092974157091004,0.8072271477619686,0.8532262399915698,0.8655717221071599,0.8093671032340201,0.8123990784065809,0.8225898020748705,0.9646551420623043,0.6270002208683069,0.7030320338782192,0.8673679596445942,0.8269784398839092,0.8262749550150877,0.8667495498713357,0.8213992893123764,0.7440717521550777,0.8628809140108259,0.8020887162999079,0.7552422821110447,0.8690360624577912,0.8651033858282,0.8214766491600792,0.9717119153994558,0.9326826734770285,0.9001857194053803,1.056636557280875,0.7853536598002284,0.7535199670683906,0.8860363099303359,0.774736570200572,0.8011927715647823,0.7014080034249696,0.8606659457713128,0.652899275446239,0.7903561778840631,0.7984644262484244,0.7563961157580169,0.62427852413385,0.623536890622555,0.72538275933282,0.8539050328762064,0.8288924861441944,0.7983564641168859,0.7115411513982522,0.8341132221261108,0.6200970721961082,0.5603450517628022,0.7756928448784995,0.7453948619902971,0.9013171297647459,0.8157983777772835,0.9650735309999852,0.745178493130454,0.8486772291522162,0.774772287058437,0.9381719724131139
peace,0.779594955287592,0.8854406780145765,0.692238103547584,0.7584787356867956,0.7915956588072534,0.9263417539962802,0.5802813058991961,0.7667355553554221,0.76335198735727,0.592302647760562,0.7535964239253186,0.6459332868808707,0.5669336521962608,0.7737687171504677,0.7703854879196143,0.7755046417040667,0.8252858245898352,0.7120603176786302,0.9790856013445921,0.7966705991868497,0.9286430463061485,0.6320100758511289,0.7165470349908126,0.8686314805044231,0.7773435724322068,0.6926820612627034,0.6161370101355919,0.8733203672240365,0.8651602254948856,0.8243320691419228,0.7504093809214084,0.6886909972370195,0.7947018460103299,0.66846813963546,0.724841591943541,0.9261250581399549,0.6149164236868581,0.8677527826900368,0.9494195951449164,0.8816259719382654,0.8398212878426484,0.7536427153828876,0.7354111945565988,0.575186913393668,0.8037006680267315,0.7597759551270907,0.7301965591318094,0.7979918971120987,0.8062369480204655,0.7364442702632947,0.9613080783476787,0.8730602779112425,0.8896278558373278,0.7896697216360591,0.8511235732261143,0.7104295399401437,0.8666258540250307,0.7795597392686261,0.6978016464985675,0.7977233328780771,0.7707945969750111,1.0323069327220917,0.8435394248479912
peace,0.9579717467448223,0.9131287106358728,0.8037780599797499,0.7556280797069955,0.6259773418799677,0.712905644933526,0.8662753457754214,0.7697869614879297,0.8375820325738442,0.5969724848652664,0.8453514849097374,0.9096481557199286,0.6224241710193748,0.83715639063568,0.9343534653608461,0.9680086649339467,0.749650092914204,0.8779930344611534,0.9429789820005416,0.8401381390780379,0.9285077588996812,0.79641383466617,0.8394314143770798,0.7378390773537798,0.7835399842326242,0.8433716169876364,0.7303380674954233,0.7776413626859247,0.8760873680946804,1.00525575331761,0.5950561508351426,0.9976576667323618,0.7740128235577233,0.8964899869027385,0.9161092699991741,0.9564496773940547,0.7272038135270209,0.7774728691882202,0.7946403901047097,0.7642566157502656,0.931876097483914,0.7923172298988534,0.6381452335191631,0.7366986177686237,0.642159997330312,0.777166121330666,0.8672549674567936,0.7345523327696312,0.7596967035365423,0.7725234707661806,0.8140742493835246,0.8516082778635525,0.8807255427935369,1.0255516982936523,0.8123495931000073,0.8735793053979715,0.6412443252321726,0.7620817014434467,0.7729583106537927,0.6982685111012896,0.7464007268632464,0.7892515282344372,0.7495336625835193
peace,1.0601834187838162,0.8512275341577731,1.0001022738859338,0.9492651178834005,0.7360753866549614,0.8037560467419812,0.7565175378925424,0.7838177240713669,0.702356633081127,0.7558464670829778,0.8359518881533239,0.8333122056942204,0.8253403665216267,0.7940325175116442,0.886074242523694,0.7742956973921462,0.9391552339761616,0.6152402442982439,0.8656811023975757,0.8488371112247358,0.732543344274845,0.7644768973144723,0.8464790939109037,0.891593524714875,0.6250536831668894,0.8628246067654256,0.7542348814442443,0.9125289774298554,0.6160724786183823,1.0445298965121208,0.7113860066985903,0.9429961186789678,0.7930815380267168,0.7181333262799869,0.8265114005381412,0.902912544495637,0.6447295199255239,0.870158884928701,0.7987821501342911,0.8577044082566334,0.8010975357338981,0.7428131161245346,0.6886876748628121,0.8672645112047026,0.8667271992198835,0.8662272247690809,0.8427596319440573,0.894469887183947,0.9406069279769642,0.6123582152593482,0.5658202556130912,0.9717947359879645,0.6658953485414811,0.691375671321038,0.7712385688125076,0.6346028421286898,0.7618413302692363,0.7051894655877335,0.7766659130302993,0.8279841304907102,0.7656461774570436,0.7605952714602854,0.8257995796791646
peace,0.9044291797949948,0.9602964346921666,0.7781461745997785,0.9824889151923237,0.8876706834761247,0.6767991546026824,0.6738791744386325,0.742271214939733,0.9444603983359727,0.7498632684434464,0.6107643175493727,0.777111579111229,0.6019428032439593,0.6945014353063128,0.7412971593707415,0.8149668910924692,0.9024162326606879,0.8694135943371765,0.6820675201552515,0.7628287737834348,0.8076375588702567,0.7737792875553501,0.7730704774131706,0.6277256675345728,0.684726584886036,0.7597060150860727,0.4906774325054838,0.8640644320009855,0.6627320900288931,0.8686838133265138,0.859891600447091,0.7456306956887616,0.9000548325701538,0.8743197344924933,0.7691038529165359,0.7578240384808302,0.9097232785664358,0.8232013839407665,0.9044697168368143,0.5611025925647264,0.8098485097019462,0.6422590913030628,0.7974211492513237,0.8713820208345884,0.9739140145749103,0.7061833271562814,0.7474295194698017,0.7904467092924463,0.702546889853811,0.8978559728789257,0.7929905454634377,0.8121957023376046,0.8620173126774159,0.7928288483624591,0.7182460871824136,0.7936979761701534,0.7143818640486611,0.8107980889116486,0.8996937720801798,0.6825021707727669,0.6467628998557908,0.8049249935919675,0.7232200383256094
peace,0.8031745274411969,0.8320403520609702,0.5856313771071461,0.8689849427658543,0.6830331497044752,0.7977652049435311,0.7340617664561571,0.7448042985215706,0.9693957939617989,0.8319267520795661,0.8904688402953591,0.8150941354202743,0.8620013574654954,0.8417378362143453,0.8254456144686826,0.910715590916468,0.815650545384427,1.0285148572217706,0.8960531572812438,0.6860459302260311,0.7823450291017018,0.8397077599490669,0.8044496835712037,0.8686873418972169,0.8797016704833874,0.6640413014201035,0.9281077544716495,0.7503182534513956,0.7404095494135243,0.740087760729446,0.8808576405990584,0.7732932301852214,0.7336448355662293,0.7576040842556463,0.6205308341084124,0.7157836236048514,0.6760416451346901,0.773083066950411,0.8664193270273592,0.8553875900933228,0.9256750497546584,0.9033975817296621,0.7471403285081624,0.8019071400753713,0.7967443905778582,0.5848947317278114,0.6782740463090255,0.7832713322848888,0.7827103564859192,0.8512325054205168,0.8463641629535849,0.6229307497900265,0.8518596734457531,0.8178587206453765,0.8623373181644629,0.906686558764159,0.7857117027212028,0.924558823698008,0.7110599546106954,0.7054261879627782,0.8428772190135542,0.7631232454694821,0.826163256461897
peace,0.9992982119844492,0.8393495073503976,0.821216953886412,0.7130779621348153,0.6300020193375654,0.7927453384726489,0.9066870246608196,0.7677061992939327,0.840146249920537,0.9426497272718584,0.940151631323036,0.8428815887601783,0.8170106478657343,0.6481366950996925,0.736980535582306,0.7719244191981928,0.7147668388565849,0.8248453262952765,0.9911648183486101,0.9517761592661618,0.8243879861831207,0.8779434072024829,0.7271395684643881,0.9464089350668802,0.6438033404054819,0.8912828161086163,0.8495589710199776,0.7244140613245575,0.7791213243262063,0.686574729684394,0.6908359952197768,0.640894599937607,0.8767513902200712,0.9205344969426681,0.5838192136186574,0.9838305516151507,0.798799176336316,0.8289853204876838,0.6527587164414924,0.9320825750164865,0.8200250093166834,0.9138826239771299,0.9220858320647745,0.9334874422721271,0.7351719224147798,0.7792037992106796,0.7388297925270486,0.8895096462741283,0.8332889229363741,0.9069144864013239,0.9112738803057233,0.6272740509061092,0.9350770130553873,0.8950860957765718,0.7630775116814503,0.8349792766529629,0.7876330428417296,0.8616055678631176,0.7628603619295125,0.8478927241169109,0.8067305304659352,0.7567806096504696,0.819013624490206
peace,1.0706469573488757,0.7314463370174319,0.7750056408738432,0.733188760036697,0.7436783614472416,0.8815774353385358,0.8715882459636068,0.7994136496678691,0.9026296585269112,0.8793443295494311,0.7837665813973786,0.6466135258205794,0.8829783007949004,0.8169664621001975,0.8022223463700593,0.7533951979990285,0.8744648949116316,0.8348496252428501,0.7763171957197703,0.6774545452781089,0.9067929101880077,0.8604905223155878,0.8255402899945596,0.5343226004886003,0.796210574288394,0.7758796296524337,0.7381504314945659,0.8754235278564285,0.8714860034167278,0.8436824717192388,0.9037890914767743,0.6977701485966158,0.7546345943230693,0.8074792263185806,0.7377997980772085,0.8727169221703542,0.7477799151868305,0.9298370004446755,0.706884059824981,1.0131983649500618,1.0029297355602425,0.7905246853684655,0.9146170450925749,0.7599571939491393,0.9013286498231345,0.782402166854323,0.6714560101491516,0.44671818123211016,0.773128655392939,0.8279062508685293,0.9330316426036217,0.8036625032151391,0.900291013471759,0.7546058452778474,0.7662721030468556,0.9054035682528586,0.5535325515330729,0.8012983828902916,0.7600038650444135,0.9360611204852285,0.7471753705020181,0.8516584969570095,0.8921516969334695
peace,0.650740400586959,0.78606296917261,0.7568363565914062,0.8946293246829595,0.8675081840812194,0.7766797969940819,0.6952591949583948,0.9038146696020091,0.7932347223401219,0.6381623434332538,0.6467619601030077,0.8437633430072977,0.6724193807234482,0.9859647493603614,0.706292971564067,0.7999639274642725,0.8159111966160306,0.7270622260763154,0.5760172969422032,0.8190895097616228,0.7246760009897742,0.8116538427616443,0.7877668947761292,0.8263291248071803,0.956187012065606,0.7453816987272878,0.7531155345657504,0.6334202697246111,0.7804816048900706,0.8409869989274967,0.7516505122428974,0.8416430500405492,0.782249147451081,0.6697733762031011,0.8311985071183106,0.7794167866434983,0.8122757821409359,0.7433050116789583,0.7344597477009106,0.8157410807552966,0.7769400087957865,0.9724278249169266,0.8798730512161165,0.8545004259467689,0.7822519198498586,0.5973976551523491,0.7192405072382322,0.7352706547415683,0.7725015613710087,0.7966640500610047,0.8656074965485496,0.8273145561070065,0.9159203191469906,0.7688098026480751,0.8257162944170162,0.8343844227778802,0.824572628435859,0.9281890247940143,0.8803774322747193,0.6680596780498578,0.7885668900940661,0.7986026317770205,1.0151541063695007
peace,0.767020881875453,0.7017516096663818,0.8438325429476644,0.849698571962378,0.7926227136270309,0.7779738997029111,0.8948903956062085,0.714640184574018,0.7659046657131464,0.7477850137886612,0.9093894597620589,0.8285494203286344,0.693500590267873,0.7035493606737231,0.9873415123612151,0.9083217748107041,0.884155028152348,0.8012246940973343,0.950847324012041,0.6896595214021741,0.8752967512204491,0.7556726493474437,0.775110668034477,0.8725789264832388,0.7856442491318493,0.7565300140538742,0.7504842351912075,0.6013654254488876,0.8763203619275657,0.6993369927201207,0.9858409405659279,0.7712387450185008,0.9309439797445958,0.619096896731732,0.8731483021198599,0.8988555732511812,0.9303563634364435,0.6471961227213388,0.7297281362913072,0.8576509952756081,0.814844197884411,0.8293359642563836,0.7639713394190668,0.9550798615055691,1.0608465448279814,0.8103979924009089,0.8453421245505253,0.8056243745622818,0.9284053399047437,0.8829116284256812,0.6933619429363157,0.7387297989505355,0.6990703206994113,1.069482233219551,0.8635311783582069,0.7404313773890219,0.732444795937516,0.8805231272966911,0.8904920149659135,0.8798107713084411,0.7574442641350281,0.8305843644414178,0.8110915097633384
peace,0.7063739627561574,0.7073506157123979,0.8411965044543136,0.8196451081043659,0.8553351710842212,0.8791023038693718,0.949938262249753,0.7224095613883954,0.8630236198725383,0.8749198816528686,0.7687869587474556,0.8121863183569269,0.7713441443303927,1.0108590383357177,0.8104852690441107,0.8451505108711395,0.7736015703082789,0.7520365433749211,0.6697997338298323,0.9099868624725334,0.8768437497396602,0.7698903555560216,0.7099630096936058,0.8179908526420143,0.7502303193703032,0.7777957431367879,0.6736440055397116,0.8217069580648031,0.823700320198875,0.9094722884239685,0.7849258431367394,0.7666437522796165,0.6443239133882775,0.910096094836263,0.8892823116556959,0.8028738441406802,0.6670768945469628,0.6785472968911859,0.7452894071235711,0.8965225708866664,0.8290337635241638,0.6506642811118225,0.8404211914600221,0.7160853420829143,0.7477787773487855,0.8971738012521706,0.8765504083780833,0.9093099882825424,0.7976866480915789,0.8883024557866188,0.7413863736236943,0.7742434065394707,0.7673706775595209,0.8023865018224494,0.6713508913687922,0.7774995096876639,0.9451657301518739,0.6907471838188566,0.6670678718084968,0.6751311672337772,1.0661859444074642,0.8464851980870378,0.7729734615658618
peace,0.8068320413008137,0.8227639399246818,0.735955002427062,0.7482783251290898,0.784231686779797,0.7275244911765094,0.7603065392978812,0.8353091577330346,0.7002846820379901,1.0609949420947853,0.87531566108862,0.6729915261487349,0.5522096490899389,0.7312496714862222,0.8684360649607248,0.8490469894450106,0.7889151489651388,0.7398557538856915,0.7095868626008071,0.7597416928890494,0.6987620026172399,0.760112224379155,0.9330950935822823,0.7228760200750601,0.8610881283051989,0.8763423812984203,0.6920398681464084,0.7156628125440496,0.906894343698679,0.7074235960349302,0.7942514250789197,1.0039983822168526,0.8979832257061364,0.8085230451735567,0.8840730574531255,0.7944077914685982,0.9018231833203474,0.5953734568653529,0.7860734003625055,0.5913660093407178,0.8161355188231829,0.7763822101727301,0.936072984664233,0.8711827368597668,0.7473912312459934,0.7593783743419136,0.8380696530229781,0.7427439407446728,0.7967627213615456,0.931669806451487,0.7170869816469622,0.7552325634043605,0.7692567654550684,1.1158073426185624,0.8608242662507167,0.9132068339047843,0.8768125711878385,0.8835393865985299,0.8473573537332288,0.8365269200059092,0.6549255345531464,0.835786455634294,0.7891656407607043
peace,0.8545456902849495,0.7929140833359554,0.8763164292727992,0.8939932571149181,0.5087839975354236,0.7566107181834042,0.6142613094111874,0.8238944554641995,0.7699291622146001,0.9355828470586606,0.8207244661800878,0.7514470023536287,0.8938571539845586,0.7681797542172557,0.7502002444106332,0.8393625414641857,0.9612971389939472,0.8853551908239823,0.8566930965281476,1.0750948533521665,0.7267589963640508,0.7245282163057893,0.8145569480439743,0.9515026384104714,0.7058314023705398,0.975457259756306,0.6560877510591612,0.7878781949278822,0.817346566566865,0.7117368083682099,0.73787656350678,0.8796630479335665,0.9441555742511234,0.5885389637503979,0.8180236385459315,0.7886691096384197,0.810739635562395,0.7683233524383799,0.6709513030443672,0.9542296978044622,0.91593295983307,0.7896010811103118,0.7511686787526658,0.7390559370994121,0.541434677518552,0.8353820074602412,0.8780323590302845,0.8137902116109769,0.7913663565400247,0.8133383508486585,0.7146774019242423,0.7500444772629669,0.7833666971767842,0.8696676574764897,0.9378858373295113,0.7770852157027044,0.6955214462434585,0.8035646790763431,1.0011491112588922,0.7042193564866266,0.8885840747132813,0.9335960556120606,0.7639985140174514
peace,0.729927542228096,0.8574956682833254,0.8353216772804165,0.8694774171320887,1.0073709431489806,0.8167046553376565,0.6807775151043898,0.8066640002168425,0.8241556794205381,0.926716863708825,0.7803235604572297,0.7590932166304616,0.662880600383341,0.8547412792064131,1.1348207185538977,0.7777409015996062,0.845195495452195,0.7452167146685037,0.671871508000416,0.8434235939200532,0.8028188283437192,0.5614445856934177,0.961002871574012,0.8415964376337116,0.8073895550103605,0.7578023135907692,0.8405294110493092,0.8451395952416035,0.8401321373726712,0.906799304450349,0.9295271233833347,1.0005593063618397,0.7163157817551279,0.7426578486232783,0.8361182167041639,0.7220909141262215,0.7381984927627779,0.847522958150663,0.8900842354979851,0.9275927952778864,0.78073855862424,0.8463152963537971,0.8242757735893771,0.8017657445179986,0.7183990834791982,0.7056788910797479,0.8666674779955957,0.7167180620115798,0.6223081175172973,0.7968238676709812,0.945524030214975,0.5205149561597758,0.7711669726846488,0.8675214865326233,0.6176503566785199,0.7786667083798918,0.6860542755447459,0.6992821885993115,0.759758179229798,0.687685210986783,0.6793699296848188,0.7940768248457997,1.0227139060535686
peace,0.8757743317447857,0.9010532767038355,0.8797262438418845,0.7302486387320783,0.8310832229116161,0.9097694260942335,0.8828337467781792,0.8194551007368386,0.8520046494193895,1.0462873965169153,0.8839443217156346,0.7684840642802352,0.7925962993735404,0.6945848603408553,1.0347035947946297,0.9603869725443545,0.8083213036272114,1.0180820118766778,0.8632400044954978,0.7569153582384183,0.8906452540519798,0.8398643471796652,0.88378567782764,0.6630908140343783,0.7189685842802731,0.9488470830123176,0.9693137491564057,0.9415112726968055,1.0218646903586859,0.8577368298213863,0.8507083362830431,0.7086793098776187,0.7419468559153696,0.6011739077690449,0.7678513987632294,0.5941473911166752,0.9080966170863695,0.8388398868550453,0.597383075360391,0.7810136307836518,0.99676556223485,0.7874333849164257,0.7001629056362008,0.6214497730694759,0.6244353387556112,0.8535579967856002,0.7566127377675256,0.7649005858400562,0.7570253336556031,0.7859760050535257,0.6772837001296952,0.8316104993689379,0.6577293756243305,0.7244157541958747,0.9010827697665125,0.837620499972519,0.8685681846201383,1.0150388392817886,0.7940345989695503,0.8021460260024978,0.773567904414966,0.7556585852607853,0.6989409172606214
peace,0.8084064811195852,0.8355048606596157,0.8410770339192897,0.8064363826867078,0.8926170804819982,0.8029436690742388,0.7590698111766039,0.7073011818025483,0.6451024788422072,0.9460415177936485,0.730094537451267,0.7074332856712707,0.7582461771673027,0.7721611213466204,0.9638512435902774,0.767185289690883,1.0633383565401644,0.8063697204653183,1.0057028248971258,0.8893929281430721,0.8361037419844762,0.9577848133237488,0.91222297939403,0.863467908418609,1.0317594009771693,0.7501607288046378,0.7005086324038268,0.7323769258188046,0.9752273190083556,0.9450760021086096,0.7474738100519616,0.5645348712406134,0.7794154963621278,0.6986735691408729,0.7506064028510546,0.6945590952254082,0.6390461923020977,0.9883204368330902,0.7316331796056582,0.9412667803259167,0.7778629090153143,0.6869195795447556,0.8509068389929003,0.7608943143067071,0.7792898894336753,0.8144905934339769,0.7187787164251311,0.6378863645879641,0.7948730385265662,0.8963917702633836,0.7098408741088245,0.8153962266265635,0.9505507148549197,0.7910235112726153,0.8086094371795859,0.8055212353600386,0.731765557410694,0.7006645481566625,0.7010737630678926,0.8368183197007274,0.8757872361932745,0.8805082238437852,0.7621457146244538
peace,0.9093308540930647,0.8307363819510427,0.807074222179102,0.4660643337396415,0.7182590388393617,0.6478902097762724,0.862707350706411,0.8095033331930033,0.6928013613614892,0.8304362558467662,0.6576507633793653,0.6956236901732415,0.728977866913506,0.8540136321844866,0.9399441679203904,0.7413991551656065,0.9322458641608278,0.804740355061146,0.8236138160925224,0.7936195442272557,0.7802686246613935,0.8439300036738926,0.8740321186182045,0.7115388696364147,0.7810699530430494,0.9669275097223266,0.8177188654318523,0.8286693854429149,0.9167268538967428,0.7498755500715338,0.7966039378098748,0.881684489659858,0.9238902231278343,0.5634856706494586,0.7263331209104628,0.7001634693650726,0.7876174896607953,0.7077327223406532,0.8664105499509909,0.8172410341048901,0.8889190169354165,0.8953007957373569,0.8679086018415849,0.7664209448889976,0.8104277538756623,0.7539126094680199,0.6635264686030209,0.8953787847087715,0.7915935372730704,0.6497388035875388,0.8536949571087601,0.7776051082377252,0.5940196027379121,0.6626270727535322,0.7299388841338904,0.8210512058443886,0.8788019985050561,0.8753768930697557,0.8602862954930303,0.7965637628308021,0.9722232310598218,0.8699871243999887,0.8222105369242291
peace,0.8566588105730361,0.7600964996844397,0.7942756398965046,0.5918045960448439,0.7613252337522398,0.9759888015766774,0.8148375277287097,0.8106739777361612,0.8998604095149281,0.8357825415622377,0.7213516195743406,0.8023657512190324,0.6864780875321486,0.8183612170620285,0.7162250047596059,0.8928294612033745,0.7489759378228672,0.7175296090865455,0.7887168011688522,0.8365391819129714,0.6792668003160158,0.7478733402676414,0.8105162305693403,0.9338368549536528,0.5471284235706225,0.8615163203683238,0.7616434435593893,0.7505389653104333,0.7318873039864242,0.7636104416365744,0.8620817200911994,0.7463213528844725,0.9658592015813623,0.8623866784292405,0.8197972125152871,0.7833943882183377,0.9189854203828103,0.9336019686758316,0.6838617852745756,0.729810189460091,0.8634630206392028,0.8936680944444023,0.7699659451690732,0.7257555140287497,0.8078612625966545,0.9476693430745985,0.8041034260052142,0.6736059230174869,0.8109583227577422,0.8782748071229854,0.7898622688650242,0.9258166812483911,0.8865849035517486,0.7938241076303645,0.8043144019640462,0.6158240294816777,0.9210226724912164,0.767048265132969,0.7600043260723651,0.7450146393472583,0.8456697562490096,0.6871306999237341,0.7015827218287456
peace,0.7947474898300647,0.7373486668415132,0.8335233573373082,0.7410110720633818,0.9595036264375587,0.8693457506784404,0.8680886212378949,0.7395038246178692,1.040567967443945,0.7560988985725673,0.7286189722709884,0.8706742596955348,0.8195228132940332,0.7181615690758822,1.019584716208858,0.8975599498192839,0.8004005301267939,1.0401110131083262,0.8810780144288253,0.7988099030207108,1.0281437645176927,0.8658984733474206,0.861524526232037,0.7613652372839498,0.8049413485699648,0.7589307004135786,0.9439735746041453,0.6390585856582537,0.9365870433064849,0.7122657471302056,0.7942078796836488,0.7704783612175771,0.7479847513504794,0.8689784148135493,0.7994810786671191,0.7332301239851114,0.8153995530177794,0.7303913273333491,0.7462224500998579,0.6502736910961195,0.7549691006515238,0.8494204526394534,0.8037124917958037,0.9815063668973143,1.0612817473721305,0.7535781603679277,0.7166682242295712,0.9129816546358944,0.8335208242032546,0.9135874277014974,0.839883073120451,0.7805642153324226,0.7811314951781222,0.8432776778366051,0.7788886104285141,0.921950124319787,0.6697662760498805,0.9214143636061097,0.6126599252083964,0.8145102286361222,0.7668957269376452,0.648364429634882,0.5939980583321263
peace,0.6902485329894832,0.804568432656034,0.7397815871220282,0.6959051098828822,0.9352281082922386,0.6767815322071439,0.8679117331549447,0.7111002991617796,0.6877194066841439,0.7396161373077109,0.8619916047204111,0.662853424340192,0.8287455260506702,0.7039240002328614,0.7219233129753949,0.8400641589041066,1.0173482829944478,0.7088983010012402,0.8719880583657001,0.7687287622767041,0.7525256545203204,0.9071376009750154,0.715647718914011,0.6845886773205245,0.8460175795219086,0.9594783796486748,0.8749994705291152,0.6592982619263467,0.7384666956031083,0.8979598241576809,0.95811102179086,0.8228711325274422,0.7420827465892207,0.964601883936862,0.7925406414844832,0.739419142584564,0.7225067461824968,0.6804981653011145,1.08335804294566,0.9420957865460591,0.7343706683949722,0.9731825926721918,0.8533302173403151,0.8474108001319148,0.7282082969883972,0.7485872821854055,0.795757596541676,0.6034451005559878,0.7513179856600931,0.8004489631233427,0.9309518906467238,0.738345245393143,0.8812138111114474,0.5939506179928832,0.9167030175472736,0.7099653032888236,0.8130272969074761,0.8406343119179219,0.821017955735586,0.7893220241346035,0.6758483714626711,0.7110459081710507,0.8996431943221604
peace,0.7402622541206587,0.7896704406636508,0.6507913742909418,0.8858573361524926,0.668051695985991,0.8915962808602107,0.6937288239356565,0.9014508030327776,0.8010192915306327,0.744124260355291,0.9600401755448125,0.7931145007181768,0.7638187706744022,0.890911792759801,0.6519542888480004,0.5472834395983407,0.9157979973636877,0.7163697921347969,0.8864622425386499,0.8046162371778021,0.6836010535872522,0.8607282419674197,0.7589829809768923,0.6922659663693489,0.6948703627803248,0.6267161245828272,0.8403024882182738,0.7064599255554808,0.7965277872295146,0.7818277505487627,0.705844331882033,0.6477100285861179,1.053371082913013,0.7951467474021752,0.9823382952760298,0.916493678372679,0.7678834698509592,0.8180964637339809,0.8151915781967148,0.9844200688932441,0.8829833691643413,0.719272725397373,0.8351618836554725,0.8804314341420254,0.6824680951094926,0.8494149344805352,0.9345488956205121,0.7142527348374854,0.7280681432415491,0.916047250534734,0.7645763687093508,0.7017991586580902,0.8882273043034076,0.857685423672584,0.8094393907496078,0.9124582628448704,0.9195635243194556,0.7917177091177221,0.9974326387552704,0.9583389953426998,0.6015701550109391,0.6969882576566819,0.5744708180357762
peace,0.7675285005275246,0.6788781801699937,0.7185681601260325,0.9090568146782873,0.624517094026492,0.8129735741030814,0.8123676442480414,0.7917610712447856,0.8130778681979774,0.5767718289584239,0.7190445484202308,0.954300086525739,0.680312891449032,0.96666108135642,0.6593177588221594,0.647295936758768,0.7048221182735904,0.9129082968286919,0.7453879170250622,0.8345406988439144,0.8073636922017204,0.7945537817269681,0.9274118092607575,0.8771517940987039,0.6857096802837624,0.7724429216408336,0.9743439820030833,0.8319561789167936,0.649215403590868,0.656296109762321,0.8890145308566224,0.8702437317176064,0.7078634424862669,0.8747630178974347,0.9599392136719249,0.9457858839660602,0.9604278036822458,0.8555488775062805,0.7822340180870113,0.7597519919533164,0.7982613111387157,0.7123976695543135,0.764070127548097,0.9275119748297602,0.6390928991562507,0.6459330274308582,0.883053060441843,0.7649827075316525,0.6074356975441666,0.793866584365956,0.7795878415186392,0.7568915523508667,0.8685706026481484,0.6666804431208403,0.8012985414859595,0.7789027505387563,0.8037825227911705,0.626781384186328,0.7477351111859992,0.8019769191037228,0.8541159636297897,0.98463965054125,0.8805948388739021
peace,0.8461155200633416,0.9271474792280378,0.7696177553456767,0.9553928163634856,0.9119272790062116,0.7554122209357539,0.9923955175733291,0.844693531490668,1.0192968976061738,0.8303182254283307,0.7438070140489365,0.7232463356646593,0.7644256545267061,0.7428705057970334,0.9271388556958694,0.7971025755449749,0.6385977327437591,0.8213004315871689,0.8125513043110287,0.753139237883099,0.8267592021984271,0.7955890566871103,0.8633765367376567,0.8574978938683221,0.8364902856399072,0.6701144096229935,1.0119016728142312,0.6444014296667689,0.787129082318491,0.6905566648651198,0.8396338161660126,0.8138405724807308,0.7831233915379792,0.9517772783937852,0.9108495917177117,0.767288465690847,0.8804134641916255,0.9564680257838454,0.9101345039542963,0.7863781414532497,0.6409699098570484,0.8324647904919861,0.866861033539399,0.7230383099716479,0.8022545267058042,0.7917112191233975,0.9387710635805243,0.985381617559009,0.9175214470300702,0.791444431682389,0.9147716246947817,0.864878820583027,0.792510042361826,1.0092390289003301,0.72619815601175,0.8603908975609543,0.8839560645553923,0.7712501160476267,0.8559138187879342,0.8945497250221146,0.8244634420527914,0.8472495563342782,0.8105431122949022
peace,0.8797520111526711,0.7771021330806195,0.7688202216607146,0.8020560153849151,0.918366887419831,0.6252636851329016,0.7090630683289183,1.0275770048285442,0.82751884167743,0.7592963953037298,0.8794851835488288,0.7214972999797975,0.5897211087805013,0.8354799947747389,0.7269216165955171,0.81013897781299,0.8329400789838469,0.8142116169565777,0.6291004587888018,0.8026280842587409,0.8444601941364408,0.6599940736775756,0.6480826441153467,0.6930975414145604,0.8746764738760237,0.6001684253512429,0.8829773851144355,0.839205574829023,0.7742498049468086,0.6519370337599588,0.7203532455108782,0.8781904052010635,0.9256725201843361,0.6968637182358737,0.9141863510283779,0.8685875232708129,0.7993162802235216,0.7262144870359598,0.741860997872001,0.98229226161543,0.8178441814213058,0.932986834201091,0.8241557983288141,0.7547302074408567,0.8584090180435137,1.0157835072079893,0.7355883339513903,0.8913868903447353,0.8190508982287626,0.6550481983627687,0.6528126157160083,0.7548016253061454,0.834748858414092,0.8878372969688514,0.6429086946018766,0.8652697520157138,0.7881619744469796,0.800331378153255,0.8588611846032846,0.9746105320117324,0.8303641800406099,0.664326301729096,0.7812907487070776
peace,0.8852134023146482,0.8885043396916548,0.8665824374090307,0.7489968844660931,0.6632174702382706,0.858950775582393,0.6785763140402069,0.8693011016425184,0.8693289358694635,0.753230706326897,0.7887536710015848,0.8198677867119554,0.7385185326678891,0.6618319965889947,0.7960780722953097,0.8065032610479845,0.9361047363653052,0.7218007928372141,0.9068496173781112,0.6852930521073565,0.665539780030123,0.7699137555290725,0.7059090989390279,0.6641384192621557,0.9944330315814774,0.7548352363644059,1.0311303586756249,0.7005266201101424,0.6291453433367002,0.9291289718928325,0.7273343367739752,0.813886579819882,0.6644366514987118,0.7961886858069956,0.6628373930142908,0.7926092602289037,0.7526067460511521,0.8230267730386104,0.8625691371108812,0.8241079999199221,0.845104654216215,0.7890967324600476,0.7564681298434364,0.8470118682789568,0.7888552184121815,0.7926690217885857,0.8397744965446863,0.6966784401977483,0.9429611094094433,0.7750643419443738,0.8124181615970072,0.7955480552069423,0.865274315390212,0.833918167097084,0.7950076053130506,0.9448754116136873,0.4796654390795314,0.9242674380466948,0.892021540519096,0.6164183367197554,0.8929283217717253,0.9058467445559539,0.8561763489881057
peace,0.6440912556318582,0.8682652717564225,0.9007196856001929,0.7427793505219128,0.8441133855986057,0.7646792104480549,0.8885376990516842,0.7686493314772257,0.7419882537153988,0.7960703457330282,0.6658347879516643,0.786141801676764,0.8362092737358239,0.8869959269366352,0.82489567386382,0.6567398362913602,0.9352271138229763,0.9436158506374239,0.8112567255270783,0.7248058378851345,0.7468382063538455,0.7796477602281915,0.8278668456197661,0.7695514718490261,0.7141612466098824,0.9023009884216437,0.8257285888074102,0.6947627977564051,0.8291310456285791,0.8161870828779082,0.7281947088055609,0.9195049759610987,0.8134889206427316,0.7783378357917833,0.7916518251924579,0.8443916795854827,0.7927816585469897,0.7919456326961125,0.906596506832538,0.6581595672512734,0.674844686040504,0.8776963359991937,1.0415849787083635,0.8876495450152052,0.9864208796072725,0.7565628386284272,0.7362918821662182,0.8456533173246051,0.8953648959827031,0.6688449098717646,0.7786781627170167,0.7972982832355947,0.7321129784314626,0.7437778173454257,0.8843069301059193,0.8469684481090825,0.8798451421859455,0.8336874690372774,0.7126743323147462,0.8423103051839171,0.7047907097622492,0.7688246660965659,0.6963751345181776
peace,0.7389112207929134,0.8090478847354516,0.7542509395504678,0.7116837589975522,0.9137797471582081,0.7880408282622141,0.7472071953567077,0.6917600889298025,0.6128005114856852,0.7777952986268879,0.6621781296480029,0.8712036459360953,0.8029491194598529,0.9558360779138136,0.8223074273237132,0.727334220274035,0.6119992397631551,0.8806543863741757,0.670105173946461,0.7591855477310239,0.9674088246554914,0.8610983349048726,0.8389865454534942,0.894432244312011,0.8907049818905528,0.9580946431954172,0.7397820649531132,0.7623315846569235,0.7077615370938313,0.7967302363616027,0.7867767270829806,0.6245047762664426,0.7346099242905454,0.9439116534198967,0.8244208594887086,0.8715398618086714,0.7879455332149319,0.6112906475802159,0.7871364078170461,0.904169655752098,0.681431620875609,0.8747038926743638,0.6298168330707323,0.8020191238232331,0.854451845014663,0.7687887475730608,1.0472471540453352,0.7506809562911398,0.7421583762321798,0.8204492041855005,0.7245026864162791,0.6558662406184689,0.6902330225077784,0.8757986759547896,0.7695060441124646,0.9702020950501927,0.7558763754927466,0.8710510354732298,0.8510841979461871,0.7543849192819979,0.7121191070834091,0.6268196301074053,0.8553120779680093
peace,0.9198259732550146,0.6410069328245767,0.7629555065003326,0.7333081669807252,0.8551369150320208,0.7671347312047333,0.9322980570417817,0.7615606809033151,0.6763616540464096,0.7531194674789188,0.7641385399841247,0.8526099945494662,0.7626480944634516,0.8440096513400378,0.7209515727910982,0.7705323320205344,0.7214965723287479,0.7153358410323862,0.9274833557284012,0.7284870428540732,0.7652395217852235,0.904460445994943,0.8750001396271531,0.9641207216661535,0.8482801864504179,0.7399600610313942,1.00571446489559,0.8582080744555268,0.7845304661198335,0.8057465549700521,0.8179281579450716,0.7763188125210676,0.6624144398082833,0.9626721052246582,0.797816592382523,0.8183496512702644,1.007814405939448,0.7316714736782415,0.8655485324714105,0.7207701316430017,0.8321021162545439,0.8201505746251359,0.8790601097140317,0.9208168717690334,0.7420478908800329,0.9416674840723919,0.9487480938561312,0.7750014615306491,0.7993417418596871,0.7505649880050561,0.7694558786156362,0.6796524344749932,0.8777535772329191,0.5949706107475229,0.7302905149237314,0.7953837948930433,0.929979733042794,0.7454755430698093,0.8427851671102579,0.7919015885549769,0.8945118900472334,0.8375585748957372,0.8830209388039723
peace,0.7449365084845411,0.6985975105841664,0.8367128319053363,0.751227198096074,0.8030323871849973,0.831727494026409,0.9241907530654725,0.8786570643389999,0.731899032722603,0.6854977762242443,0.9707381104754448,0.6417340328025656,0.754749715230895,0.8645244820322118,0.9638761246950033,0.7810338474875805,0.8027342994270894,0.7124972578402575,0.8126616112135205,0.6849846020699121,0.7249715046781348,0.8763890554138482,0.7566423183138075,0.891724892205307,0.784649287335089,0.6631159907129186,0.9168365275711301,0.6684673914948112,0.7398212491139385,0.7800300918061858,0.9005828620659208,0.7473515177309757,0.7073282837529916,0.8162673071560397,0.7786034276773381,0.7532609400960839,0.8216485356487846,0.6796403784606868,0.6278159459034319,1.0138730107268257,0.8104186093361578,0.817418088196227,0.7218010619322923,0.8897698843494011,0.7466514739854154,0.5213852312219466,0.7432966659491369,0.7718586922075551,0.7829916395665488,0.7800988337255418,0.7355085383023723,0.7258478940296632,0.770202133320797,0.6354523912964085,0.6042403706189459,0.8098055489919639,0.811473487426499,0.8879400580053998,0.7744434689629228,0.6806372786892472,0.6060353184802034,0.7109803924043134,0.842251974405752
peace,0.9441448903408922,0.8054085412771514,0.6786410109663888,0.7120079397494931,0.7151294075935682,0.759401139843519,0.912089542499487,0.9198909450156783,0.7827744105225114,0.8183070110113598,0.7202442107126534,0.6290091555646293,0.9788338353462747,0.5677512949406461,0.6164159682335448,0.9796405855159647,0.8016615404670447,0.6874085092911958,0.8682703631089311,0.8773053306045978,0.6667314354852256,0.7467154623530426,0.8876245863705721,0.718309425362951,0.8282163738613832,0.9424812186366274,0.5607515168458882,0.7658751680671239,0.8261635998567489,0.6207950614056592,0.7470388609747532,0.9044498644141814,0.7295684851256111,0.6515673564114242,0.9130831823162262,0.8444501693530433,0.793114370849538,0.7901608172891978,0.9028282471104943,0.8294528325009229,0.8645612146268542,0.7307433605192916,0.6082644991193256,0.8621913700208456,0.9100927921666182,0.7775438032327516,0.8887756583793514,0.7664787206823083,0.7909300838681528,0.9752428788387273,0.7708479946293569,0.7649430607446606,0.6130020476792686,0.8690073159980992,0.7290158634545694,0.8147225011012693,0.7684960912567282,0.7554207284508058,0.7882270510138357,0.7959147660440592,0.9176079059635225,0.952021185669258,0.8650715102441588
peace,0.9271555913470857,0.8854147470746716,0.849461410193582,0.9455142935293445,0.6691525369074677,0.7315537798750764,0.7179098473143908,0.7698612083360542,0.8685900358084295,0.6884896547813252,0.8502799196811106,0.7412939081595763,0.7652935946813058,0.8200415663433857,0.96812481390615,0.7287652947745873,0.7919906606506565,0.6921774774402945,0.7278052283655279,0.6912658565075526,0.8244785087966572,0.842530876948878,0.8687049346723827,0.7246350289093659,0.8507943078545026,0.8113100078248018,0.7942247502748673,0.675857717249229,0.8153253499318116,0.8184956619911166,0.8101728444542234,0.840005075727721,0.8694595659069431,0.6901976691042281,0.7783303913571649,0.8515767601564244,0.7731605179124997,0.8959423557061845,0.8090178496692566,0.604507735887645,0.8839428919197694,0.788289677314467,0.6230289166874714,0.7747710139713203,0.6731635621385387,0.8753131285594153,0.7964159019853835,0.7076254635198235,0.881084805696286,0.8458525665996249,0.7764235262974643,0.6754402560463639,0.7157526206463407,0.7142542090293962,0.874649720326439,0.6319102714355773,0.7952765183436917,0.7749715609227914,0.9035539017775417,0.8232736557675321,0.853521028514367,0.7474639996269982,0.6769001812494739
peace,0.7674524024123508,0.8777162385926432,0.8774890631151768,0.7569412428884303,0.7139256195351442,0.6943320875092813,0.7863373397273439,0.8136551171719333,0.9473191512975759,0.8123330757618875,0.8613765993807139,0.7219532012095782,0.8041701004929125,0.8140078455536867,0.7859469472155622,0.7978181203130075,0.8126218467620107,0.8481036813094316,0.9169118043413762,0.573445220836029,0.9113737514138688,0.6289191883682024,0.8308762821036753,1.0355628969088473,0.7957459711574218,0.8180019139414643,0.7689740286079533,0.8667262347264937,0.8362208552639742,0.7323952755220929,0.7885646944815179,0.6881563496222788,0.7881058578767686,0.7580627813083264,0.8136540951590717,0.7290086102858061,0.7785568309913801,0.8008772775188144,0.8078417697956658,0.8274283715705842,0.7825832334719014,0.7213306341068304,0.8082073272649578,0.7821142174404238,0.9024645642107211,0.915074150091036,0.6627919564562978,0.8617154548417751,0.8817744161089909,0.6654168704135861,0.8579472818912715,0.8895954917766301,0.705035336212141,0.7763658376878961,0.8186319935820222,0.8570458060099279,0.7011560589552397,0.9157006697815613,0.5970651869934398,0.9323745548925501,0.8550267467789918,0.7378228488857196,0.886440584270708
peace,0.695220095639787,0.8114936054393875,0.8238504873808595,0.8236134813959015,0.7160282442884655,0.7503922827642423,0.8126744866150816,0.7273256257033421,0.8271452794276609,0.7385874031773422,0.9000000026077244,0.9562684950570937,0.7702535825342741,0.8920258760970106,0.77876954584234,0.7063568803258657,0.7574282259444838,0.8085569740756213,0.6213042335572929,0.8625656761445497,0.8086020848936364,0.9000543957469155,0.8608137553771359,0.8119948317163889,0.7644165064650538,0.9522861721702988,1.0169872686836035,0.766085059494019,0.9042293473702552,0.7293250341034698,0.741231404631094,0.7613755048501502,0.868468268760635,0.6925086705660942,0.9549964227004235,0.893787225737303,0.8661515205428881,0.7706185333997312,0.8829487589856742,0.5082637138696935,0.8440901363492499,0.8160122067662746,0.6113784434782106,0.840625298273217,0.8590891725876073,0.6146267255165822,0.681322858234792,1.0064389151850952,0.7813646453897534,0.8975626059498387,0.9126801924289676,0.8393936813995269,0.9017241351189279,0.5887111641835282,0.7769470588319343,0.4919401272826073,0.6253906335432753,0.7453985503015053,0.7334615561003819,0.804141028914248,0.7979349488397011,0.8133742429981232,0.8174709648630679
peace,0.8332922724602971,0.7040955322588038,0.7275207680636199,0.7963121940705248,0.7978657049327077,0.6918072634703701,0.9081559381013051,0.8724800677550826,0.7140283314636872,0.7791633987083315,1.0009539650797117,0.8160577037834282,0.8395685955200066,0.739106444886887,0.7686887891471659,0.9511325985783403,0.8113294427292537,0.7929071781127119,0.8007641085936467,1.0545382788415185,0.8039807503147886,0.7169923300786399,0.7344649098384762,0.8780756002388105,0.6571518873353224,0.845058298146423,0.7276182472350557,0.6141230443547993,0.7019927783086406,0.802753380967866,0.9395167393492817,0.8913329411946638,0.7706309773829247,0.8972187069818094,0.7643220170760946,0.6533488415254111,0.8021087635632677,0.6494066004993215,0.8791408307485062,0.8805880089006878,0.7120030060469738,0.8145597506825663,0.8136049234191441,0.8871963381767242,0.6754931746016153,0.8599487523568181,0.6683230748994491,0.8777188737672871,0.9062697401333146,0.7330408606360108,0.9219128866541539,0.6425967036981212,0.9099583445210548,0.9438456238162641,0.8345815194151532,0.780447421897064,0.8312419820099923,0.7396241631268874,1.0624626679162745,0.7413468709565709,0.9317401169657319,0.7258772582575859,0.959680827950365
peace,1.001232858175517,0.8385990811019344,0.8286657268567151,0.7043420975215422,0.6924332390431716,0.8297914605165628,0.9458192477181121,0.745179751085097,1.0207929217794187,0.7389854060370162,0.8229391940749972,0.8232016466403657,0.7898465624764484,0.5956172483673771,0.7380926899569105,0.8199639292302873,0.7904014904019787,0.8636202659402783,0.8756835911991853,0.7759921538821091,0.7037569627684555,0.9548317705383413,0.6644537669484348,0.7404692776567852,0.71500400760262,0.8746457621802108,0.9317021974480592,0.7826306624489056,0.8229776760334913,0.842877182098915,0.9804004098588861,0.6226426557786823,0.8744221899126929,0.8376524747939503,0.762916047475418,0.8326226735720296,0.8740828975829918,0.8583162712482804,1.0158500605916299,0.8127481587793686,0.8026905183290327,0.7818701214330226,0.8552978837145888,0.7967941738514053,0.8013209145064767,0.8017829860006257,0.7865391430509907,0.7391327197847593,0.8418106538196911,0.7714952434983382,0.8613679502820444,0.8110767628927997,0.7613425123670954,0.9564830405035065,0.7897687414453024,0.8622823014561807,0.7300017094007899,0.5974460668868821,0.7433000832322953,0.5862551293600207,0.7763137133180752,0.9468647014539054,0.709471497792335
peace,0.5893956142405812,0.9500256991012528,0.7524645236675749,0.7984261617831313,0.8788279969131078,0.852317276498915,0.8750512419611869,0.8900428989545425,0.6253885367410545,0.6585652259859981,0.9171169662628842,0.7218260856908314,0.7327354155036441,0.6737157477835682,0.7595052110652518,0.765068393631553,0.7062539312314843,0.6946917255124256,0.8318663092175707,0.7192330733111572,0.7393687743021738,0.581372165322592,0.9938200242531026,0.8941824029474701,0.7505193946673059,0.710091906434228,0.8010888797233126,0.7983466410402347,0.6724033430485353,0.5449463771077641,0.7473924092483332,0.6436625469100488,0.8171379946723543,0.8178081566660675,0.7026787301658092,0.7465415732344547,0.9763041691978084,0.8775128526270963,0.7547747229291096,1.029195932693598,0.6803062588028356,0.7187305275183445,0.7889485829292073,0.6468992934623685,0.9790309164627847,0.8183152038709282,0.7210051143100206,0.8447786951404762,0.8146055848297892,0.7695348915874154,0.679148483317852,0.6563788074470893,1.0186800997443228,0.6647265114890003,0.9697965519351376,0.7155240852384045,0.8790032567540322,0.8465433090080781,0.8665418700296417,0.8732014272240191,0.638843437766249,0.7323654007525824,0.6631952040782286
peace,0.8189301060847598,0.6676655667875774,0.601895282292678,0.7762522663456426,0.5790920947512554,0.8258738194720957,0.6742370476622259,0.7159420251919772,0.57195840268423,0.9650102213808547,0.6537085113021921,0.7635998765452106,0.6208261407538754,0.7164332191619228,0.975182178102421,0.8297476735265348,0.7276369003689421,0.7965826520344537,0.7439440943313389,0.7907579420172414,0.8743868719032961,0.7668902010092962,0.8219991473925105,0.8236495497648255,0.7673854352702257,0.7264074010329945,0.747481664339554,0.8699185251535078,0.8782416704975451,0.6862205668731529,0.7739010665611992,0.7247078130897666,0.8799952429716141,0.75287969602201,1.0200923817571368,0.8217897389897053,0.9181996454223222,0.6985389173196634,0.8011722149085866,0.8616173098370224,0.69666997581782,0.8020342711810577,0.9051859032200537,0.7672549992076515,0.7148247495427376,0.9802959455472519,0.6828254698353702,0.8155890628381588,0.7291723661663194,0.7063165761142448,0.874165708270326,0.7794464088337463,0.8405886465419699,0.5744854278874806,0.8503119781962061,0.7279404088183667,0.6121148048841731,0.9884739554787176,0.8601013526494627,0.8227277412679599,0.9249418849739867,0.8247569281388536,0.7201385989856395
peace,0.7825032389517623,0.7321633786807948,0.7499647107175291,0.6742296334140759,0.702997942419968,0.8894585532668675,0.8332075438803248,0.7496986947468491,0.6971968135536866,0.7594603021192068,0.6316150197032931,0.8126630599424353,0.8945471481992565,1.0366972660059024,0.6896741277435882,0.8903802445950609,0.7292788554302124,0.6871543709948988,0.6871101871144023,0.8140735726426968,0.7069206376306731,0.7393154228706516,0.7559598669262738,0.726003216010109,0.7187415447300854,0.5570840237481525,0.8086953290111869,0.8067671489558452,0.7202655150264489,0.8360384270388371,0.9396907532065687,0.8023579832834284,0.9330257779156228,1.023813192042712,1.0530524689120275,0.6811763913489999,0.6816936993581331,0.7555570003274289,0.8128715201259841,0.9586651999843581,0.8627241221090955,0.67967128703275,0.7388342591525672,0.7957999792034486,0.6510840021854505,0.8013668457540915,0.6811564408940755,0.6349278866442628,0.7053014720530386,0.8411021054892336,0.8404115710986519,0.8096653916687441,0.8991613660540878,0.8885583234213434,0.8204381342070278,0.8066381850025705,0.8129546705220096,0.7852354820062919,0.5825657273372324,0.913548484481982,0.8397522831893677,0.6783672554172939,0.9427816619272438
peace,0.7410020131787229,0.7892230997341378,0.9023575595568254,0.8220139358389589,0.9335375841915899,0.7647898500957211,0.9691173211280336,0.7222197100167478,0.9317622329309618,0.5734890781100603,0.689980794866585,0.829796613848932,0.7599554573856893,0.7925251380097438,0.8041650920160711,0.6809097391872946,0.6884070385127433,0.8232122048808421,0.7333667048178221,0.9341033858961169,0.7808052844567216,0.871875124310683,0.8442851669307108,0.7398838942827315,0.6019671213047628,0.9184941367621048,0.7021090923302857,0.7596241944521256,0.7849157558433426,0.794898843189632,0.8961958662539019,0.8005824057923278,0.787264590974067,0.9018455956545014,0.8600652371886786,0.7264429554019345,0.6852844622521167,0.7176300224800081,0.7950780249811785,0.6753946224829578,0.8090753047162469,0.787080169020966,0.5457480967689439,0.6593824813732705,0.5114249756315847,0.7656096938955691,0.9074013645346001,0.6109342044571996,0.6677713180206636,0.7836262132726819,0.6936246971146572,0.6931327232933209,0.854159410617316,0.750510455542708,0.6513275112602019,0.59122841099429,1.0208407770063732,0.9128309054562671,0.7548366653937983,0.8087858011663938,0.7511468937903012,0.8510456730791252,0.714578563228212
peace,0.7456826783523177,0.8455400840194497,0.9453859104446408,0.8741415094662105,0.9233913877590928,0.7687582662488821,0.7376989592623057,0.6061618860918077,0.8072198357341285,0.837904703135644,0.7699994604272795,0.7223298673900266,0.9243403439843132,0.8631804277196654,0.9312825450519012,0.7046420904983797,0.7291765873451977,0.9203177243251597,0.795265292024421,0.7430895888321446,0.7500484976237161,0.7988919473865697,0.900295181583541,0.7839487147908412,0.8790532830177779,0.8467377776846049,0.7121660959819027,0.7120870632012877,0.7549733408068522,0.6663162345337732,0.7485861144200607,0.9513433416731385,0.796860966417263,0.7233547333912547,0.9915744651820478,0.7069382680273797,0.7038117033194613,0.92294856818067,0.866131805960032,0.7869941147473614,0.8831908899989162,0.8300600001229167,0.6813807584261174,0.5602415292985694,0.743265484829271,0.908492483589828,0.7571529911653385,0.8460097198349245,0.8184485448445068,0.6306499705385601,0.7593604306293684,0.8358879330446579,0.7212853744495633,0.7637461842972049,0.8391747092097112,0.8072629999142981,0.9046909740924716,0.838367091316348,0.7044150001597984,0.7522453286070464,0.8020296284226277,0.9338415076514042,0.7526474369717695
peace,0.6267431197601973,0.8440566903491189,0.7244401751656001,0.6714698680425032,0.8018803012825839,0.8972867641808304,0.7426119460338981,0.849657388718263,0.8681913663042433,0.8791796493666629,0.7267727690381399,0.6878917942066615,0.7015246895041405,0.879097467212247,0.8667393154670813,0.7042849399299665,1.0132644026343636,0.6923636033412834,0.8999464084700727,0.9519665439205212,0.8109757605993365,0.723027615641917,0.7252121972551654,0.7737909799637126,0.9080870778068034,0.6800124187300153,0.6161233967587225,0.8362054990569304,0.8581612751259081,0.9967969446799269,0.661768102473327,0.7865193388037762,0.9161837432120479,0.8120862167602733,0.7804560810938477,0.8789905496929542,0.7400611035793402,0.8851410841954149,0.6746436807809725,0.6480568296717104,0.772641198108767,0.5436710213103433,0.8084699636712903,0.6267438657295289,0.8282420520566377,0.8185459438116945,0.7932037613835183,0.8436408667538092,0.8204197468614087,0.7706999396668729,0.9831006980477133,0.8393310693552444,0.8771908087310878,0.9073079743972593,0.866814937904209,1.0062832918924807,0.8166006884821196,0.799303865416394,0.7350427912193385,0.7743726063440018,0.7268775430948838,0.867721191300154,0.7087683752681362
peace,0.8073792169898129,0.8559546934302376,0.8150323886595221,0.7104085124430073,0.8698944914005985,0.7914660291464053,0.512728778355355,0.7016648309416613,0.9401132236402734,0.9484321841514685,0.8526111210065198,0.8784068976958331,0.7221706018742136,0.7739855581260942,0.9235366600459638,0.8425915242562074,0.8064948383887052,0.7813191457106982,0.9174472001234708,0.9122032153550147,0.8649671750768761,0.8066275066082562,0.7643243514233212,0.8693013719684713,0.689809015502552,0.7105430152413459,0.6548908639215061,0.9235229777993126,0.7279333375870656,0.8404007786751626,0.7874442479290473,1.0897538990121935,0.8441905454035837,0.6137859240754657,0.9175435756596584,0.7612849036394316,0.7799072198050947,0.7327487736989957,0.8195612518638463,0.8182513137674822,0.7354522822351373,0.7491855479513572,0.8101286133088317,0.5657268513489938,0.6558502529496298,0.9669992096098019,0.8327820944320242,0.7475091013259221,0.6303917168463165,0.7943683835053523,0.8985192091781106,1.063920610464994,0.9892056424995698,0.7113061979871464,0.750420046861571,0.6528500769763328,0.7158344933376048,0.7787156836875249,0.7632863003373856,1.0054567306579432,0.6684643057523785,0.7954905550812104,0.5936540237703357
peace,0.8330890780487734,0.6658294659324051,0.9102626308382793,0.7708974106984708,0.6598015731717107,0.5897298246442042,0.7021362511390329,0.8239380890742839,0.8421513647156462,0.7501562018826727,0.8925797043432969,0.686425710710493,0.5072940157491431,0.82825536507425,0.9290095812683384,0.9299333673657744,0.6700190759384665,0.7455306812678442,0.8723820015740508,0.737289389204123,0.8105384860608494,0.7283560104189718,0.6910611242538627,0.7103626348593243,0.8955725192951232,0.8013782764630875,0.9271881638405558,0.852042069495442,0.9606465231480943,0.8818068192958737,0.8759340830246705,0.7879512101364319,1.100920657649665,0.8112698219894535,0.602657663087412,0.8268033539613967,0.701770775676257,0.9017021521601616,0.8725816758180939,0.7808486350067348,0.711210698655684,0.8146425726720804,0.7358766192142946,0.8787803992783837,0.8556015714258046,1.0935966592493436,0.7554885461349076,0.7696574371515357,0.7845224326063227,0.7889014465728919,0.902707893796148,0.7723654354937868,0.9972381716143496,0.8582275109725702,0.7514263952011976,0.7258754315019329,0.9040872193408458,0.8028520151886811,0.8009060053756756,0.7401519773575882,0.7938554319079493,0.7361045149197228,0.9361711456225998
peace,0.8717060152255398,0.7825231160699226,0.781053191694727,0.8092174168239218,0.7994459761127868,0.7043063820690832,0.6099225871615018,0.7202299333558971,0.7871482509334969,0.7262166802282509,0.881933803039557,0.7770846864099247,0.987357357502862,0.7438505741770851,0.8140716798701557,0.7711138243830216,0.8439778057734822,0.9065751128997044,0.8608280958927097,0.5969203730533942,0.8499861610472867,0.6989121857718962,0.7690230821583722,0.8689329186837338,0.6880239091584961,0.9155948007485051,0.7646614100448768,1.0170937372918116,0.8068677825793763,0.970534274265177,0.919767922453351,0.7388894917945503,0.6698309272366478,0.8113627361237546,0.7417356881477826,0.9579718780087007,0.7753140828327377,0.7699596041481226,0.6604101539262981,0.8419217013079769,0.6825777718053168,0.8442436912880715,0.8580091726498004,0.7250324888025635,0.8956579931017713,0.7725124560708763,0.6528756304095781,0.9545287340313693,0.7076529425925682,0.850707054126648,0.8425794474047245,0.8389184673924345,0.8371861915930136,0.7029812363439998,0.9691349601502721,0.895624915020064,0.8475056731250401,0.6667023764484371,0.7021632124344567,0.8657456626689164,0.5996315888303183,0.8338703859940371,0.6668823202614379
peace,0.7131968222490388,0.6588932392332404,0.8246106415782303,0.9116361451834298,0.8348017523812685,0.8457833048922248,0.8167958896154882,0.8682693510870639,0.8467085614250015,0.5284901806002819,0.8906306737661644,0.8801151961960901,0.7637687169341594,0.6025793272267308,0.8242474025634408,0.8326660804136499,0.7559516517439157,0.8186699724346692,0.907184025797037,1.0397521718295168,0.8146903672915866,0.8333913681353242,0.7176211124814607,0.7498607954023422,0.7863957369628521,0.9177718035390598,0.8818957756028059,0.9929353344007963,0.6509773824339791,0.6676265029351027,0.9102082935235933,0.944886037631449,0.8033128121670933,0.3534396136471123,0.7256470838101253,0.833549365214939,0.7100587013422267,0.8185126156937717,0.9898555448871977,0.9426132819595001,0.8808892245370139,0.7935550721161843,0.7505331942099609,0.8757751315277474,0.8025394652500227,0.805970443937237,0.6448784387118973,0.7285469617774107,0.8751860467316814,0.6898933159251412,0.8265707098602457,0.841250359486414,0.8470887815754019,0.8560264216357689,0.8627726053140066,0.7376206907957471,0.6532345436338827,0.712646458761665,0.8729921196904912,0.6799153406204306,0.6959389320115493,0.6953855999242327,0.615402554525674
peace,0.6852995633868201,0.900039691332367,0.7283235347284439,0.6251061843445654,0.7488356145085417,0.8510547215893668,0.6169227235116338,0.8953310309766012,0.6559019184640922,0.7604516361013315,0.7591734890004384,0.7438559893244474,0.7935198301518478,0.8778560353976699,0.7959198418696791,0.7394326339906737,0.8457348684760896,0.8207263728622507,0.7330496440073174,0.8042301422084366,0.7247657496792411,0.7134261271603057,0.8805801214149906,0.8446958806569156,0.8770379635236548,0.8635128501151511,0.7112780740945948,0.9001281930066793,0.7702392889718078,0.8929217823267217,0.7874883390028704,0.8313163087879323,0.8343227928947018,0.881320038528439,0.636545387899113,0.6423602287290573,0.8671710865102177,0.8356362464993363,0.722435635181138,0.8364308909016742,0.6592039789896099,1.126428951086901,0.9311571386827944,0.8622302677407874,0.8075630370677487,0.7381271955194704,0.6689813760654126,0.7886177372510577,0.7140239364304876,0.7198558151346754,0.6583243360225457,0.8249663051931105,0.7623006494177107,0.853507157482587,0.8457098793654788,0.8229464630079663,1.0659440258054182,0.8823705513565545,0.6739433989350102,0.845873644792147,0.7945981257031511,0.6658469429173534,0.6578367119923358
peace,0.845320291727957,0.8697547534878566,0.6953742800675474,0.8970167053194644,0.8284914396815284,0.919585915694252,0.9089620398339243,0.7841563084597009,0.9635599730102096,0.6875883909879533,1.0390294504950697,0.7121214319514105,0.7951997268322321,0.7432811701387237,0.7623209012120261,1.0923553662513963,0.7537279312588923,0.8851108372292922,0.7764597088713583,0.8936550429587748,0.7455840481629008,0.8256132093659172,0.8628698300472742,0.7278188546663519,1.0757725924225592,0.8680941043233799,0.7774029045482624,0.7302765483149308,0.8091723023626982,0.6784001989386531,0.9782295263849944,0.843125377240108,0.7912013932588605,0.9045977854356713,0.7278485221914033,0.6844040413569563,0.7869866928271263,0.8127543649469591,0.8530586206592771,0.6523722083567773,0.7543683169980768,0.4916535206831445,0.6817650829093909,0.8715261533700405,0.8961025808574735,0.685799546468698,0.7675395450925625,0.8025606155127994,0.907811013884211,0.9529094866516991,0.8153082255223023,0.7739383344417768,0.6556306391299366,0.810806923456106,1.0074922501490267,0.929019254993732,0.8174858296258906,0.8303377808700111,0.7311483638547944,0.7642864371223478,0.8147599175584349,0.8150634340318443,0.901074993290306
peace,0.8962082932741297,0.8520566780211083,0.7000853821800712,0.7038584678818197,0.7112108529715415,0.8235520289206663,0.5973678945243859,0.7993724927535378,0.9408642716454136,0.866682603468064,0.7649272389054217,0.7301744586250221,0.8805715284776683,0.8306055366052274,0.7753567547417259,0.7410969121093859,0.8076382989687274,0.7696963236013012,0.8784379569916715,0.9241169095978717,0.6632750172157285,0.677418042747116,0.9348056187648732,0.8165818942663956,0.6868349363211159,0.8983251606660643,0.8341685099888834,1.0203245761924893,0.7764698322734459,0.9108703997068713,0.655116556086724,0.9396027550163573,0.8944160058211155,0.9604347433793773,0.9110580317508736,0.7900951814124323,0.6828873435963142,0.7397947099635963,0.6238849612801881,0.707910096881629,0.8425861349208433,0.7952247121174814,0.7776409859867779,0.7206897084052503,0.6227600989141715,0.8182083113237251,0.8379160192468644,0.7008436439953285,0.7466559729836281,0.954213345408943,0.9159497953573634,0.651557543827105,0.7915363612769245,0.9454955682372252,0.7783579002692481,0.7731056811592838,0.9092737626743077,0.8987069244275216,0.8935303345380601,0.773801525082587,0.8662888016275048,0.9494745513955221,0.7950126301531424
peace,0.759659037868633,0.9230072639089636,1.0045439802897125,1.0115004883565824,0.762548850022505,0.7725959750503109,0.6970837666863451,0.8118052324414798,0.6925881068542483,0.7473366558292507,0.870112979816239,0.8389977410139398,0.6189278694832974,0.9570292298274387,0.6913003912848263,0.7039066076120997,0.676107784823555,0.7338716661435991,0.7103193621334173,0.7127566558811098,0.5535727948268556,0.8129927392053814,0.823206516781556,1.024440673789221,0.848634099766556,0.7503410980281855,0.6799285021526579,0.7903723540200739,0.8448722889392559,0.7496651380680955,0.8061016026348573,0.9897354094058821,0.7615889872960837,0.6113224445207511,0.8873486787391436,0.8314321445815054,0.6291007988742087,0.8427643677276295,0.7002136450862254,0.8441322402364406,0.9907263509204292,0.7823030665656779,0.9083271199036487,0.6771512682147623,0.648058085366232,1.0017370472395672,0.8307815013556338,0.8636669941161338,0.9152022302845377,0.7472185190202043,0.8825116359762668,0.8673544162308817,0.6705195179217636,0.9512985311412687,0.9306860515979534,0.6716282760962272,0.8200286441461795,0.7768920263087057,0.9418307469925938,0.6589387993881389,1.160241502421053,0.7825515830628126,0.8738445166181191
peace,0.9387498332002804,0.7804000656829856,0.7885058114404722,0.7497169106181373,0.7114534373868883,0.8271859147792722,0.7864733319825046,0.7490625801674504,0.7549036051966299,0.8576233453893143,0.7202436470649456,0.7753035231607771,0.8898667391789107,0.82472254700693,0.6950440733641391,0.797612893125303,0.8437021621142969,0.8989272191236243,0.72446213332551,0.7441470277298866,0.7304840011279804,0.7354479800608212,0.8405004715697115,0.8594489129883649,0.9050903492883084,0.7908825090924232,0.6594677045220525,0.8669470164457463,0.8159143678407584,0.8059969479316004,0.6716596511688778,0.780416413639466,0.6806345213874282,0.848196498844576,0.757010597129616,0.7480465603635442,0.6462844516910968,0.9027095869684043,0.7741435368770645,0.8086980770337758,0.7264509909307446,0.6349424940033346,0.7468374411822747,0.7628458662227287,0.8292760020914843,0.7644967589110868,0.7281651140302722,0.6496660602857667,0.8048453495422748,0.7203439806229133,0.9320806533765699,0.8150146661338102,0.8562102840032991,0.7751211333710829,0.8201280289767912,0.7109284684229747,0.6821781174330395,0.8015131077348557,0.8570391655201076,0.6054188229938423,0.750089650919596,0.9842122107888392,0.8479227551669956
peace,0.9537646033690499,0.7365955048211416,0.7542094235005561,0.8966733320344508,0.8623520355378326,0.7905615423940315,0.6737484190731495,0.9156851962226911,1.0510228147527712,0.6428133811703247,0.9403619149749439,0.7531698857342629,0.766653134896185,0.8269639487538334,0.6794476720860003,0.7962861555055615,0.6388746372197831,0.8476082489778205,1.0233722037963169,0.7360468510836338,0.7831256661708289,0.7880521823927252,0.8986468593991003,0.8405572369051801,0.8920346010351929,0.7493764664797627,0.8433569004819796,0.46321942670641425,0.866746257198903,0.6782207291204737,0.7672406118500075,0.8745251108644205,0.6463910167380092,0.9089432798222026,0.7875695188711276,0.9453115486287239,0.7097155840964213,0.6187212275653051,0.7971053284661962,0.8587076067847242,0.8670936938810222,0.6864511864072764,0.637536692988009,0.7687676026098436,0.8516443990475591,0.8465786782106322,0.9572126336472145,0.7626544798582583,0.6155103561775311,0.9196666438284236,0.8195195314110755,0.8282187910500911,0.8767090392106585,0.9263643590368662,0.7976980015849798,0.917655163332807,0.8552136264141785,0.7344417608692001,0.7766761527831489,0.8616744023398506,0.7291175235756105,0.8886459102136453,0.8158183500847207
peace,0.8381618239099818,0.9440505323550152,0.8356566877576198,0.8071411853915313,0.7917411536891878,0.7865343040219258,0.8312299364203608,0.9363322984116416,0.7388223739665831,0.7312542861329037,0.928503989519803,0.7433853060141447,0.8216094866352704,0.7408202535184135,0.6320515541643541,0.8198225193291963,0.9115167894026052,0.7937945148207276,0.6518341436743772,0.8109070583050416,0.7244048611354608,0.5380494916754239,0.791911627827646,0.8517684193888033,0.9177705478131917,0.9756854739962142,0.865093567738651,0.8933567408605594,0.6715434549921934,0.9621825801546254,0.9267360181571551,0.7632884515033477,0.8681660125287843,0.858106818344861,0.9470213510550394,0.7848892227840116,0.7253767362299989,0.7510001630338656,0.8896795983363868,0.6080129589857666,0.5002926560756498,0.8894249006967979,0.82748054641553,0.8018463336303178,0.6694453372011544,0.6290110235404712,0.7365470916501815,0.8361695099369681,0.7414244287232795,0.8900100200242023,0.7045940657979708,0.7480654926840417,0.870320105468437,0.7623084983515435,0.7672650039677404,0.7356511546351188,0.7171059259197152,0.835417735389621,0.8483706294644626,0.8227148437551283,0.738381639444656,0.7798508100086627,0.9595934783421177
peace,0.6578916622900434,0.988589128042864,0.8099719846117547,0.7819873610023497,0.8953378338801677,0.5932733930941633,0.9380319574579752,0.9857725828948382,0.90879728674591,0.5897714631089284,0.8764167797800483,0.9645998558018685,0.9542748787735755,0.6591910752773606,0.9016356831603006,0.9795570402779148,0.8029465718646019,0.654729877721028,0.8828652592724935,0.9053857968651751,0.7860791835674098,0.6809276544136176,0.8981872084036164,0.7231191134378242,0.8397346726538871,0.9558166355012947,0.634120190304798,0.8907763997969254,0.77934179696802,0.7819346716015425,0.8514316434532827,0.7228615968585843,0.6824980863071357,0.6215805227969322,0.9231762709419216,0.7628327814891037,0.8569940412357366,0.7514967925118345,0.6838239496625045,0.865231260993914,0.8327962573724823,0.7763100846012574,0.8301896063441468,0.7039515443755997,0.9060599774555312,0.9292394638534476,0.8759304571336921,0.762801424090633,0.805934679468341,0.9568836448134763,0.9281166217611178,0.9993869090508726,0.7219481146686827,0.7129787716012868,0.813437028758211,0.8406895757296301,0.7857710834940438,0.7610315572164594,0.926739518282913,0.7909267909452861,0.6784788582081677,0.6900310913064476,0.8247064325133502
peace,1.1002652484911688,0.7024056256254821,0.768512593132694,1.040480477526604,0.7515719270161532,0.8455460841271406,0.9875910722591231,0.7048521319096178,0.7690739777978439,0.751563406636546,0.6482104637032808,0.9569365945688627,0.7414595661530134,0.7123754324178109,0.7555566111929579,0.8928831405154106,0.8112893537007881,0.7208333694569636,0.8409149844915053,0.8812594697748573,0.7976235412097243,0.7765239071134341,0.9015875938382221,0.7820814753486559,0.9608191506290024,0.7242365127909689,0.7219086534239209,0.7096203219915654,0.7761153543310018,0.8002504061366319,0.6674364090427186,0.8096757267914186,0.8565354187285956,0.6534508445206971,0.7478828573619115,0.8567485728568981,0.691058073412408,0.7684021478086538,0.9088183568933798,0.9795182763126019,0.8439915211249127,0.7830746714172386,0.7498601979364273,0.8910754098771548,0.913340639911567,0.6843564202882352,0.8910426815943933,0.739295369827378,0.7140444226047757,0.7846355796449572,0.8991613242562365,0.8309405324839673,0.8282331664790817,0.8352441653999682,0.8467658018690362,0.7885848782473536,0.8631888765391986,0.7340317804024965,0.8651007650945529,0.885698534783399,0.869913659456698,0.8751028831694099,0.8464865640230146
peace,0.9173442915342614,0.5728386216021338,0.8853745957565162,0.9975457527157876,0.7378104525041143,0.7266270141637496,0.9286319012973804,0.7073260660520718,0.7333275687424547,0.8169948519697797,0.720104878984694,0.8875024501993559,0.7209197877742821,0.8360633347706681,0.8284482462996506,0.9663888072408471,0.9165301866295729,0.7470472458546347,0.6735507593527754,0.8837968841977437,0.7346609165246674,0.7664323262096249,0.6940172309936364,0.8679011930786833,0.7353506883562493,0.7964958311697212,0.7980496934107535,0.8183560619913911,0.8661638501719648,0.7757179628105779,0.7258572418113458,0.6140455366244554,0.810262962936767,0.7843000959381972,0.7289527169879009,0.8062552462152537,0.8855982672614886,0.911188808494718,0.6464862581575609,0.7639138698984665,0.8961025212398428,0.9596041034523024,0.7182736346841583,0.9378322929232578,0.6649903717765382,0.9148284563119946,0.7718243667794659,0.9562823265643751,0.7535968783744706,0.7690109273239661,0.7866607370796153,0.6462949845277107,0.623752732924134,0.8510154193040712,0.8988462347353358,0.8607577502841104,0.6746024385821477,0.8480188745072043,0.7009796026296296,0.8407652708223665,0.9131299145202438,0.8367466853335019,0.9468533902241932
peace,0.7850012528647256,0.7783350678695635,0.8067351297780782,0.6657358916201259,0.7597048924382883,0.7684866830259935,0.7716000056713119,0.8268291167163413,0.6519670880176709,0.68543860161395,0.9132069596638471,0.5992751775936191,0.8616371068872845,0.7626440319202317,0.8160122481663452,0.9558098785333939,0.7868817214134678,0.862538800550577,0.8058566967681916,0.7890623830246696,0.7766824702159638,0.8701058348506228,0.726839813387866,0.6867976811448737,0.8074474973431088,0.8192784003588496,0.617584183460104,0.7989512571389337,0.6773123078785489,0.8626843107447821,0.6196315144103367,0.9925075829863089,0.7661801583364173,0.7135038051512688,0.7717027539631807,0.8556270858633892,0.8890470089234938,0.7725688689975163,0.656130958518781,0.6787702866377819,0.8286387698740746,0.8987327129510453,0.911747525158412,0.8168092575410782,0.8967299566181424,0.9912349217592001,0.9190347712736293,0.8922037901404372,0.7193442816907716,0.8962619620428004,0.8461232477888747,0.865064562836714,0.9261106278944512,0.8358557848368191,0.7897453669338538,0.693013419233908,0.7703483682354676,0.8212852267162685,0.8277619340182529,0.8243876298670324,0.8959509859761045,0.8865364700217122,0.7937911758543403
peace,0.7152737892544052,0.8383357936777572,1.0246337547615456,0.8321242775279044,0.7704076047626781,0.8535836152467161,0.8595736258761274,0.8584650600405777,0.9372880195045701,0.838609295695347,0.9325412235410349,0.8230234113737511,0.9512498267508874,0.9206735195739605,0.8921799411552901,0.8789185735762901,1.030151767707042,0.9076617588666432,0.7150682995375488,0.8245900551468321,0.7735283231772738,1.006447631679795,0.9251437559595458,1.0031951024621086,0.7240005471765218,0.9101674678549964,0.6635471016963967,0.6407867665862018,0.7603043867525906,0.9512375137495706,0.7007384959046088,0.7983188153176757,0.9188842868205886,0.8846413161159303,1.021618657871286,0.8003371992209861,0.7558370455369333,0.6905518918921023,0.76320000598826,0.6896401040814096,0.6203554720090386,0.9963392581342089,0.8048906799275393,1.059146687122913,0.7160711563327516,0.757119139129599,0.7224630988242895,0.7359243935007236,0.8873603744209444,0.8566323966264375,0.8875409425417762,0.9342271592151941,0.9107355044167484,0.6991510255558013,0.7476181436330974,0.8121482810071639,1.1727833344763188,0.8772400142131376,0.810668880840679,0.8673274721745752,0.7396885945589146,0.8262425511002305,0.8954662184810073
peace,0.797100431545866,0.7243446745952813,0.7922125947320309,0.7680423391403817,0.6642872580329103,0.7428447839807393,0.6607187213669556,0.6763205109503976,0.6859055512133531,0.8953451298225863,0.9489165063359501,0.6463920322961774,0.958018366627449,0.6873405827039454,0.8746880093972359,0.8258558570766306,0.8635851544712854,0.6834256947189038,0.6187642717327895,0.7197091589867429,0.8426868649960657,0.9956904175485861,0.6970276402313921,0.790116251335169,0.7250920801490381,0.7982773817223656,0.6069214638970338,0.9498043335389902,0.8024036078286306,0.8917165663986085,0.7767797976630892,0.8190628076126943,0.9128872492646747,0.8131716823094225,0.8167706324115456,0.7206058957374502,0.7465576438320901,0.6987184362159065,0.7261982411520336,0.9251229110464168,0.9808609310007139,0.6752725115370609,0.8395171785036776,0.7682308609799556,0.9396968566715763,0.813486021817792,0.7992524295259132,0.7255230687840265,0.6468219960907586,0.8760938482749488,0.8352978574751444,0.837744414052043,0.7400672897341403,0.7854231554489962,0.8791070986113584,0.8982112629731113,0.682152838408147,0.7366651929498603,0.6610116577927858,0.8201264412593365,0.8884338312103229,0.7721284482950581,0.7337143369000286
peace,0.766469814619471,1.0306313314976487,0.9191928099923549,0.8730997172729661,0.8320067895582672,0.7987258535380952,0.7093367835904621,0.6938309575691969,0.7432089323486789,0.7046220120197967,0.7392187037980155,0.7898104373880422,0.7974698411437042,0.7379618724615526,0.8495209554640205,0.7810993627851617,0.821469863117818,0.7255409615066426,0.8692872554510008,0.7465153899748417,0.9608554236738657,0.7775008645908833,0.7905315938505476,0.8593588486342227,0.8811850193454986,0.8919593680191331,0.9775588033013971,0.8661885523404034,0.7933013511155285,0.7470354084598183,0.7866171716800322,0.9484016490428884,0.6613033696977632,0.7180991883540906,0.7781013256466438,0.7167684530453261,0.7591228015157852,0.9806234538346512,0.7701906960370041,0.8411648565162946,0.6341803150004265,0.6897562730681537,0.8932683609622002,0.966802843854489,0.8221410597288524,0.7693983740610335,0.849616163088881,0.540256548378125,0.8229121343518043,0.6953889399892499,0.8794092982224042,0.5807701091819056,0.737162402409072,0.7959024161892005,0.7238208817044046,0.7624515599811859,0.8904434350676509,0.7975503985482743,0.7069419195035426,0.8940400066007792,0.8250980869071163,0.8292487479584997,0.7107488974771896
peace,0.5452393327337948,0.7093868766643628,0.6992131421964517,0.7386703042819278,0.7158144334007696,0.8112698509046966,0.8880877471045703,0.907616142735288,0.8837211858363629,0.7102375024188295,0.805890079331984,0.9565165848170053,0.641526566702709,0.9348230044425132,0.7003896663610321,0.8293765287584083,0.8412785116969029,0.8189913036569471,1.022847289420258,0.7699168099528708,0.6360512125076359,0.8356447067526845,0.7829960015275541,0.8554801208219173,0.8882095241873733,0.7966310328295537,0.8436310430642299,0.8144237932237031,0.9791887444074712,0.7629438247132335,0.7312929801990138,0.8880730903111229,0.7070820184657284,0.8392157805582546,0.7830410846330846,0.7898679315458067,1.043730462401017,0.9234086744922234,0.9021579533319433,0.8530570640476973,0.7308485878559825,0.8261481686737722,0.8583324300828671,0.8198985430139369,0.8094750327343961,0.7602550701210595,0.8273458649681283,0.7474428648546474,0.8703423179567261,0.5984228798842364,0.9358743566449943,0.668833409813211,0.6932744975930443,0.840885418562168,0.8539941830354663,1.007827797640437,0.8296284529309126,0.7959545234007166,0.8191299378542825,0.9590487761287778,1.042439999066438,0.7815199701091015,0.8542772416172113
peace,0.7925610815504474,0.7905733658746135,0.9879050623864768,0.707426827613651,0.5665718791116672,0.8317444359046554,0.9201006528762075,0.8219896626251031,0.8502203551208012,0.8752393381126894,0.8110911073409606,0.8556307623448326,0.8539611898653661,0.6041395402760513,0.8113866893729792,0.6427217167040502,0.7961828494892578,0.7504719051160567,0.9034011254367829,0.8244412759209998,0.8473192846088229,0.780854928203775,0.9052181262606364,0.6402674659477267,0.7104497547878661,0.9286307121608803,0.7564351500867816,0.5854167994829115,0.9452641276613886,0.9076936071359798,0.8710969406610733,0.8094406006951703,0.9660747018158697,0.9258618429062502,0.9547856068792011,0.8695500480447231,0.8122795851251082,0.7600835128985202,0.6731076157534128,0.8502045615466345,0.8585357334795605,0.7650218668092676,0.8613681028116634,0.7667822168400856,0.8867427691346961,0.7117892706857282,0.6944888464991299,0.7759421272781353,0.8828785395502288,0.6841214535340977,0.9049687019009196,0.6357411865614788,0.775325412440571,0.6586923872897359,0.5390100635816768,0.8366451804775255,0.7822188891368885,0.6602901067169511,0.748338614201522,0.8441825226929315,0.7631850333010831,0.7801318884431602,0.760154342967695
peace,0.7417697868570041,0.7404662725256923,0.7375302633704265,0.7246857123926926,0.6982705402309197,0.7620287682282172,0.7360072147671983,0.6928301369484307,0.8766014655356953,0.9232635971916716,0.79998972253966,0.8066472987930839,0.7307436034130403,0.9067031356790998,0.9738181115076341,0.7836206170974339,0.7478553471607479,0.8341475265954845,0.8128931044038389,0.7499844524542711,0.8471195833032351,0.8938157607389898,0.7214181598675221,1.0542033979715604,0.6467057842902173,0.7148309273659099,0.8233968030302363,1.024687311837655,0.7437409308319376,0.6934253687404414,0.8549241478428746,0.7751405592281929,0.8665255694954432,0.792921945009958,0.7142833457870045,1.034887597041423,0.5045609400919281,0.9820238750349772,0.8933261904233928,0.7254410708472786,0.9872420104833766,0.662858080075574,0.9008110962007525,0.591735488695289,0.6854121807029625,0.6851638174352124,0.7249343339571201,0.8011581115378659,0.7174023635891843,0.5963589048302211,0.8463450768700679,0.8048950922927479,0.840892734089818,0.8171917909265978,0.8954235281985166,0.7924517646838897,0.901252063481031,0.7224303351898773,0.7281329620661148,0.9376039395398194,0.935566865822729,0.8573742142780834,0.7110892087140193
peace,0.7030367564704244,0.9328063962361272,0.927266492757816,0.7936420642329876,1.0341884926969853,0.8458900071946139,0.689280062596888,0.7724368900332109,0.8005470578005374,0.8086398636749114,0.9250003217851708,0.7043711087335641,0.6668487700887784,0.8602323683005095,0.7493015491074146,1.0423506123466826,0.8943220381475633,0.747460354765976,0.9212853738784207,0.8730410795083006,0.8633697147463278,0.7877756068411508,0.8420450851638466,0.5897042099407336,0.9317089404222052,0.4563937610331978,0.7557876905974086,0.6404289446805966,0.7499148858768477,0.7925882727587895,0.6803206466083789,0.5225522757360759,0.8207065724141058,1.0086439782027896,0.7648719833149994,0.8959330956225801,0.9504384837556887,0.6099962075454202,0.7542724848521679,0.6723614388311199,0.7193722962021837,0.970201170114663,0.8223679486424192,0.8788823601045175,0.7956100894036215,0.6789447354264456,0.8678115697218707,0.9252575371442822,0.8317374216168657,0.8489124361759935,0.6765198613633217,0.8706863633149227,0.9346013822926349,0.8404585474271454,0.6203216754123108,0.9635629500775282,0.7055176106356237,0.8387786826889911,0.8952976268560919,0.9079618322050995,0.6199943188220155,0.8117217256072938,0.8051021610882609
peace,0.9439028187726513,0.845872354241063,0.944811766104496,0.8539917599885154,0.7925833795438784,0.819385942153816,0.9523596917102464,0.6703068164498751,0.8905954510120533,0.7372384008779214,0.7157520915751298,0.9023426366616174,0.7116912744989007,0.8377074716925326,0.7511058577840235,0.5643063304103527,0.8477715980104349,0.812632127295679,0.6089919485585182,0.7301410458461138,0.6193007883287696,0.8731689887296413,0.9387993202710097,0.8849490605046186,0.8989130156800091,0.7482169594333187,0.8546928011110375,0.799093136985784,0.818531451608882,0.8957431460454524,0.9175487420647237,0.7610243610361485,0.6592355188644952,0.7812595465307144,0.7780726714686116,0.8284597880014157,0.8832995918464124,0.6085418034515944,0.7329086448808525,0.7036111810682559,0.9250893788691792,0.7791629106647613,0.7487116430438212,0.8538301692446578,0.7406993649083977,0.7984805223203151,0.9814071200112027,0.9786290323886644,0.7592615676937181,0.7817638197840423,0.7380971499269195,0.607413472495983,0.9036189345096719,1.0421342116671766,0.7556550562349227,0.7183206272710729,0.7727153203659994,0.8085046047828586,0.686446988979312,0.754152153901587,0.9014897253938019,0.8127380634467272,0.9270386028128981
peace,0.8364767852861502,0.6911082731227082,0.7423986023280241,0.8248412063554482,0.6877410724038893,0.6747680267089393,0.6807799446634275,0.8515804387813817,0.7633759984577463,0.9182441631092948,0.7103579617053364,0.5542599732046152,0.7869294881196786,0.9647555030393821,0.8034569416948606,0.6627906756867131,0.6375723403793254,0.9197901913923491,0.7192563228558089,0.954179532765653,0.8654093448851284,0.7230431285595316,0.9167136844311642,0.7076102846736732,0.6552662887555002,0.7133254606655555,0.876873665159022,0.9137966989001337,0.7603972737132089,0.6131688688860855,0.6443233538871944,0.6932354428140637,0.6706003120749876,0.8265430376064566,0.9938115844724452,0.8795776574025588,0.6871769155009261,0.7305624234333445,0.7500709320701193,0.8389214166993086,0.9571254735852011,0.7532599620549146,0.9538777291068189,1.0103910958422229,0.7650093133711275,0.7624355378938692,0.7639380632608884,0.8062489985687887,0.7641820903218175,0.8884177461389307,0.6451168719607219,0.7465377904703888,0.8329174673072236,0.8870084507160512,1.0195285063680741,0.6710974772369059,0.7347957585812744,0.5733593426772663,0.6890130992647137,0.6231074703065957,0.7478702604935672,0.7771634407358369,0.8469454239837562
peace,0.7701400469680079,0.8469937080412154,0.8114074167093943,0.6966676794249818,0.6313726294159122,0.8583681999896067,0.9646502985014508,1.0535385011682017,0.8935454701234622,0.9457515211944063,0.8461459704038936,0.8302009385590212,0.8111001023791529,0.7894190355979136,0.8607076555429135,0.7479402918635276,0.7852557548412809,0.6822033717035612,0.8474926669064909,0.7040902458853499,0.8033744990480213,0.850049109364238,0.8585891431369814,0.8771508537815436,0.7786708474851944,0.8486063779389688,0.7513374736887797,0.6029126286989777,0.853030927374156,0.8298488106864143,0.9013323502899137,0.7974711287128399,0.6396836634282589,0.7908369215635778,0.8886580564739729,0.8476034808796428,0.7853255427105165,0.6336440772086818,0.6973983045096077,0.8477238861851368,0.6334842847925721,0.7681755085243165,0.8038422178976422,0.9149937155840062,0.8614490551130541,0.8962811232823964,0.830185332403261,0.7154589017788509,0.7386339532091454,0.7067340360758722,0.8590780841926206,0.7306077781077442,0.7605999686971517,0.8022491238186849,0.964131244658128,0.8657133907943231,0.7227146575398891,0.8151847657232894,0.9651311760495839,0.8615179328428941,0.640174764050094,0.7084760571362236,0.700806449749688
peace,0.9440729825359969,0.9256281235863656,0.7374963022214386,0.7353419780192672,0.8044691782662284,0.807466904609346,0.7037674070677002,0.7750869325101457,0.6546396730146791,0.9272320704911037,0.6239669487168321,0.6228560578107253,0.843503945451193,0.6763123762165946,0.749903504186546,0.8063172861102617,0.8675300829866838,0.7778917882051126,0.9779171797279794,0.7999561011340092,0.9190794708258743,0.8278555780366494,1.0131209758007331,0.9058363503924189,0.8043469775472614,0.8628830716907482,0.7739184144469069,0.7729100161644883,0.6696589171964415,0.7191738397532872,1.0060971385155721,0.679596862872142,0.7344507287216362,0.7906281323040898,0.793959070524743,0.838372581973096,0.7530879291885937,0.8445376366996338,0.9142385441146725,0.92666323439815,0.773248819936316,0.8611343428902964,0.6853866377858812,0.727828395472767,0.6826266601309459,0.7954255311240349,0.7140780723640057,0.6479306441195206,0.761399477741885,0.6271416224219049,0.9327193103646143,0.7442476938756727,0.898531607363813,0.7507932509965028,0.68050621740494,0.917552397135592,0.8088703583107739,0.9886909285912298,0.7533477073766786,0.7555069700433568,0.900479084221911,0.9011752650499045,0.8153430386514652
peace,1.1335268189808145,0.7719439207679649,0.6730536763030983,0.6997444959419286,0.7725260510640773,0.9518775005491651,0.781365613785332,0.9566052098366138,0.8434425115378126,0.9083369296360517,0.8387168626626804,0.8379248006621938,0.8752710601106075,0.7433291517914256,0.7444286455452512,0.8349546986164595,0.9941111475506024,0.6459246774733021,0.5970814380559973,0.7736256163771388,0.9030847080493745,0.8051376085680182,0.6830670153184956,0.8079093496866389,0.6267026787116842,0.8628917060874175,0.7690891983546909,0.791796750045457,0.8427185470511143,0.8205688917376109,0.745874042626889,0.9033612837646472,0.8796932564639054,0.6225715807775736,0.7769757328527402,0.6919713206303724,0.6731941900804578,0.8535133623511619,0.758073871933476,0.785722835105359,0.733031506622294,0.8370175452819828,0.8678346885319032,1.0170254862976327,0.7819025735501849,0.6551582525224489,0.7496106309568482,0.8847059921381657,0.7227354809869693,0.651787240054502,0.7248182313711931,0.7466634082250686,0.6917330452035344,0.8217476514116439,0.7920977718793281,0.8789705240818797,0.7554140165074411,0.8558064768568502,0.7507729205976335,0.6870387638191264,0.7456980864754068,0.6381732810949703,0.9788215639982979
peace,0.8142499747786003,0.7204593109669537,0.762235583771794,0.5549536016759931,0.9434353225071818,0.9336548044214235,0.8107541904160097,0.8319462296063407,0.673232322307434,0.6805030104739483,0.6302703850812268,0.7838931914226409,0.9061035404865933,0.7616785371297655,0.8347695830177617,0.8978833894893566,0.6375899322021962,0.9845565425379277,0.9157320387431268,0.8513892717760426,0.8924094530536073,0.8971076303275071,0.8292639886589813,0.942827795289257,0.7547339651382546,0.8461811205195399,0.9321642801250061,0.530880024394079,0.8437963345974158,0.8724604978443355,0.6291558634115557,0.8281820086016584,0.7206294019640361,0.8396806281591237,0.790500070358925,0.7053671830829708,0.9109663663601452,0.7581634976010495,0.8269963794021583,0.9314047623484099,0.7083305505616819,0.8008049247972828,0.7504672854956661,0.7727820355462276,1.0156085207906458,0.845677588407028,0.8313592676622207,0.852408733393146,0.8430259627582466,0.6174186461014817,1.0296760820522208,0.6535630474861356,0.9732594266026282,0.8618015365022252,0.8180779018134472,0.7694515023923358,1.0605160551093298,0.8604489560174426,0.80176880649184,0.7464737295489661,0.7344851731252915,0.8050610847172215,0.7069396968338757
peace,0.8679651047944746,0.7354357632763663,0.9004955514445825,0.8982587381311287,0.7944564320875809,0.8580302229854977,0.8630363909526798,0.65376683908552,0.9731692988653624,0.7744256285712846,0.8695573513415701,0.8723623511052825,0.5510462908464592,0.7343070805250531,0.8840368820426057,0.8062252459435203,0.868896933633807,0.8092366561445185,0.9229381793803145,0.8114033888444411,0.9424089096780477,0.7019971422787956,0.7872359930521056,0.7406600431417962,0.8388636064062266,0.7721332055117424,0.7770485812906364,0.7295233636749754,0.7539264483071456,0.7989722936083323,0.5978654848816828,0.5698236143968823,0.8059145942307483,0.5230823434766458,0.7806857723191929,0.7622836238808787,0.8542037869860873,0.7327981620948071,0.9569514769291967,0.8848162873230435,0.6487705968348486,0.7715653642525658,0.9527185144183876,0.7302368094600467,0.794710767497459,0.9404127575854777,0.7459404383937223,0.9122979940082893,0.7090000397386381,0.511238614985388,0.9228529316440628,0.8438735040057477,0.8504564275334466,0.6907037208694726,0.6986647383503137,0.915043651973614,0.8243207307404263,0.7882543942662241,0.8220926662114164,0.9508505530012301,0.8723688227052571,0.7525354802614842,0.6596512138879949
peace,0.8588053761827785,0.7076031989365772,0.6817623062381235,0.9315749186874068,0.8872405746758147,0.8385685926680498,0.6761602939062751,0.9789266060767083,0.902886831471585,0.7696214398937606,0.7484719941839135,0.8078489741308935,0.7521581333461349,1.0211853956785109,0.7614471625295136,0.6932117128459774,0.9588415858333078,0.7430938166712894,0.878643010811673,0.8675387606086071,0.7941437949454946,0.7027003235477305,0.795181707302161,0.6830138893667781,0.7976282237463097,0.8772781466459658,0.9717780066191999,0.6912150884055712,0.7749541396004073,0.747518891577472,0.8273739377507489,0.647819162368918,0.7071337322875033,0.6307983441931365,0.6561695459334896,0.7339562206087915,0.9670882612825888,0.8347600476932634,0.8064995873599807,0.9346886004028485,0.838359788118342,0.8477576111397008,0.7526975534820199,0.7362671644390919,0.6688873050268581,0.7398910433958609,0.7719476585900948,0.8344718947516921,0.7963241584955297,0.7634930534132311,0.7088323248103251,0.8399126807955211,0.750223391296616,0.835379650799199,0.6086727890406464,0.8336421162969895,0.8746906902796239,0.8619530859363749,0.7803279574649306,0.8915318315424378,0.6727041117044152,0.791079393479347,0.7806604198839301
peace,0.9036399689041088,0.5979506829475453,0.6941870282072701,0.9747250808630517,0.5569433876155039,0.8814423971687502,0.7299672836972858,0.82547026036461,0.9413782403859354,0.8293206871078831,0.9434533376761018,0.7507650819213199,0.7639823744157093,0.8786842248847726,0.7560569539717669,0.8597346381038004,0.9183804216577683,0.886833689428739,0.6421088434553418,0.7658619222950479,0.8281832484054822,0.7756106460370609,0.8079366013391533,0.8295070744269261,0.7473431879282431,0.7806561119544136,0.6818965271993145,0.7522158213092679,0.6473321397234185,0.8116496695692692,0.7806777795641451,0.7084204787951371,0.9785259808828848,0.7754588516953159,0.828655294407962,0.7361366835154538,0.75856519792627,0.8324413470848536,0.7667748950193113,0.8003303356888268,0.8806824615353465,0.7481973820481148,0.6667838816762114,0.6473735710321586,0.9438439036386863,0.893114670057557,0.865579966718774,0.7563947194127988,0.6666919989012167,0.7717698386503853,0.7906645628713955,0.6868448333252721,0.6530343686951381,0.6269687393596068,0.8657393187543845,0.6794641684796986,0.8309410320715939,0.7602200146592752,0.8589637908776137,0.8335824511969018,0.7768062582108715,0.8130453425209218,0.7889663891623288
peace,0.7384652849366928,0.8980082785457864,0.7576926246758002,0.791314985374852,0.6584874900342494,0.8274044603844813,0.738941840285454,0.7523151340842098,0.7160439139115559,0.7876003552111652,0.5993527384963007,0.868235701291326,0.7961335225320773,0.7532714398797793,0.6451769334209083,0.8433066686479971,0.7365672439704924,0.9306086870248315,0.8486318962329783,0.9534655688687124,0.8136970040788573,0.9077822761162155,0.8462771045298217,0.7549018587796203,0.8187210018484135,0.7166013733541065,1.0068779432974373,0.7899134890294587,0.8026210291518652,0.838998586163352,0.6913054675683272,0.9321371105666576,0.6974670449231949,0.6748529437638606,0.7833475987296975,0.6720702502210416,0.9561940536191377,0.7769296730316946,0.477883250215957,0.8199948518125042,0.8553505986854041,0.7578567751609783,0.6644106974238791,0.7896692983333502,0.7518294532773155,0.7024428080140964,0.693617492990525,0.8156235748937385,0.8903021800389657,0.8461543837997098,0.627200214141162,0.8615478004555983,0.877247401202705,0.9393696750847766,0.7050112243908105,0.7943397360635372,0.8567524250303833,0.7472446301860389,0.8551909850346628,0.7975973673782093,0.7153545183344454,0.7238757761309454,0.9249289356274857
peace,0.7003581337603328,0.6831999715830387,0.834437886473181,0.7969427215657506,0.6688378622573262,0.7480579825910476,0.7183218521739447,0.7358332453753098,1.0524970396806648,0.7697420095325972,0.7118749055827852,1.002178749079965,0.8888254798192396,0.872482556058541,0.7166905705698634,0.9191483357686506,0.881627458823284,0.8147089581838015,0.6283696877127753,0.7980079997522173,0.9729930714165379,0.8220382819742041,0.7623533472918137,0.7771542656911331,0.7840747693186184,0.7200385786223061,0.7958755170637185,0.944273452954555,0.932945487891098,0.7245664089675936,0.9275897384550694,0.876114131265275,0.8633338537611662,0.8431911881640135,0.7069623621220544,0.7594421815042884,0.8832918403121326,0.6793129656125053,0.6959224894604125,0.8306197424765907,0.7210467339340897,0.8823894353700767,0.7245782043743455,0.8244380144863147,0.8328071564650732,0.7517905322102524,0.7760353370345408,0.7319988519960046,0.7981395294347764,0.7038312759912073,0.7776492248502942,0.8748491007795216,0.6863248920939329,0.7512930588022106,0.8518262409984949,0.5922355218319338,0.9855584036399337,0.9045257914030934,0.646166441976268,0.5895804200068249,0.8029617587334063,0.6879755804097885,0.8961493290198412
peace,0.8394002162131688,0.8123379016337271,0.7429743614976398,0.9600007639789353,0.8753452100721686,0.8603165809020646,0.9200055964627443,0.6981139136507131,0.9284737869039091,0.7735391703637363,0.833472969660245,0.7843536990328067,0.6122134393626415,0.8957348260972249,0.6175516677092544,0.7033479399987426,0.7547175369571879,0.6046384453990721,0.6899377377196292,0.8244820090784032,0.7653348808464464,0.773584712627485,0.708499354901141,0.8046181323757889,0.7674751974803401,0.6359034598981633,0.7799081330429073,0.675808817308186,0.8897697111942565,0.7608493265301396,1.0521524430730786,0.8966902536521453,0.7869730824712832,0.8579478833223919,0.5910200811288371,0.8962379406909756,0.7179709502842508,0.8089733037044354,0.7272377487149989,0.7378681624756638,0.7818867910020575,0.8076832775006618,0.7973084119210708,0.7998015375861972,0.6374317292518556,1.0332049604264109,0.823198032906801,0.8437567345637133,0.7660008889204939,0.7125845305442379,0.8151035730970175,0.8289276910641028,0.9301808877454734,1.00776176835148,0.9477022403990216,0.6233471076580042,0.7539581859190208,0.8335817119954368,0.7599714347587566,0.7956173183254265,0.585486375590682,0.8914213000983305,0.6124544761193542
peace,0.6427510475852667,0.6985329215708355,0.7902466046231201,0.6377274644821141,0.693960776593517,0.9148945042309545,0.7887639646974576,0.8433546978698062,0.6763757215750256,0.794616397544277,0.7864133393688632,0.7204729529093611,0.7948922895882142,0.6107874707177082,0.8438608744336132,0.7600507282446858,0.7742780608176523,0.8851765802116783,0.843203347745801,0.7681660810938888,0.6883413970887967,0.9328661404787592,0.6659877998072314,0.8629366902601152,0.6402606055793635,0.8917873303145125,0.9010600852883569,0.6087389156811532,0.8449335052687935,0.8366503647749856,0.8703049304686027,0.8365240275018319,0.7037684307209778,0.7782767032530129,0.966464653643397,0.6892186524050428,0.8322857958351173,0.9151253873955051,0.7009247191139355,0.6583213352884187,0.6733897666348876,0.83949713615764,0.6725396227008307,0.7864639959367924,0.937127139630322,0.7948691875591369,0.7222187211839197,0.8125409672713386,0.7931327145931675,0.8452657638803243,0.9619144553818852,0.8396768858836976,1.0033782511765905,0.8455301903477542,0.7232668707291956,1.0288302994228602,0.7875181982654783,0.6945107768108996,1.0323728663629934,0.7266883113819521,0.7227610567964105,0.7448529491955591,0.8164626413322206
peace,0.8930861397448888,0.5351208386311813,0.8926500485311503,0.744546539767037,0.7587105556839867,0.9715191810921318,0.8213308159869,0.8447701347865102,0.7951439885180437,0.8763642583882336,0.9618010572954878,0.5524934716926961,0.9084617990736243,0.9547033063875353,0.8501063247900593,0.7322637577295151,0.6847727552099823,1.0361845686913262,0.7095016313377136,0.9517641571056252,0.8390511324475772,1.0045830806014822,0.7681739835690135,0.6392419076383112,0.8002170847195943,0.6513552362099584,1.0677060531207598,0.8629498224080876,0.8778130449354458,0.8778770283026055,0.7306410319376674,0.7867969507482946,0.8110364631359772,0.9943888463419457,0.6842908201417668,0.7271416110245201,0.7637068893773985,0.7326353340889359,0.654107354548245,0.5295295479575075,0.6173155534328767,0.909902993258149,0.799178109902078,0.883553891625407,0.7417486404091638,0.7901664339740907,0.9613157500958884,0.9552722605657418,0.8941972132592274,0.8202417787290419,0.8517969427549241,0.8370638298645393,0.7833073206345883,0.7595630190559602,0.9122367945301126,0.6704372451103865,0.9487358277248643,0.7724557193252186,0.6685946495302317,0.7454495142303388,0.7125592112908726,0.7424325647896151,0.7406046481312836
peace,0.7366305228624778,0.7692042931860166,0.7935226667938928,0.8763859635180968,0.7755047368012901,0.8326020806627594,0.8007531312048538,0.854058077049296,0.8046675339655861,0.735317822468303,0.7081800347359414,0.8210229598504215,0.9273378489900639,0.7770875372990266,0.7299136346171798,0.7743829324728431,0.7438605489097512,0.7333019480888087,0.6556405418499749,0.7755591713738113,0.8235777153843388,0.6918095842801948,0.7121660249732147,0.7051938005511788,0.6613322032953799,0.7044407896360734,0.7802143571174042,0.6657942193955162,0.7862457532535164,0.7296533207539586,0.7071017941179706,0.8377208816373133,0.7359874394686098,0.752998613393235,0.9298006810000218,0.7079944366258029,0.9565874547592365,0.765220887094734,0.6863865367128035,0.7446051658937983,0.8068774906622371,0.9254503859840714,0.8798824808563281,0.8063906849835708,0.9259955981489124,0.6118962952132515,0.8249441530059854,0.8309939726625601,0.8322142467578985,0.6389848834011291,0.6983087598321527,0.7833525577842274,0.9114791504961479,0.9915264495717662,0.7335564748416578,0.6690153208028904,0.8815761436425122,1.0614370011300884,0.9106940633301185,0.7251367276005974,1.0861139293217212,0.8686799620468915,0.7208986786408307
peace,0.9934302166337712,0.713000818860116,0.7378911481338057,0.8726620822341125,0.7975094682110746,0.8037007132004768,0.8038691501642797,0.9114479925870161,0.5675609360288377,0.8284513885886471,0.7709796622919483,0.7247503967469384,0.7244863582066666,0.5362890330780781,0.7201581896398807,0.9290462724939338,0.883205487802754,0.7808618237605508,0.6588744278159344,0.8821869772259129,0.9309848411660419,0.9034194670797665,0.7031274445013631,0.7135121319137313,0.9655911258844214,0.679072895850304,0.8478213365515571,0.6222263852926806,0.7699684632626085,0.8585150400734356,0.7970034042857888,0.8523913321055108,0.6773794924346255,0.7179998035504345,0.848181837849887,0.8696888142052376,0.8219812853062863,0.8947057741658313,0.6342792061428724,0.7533802049653141,0.9822683773226184,0.9283468828993721,0.8633638165007544,0.7844633026644497,0.9034815628349969,0.8429141519661607,0.6482559635392772,0.899576244705613,0.7133956585677768,0.8759688250018178,0.6384027211255702,0.9599019332100209,0.7725103621197881,0.6890663667778824,0.7311494766929226,0.7663150902686295,0.7994230283572731,0.9318145636339665,0.8070142616477408,0.582908320227748,0.6770261487831088,1.0757534792416101,0.8135388795662927
peace,0.8950790114010485,0.7691653860506162,0.6995388685793138,0.7518717777618197,0.8128326084058403,0.7539763662772934,0.9918467766529765,0.7383747205773376,0.694516438974974,0.8808802759702319,0.8932002503844947,0.8029977121538486,0.7397856377459273,0.6099341185826984,0.9220721522444111,0.8868560909921711,0.7560111680250905,0.8059572478429727,0.7773322817478389,0.9628730241286341,0.6962081697045774,0.737993850598008,0.7283273760936022,0.8310161286442275,0.8056129453697273,0.8200068163462817,0.7119392874458834,0.9484896830410395,0.7545954892778763,0.9187589949396526,1.1139113997281345,0.7126663946185623,0.8342384899871297,0.7868396361744081,1.003088155492283,0.7719346072514901,0.8248691477518086,0.8226868319511327,0.7899601230052159,0.8755473767866846,0.8093396400455045,0.8481851738045082,0.8213602704856965,0.7395462274289362,0.7731037940274791,0.8555422852742961,0.8551360301903347,0.9245009048811695,0.9859244147838669,0.7478931122758992,0.813487415827964,0.7806594190448194,0.6892692362601124,0.8564555138804422,0.8777837164005856,0.6923008773813485,0.7625500660824681,0.7527910477570656,0.6491575296774832,0.7963622669834878,0.6854758323561432,0.8158993691255327,0.826912152495979
peace,0.8393022783304727,0.8441322177729881,0.9530940716597536,0.719135385918441,0.7241518183982764,0.8655163897176142,0.7868018474684286,0.9125326607058277,0.8561688792366045,0.9918111328292862,0.790867155022731,0.6517960428013416,0.8340661419979147,0.7928325842085922,0.8534487486514571,0.8662607186675204,0.7465451484904078,0.6990994341474845,0.7854056649987614,0.5618808464225544,0.8080667258786218,0.7592561924863837,0.8861675044492681,0.6014151466456885,0.8006345309800638,0.957622428471714,0.8675401327951019,0.8980671995687863,0.8339733522629948,0.6338465930099341,0.8166529173102478,0.8408489360064004,0.6921775455809227,0.7873446156640667,0.5098929370956085,0.7665901824058192,0.7563624057183698,0.9402239355613349,0.7396776897371307,0.7733642941404522,0.7920771222723192,0.7409679976069621,0.8719791421832159,0.600760798614312,0.913657670414413,0.7988121881684132,0.9301647134795427,0.525276785788573,0.5563770679388893,0.77080214404145,0.8505915388000561,0.7445067283996826,0.8583845830082516,0.8981309757442963,0.8665999547021368,0.8103268504380081,0.8095602849654057,0.7385204913611616,0.7944625675796223,0.6975769112765273,0.7215270532638942,0.8514364199546756,0.7537118868468651
peace,0.7262438105830668,0.8449231013184993,0.8379899656930417,0.7784700414551389,0.7851064569278363,0.8415947889879908,0.8968957116383891,0.8201085659153762,0.6807966089622888,0.777857250723655,0.7592850162206584,0.6947013893625554,0.8497932765602101,0.8574852579395335,0.872620842170596,0.700908704591791,0.8157450937079174,0.7993724767155873,0.8307403093341886,0.8129726491498194,0.7987454055083695,0.7867276240525453,0.9106840610025521,0.7138185992480715,0.7826829129234951,0.9081370666805961,0.7188944075968591,0.7239912072256014,0.873394094445181,0.6576086159352957,0.8660631123026494,0.7510365420753037,0.8410000615520423,0.6779265432944374,0.9185076266558369,0.6782761350110458,0.8724950353546654,0.6824537616224016,0.9808300871089064,0.7928618218144872,0.9950857094996984,0.718111251258934,0.7557349303951205,0.921071920373217,0.6573803978224885,0.7300733344130058,0.8495068429689332,0.6981219423303667,0.8521817422019045,0.8170404385021719,0.6486354376257816,0.8967768787983467,0.6737566906805431,0.8771279096972937,0.8128475398244281,0.7544987535294259,0.6894597475039117,0.832926932540815,0.7127475206522473,0.9207953476052577,0.92444506093034,0.9642034020985997,0.8280897437075309
peace,0.7595690194501624,0.7703097419329343,0.7629912417197746,0.8248005538329107,0.8436607255588603,0.9231564366016898,0.8020123415596032,0.6596772669466442,0.7592579073538098,0.9555851780056523,0.6443421429527987,0.8739149960401382,0.7609426886416559,0.7116535689600479,0.8395611049112125,0.9560953025622766,0.8340444176783172,0.7737455789958761,0.6703950760393631,0.7901150838897264,0.6667850179710559,0.769007577857977,0.7936942351608397,0.5639458509289526,0.9388322204587888,0.6761478526879562,0.7814040798829306,0.8533833245812517,0.930854971817918,0.7207846993627168,0.5490814739027106,0.9078663716011287,0.675050511357379,0.8359443243583728,0.8421589700135647,0.47479705673284134,0.638516322845556,0.7539188793282865,0.5415872081060766,0.6661948723742588,0.8122878560126667,0.7911516347908731,0.8302654430644273,0.8449220978728852,0.6318170433020387,0.6715151736587361,0.8761366189512051,0.9524330241002681,0.7032591951137788,0.8258905594096957,0.8807082893313896,0.8237555617189285,0.775123369457902,0.7359350005551007,0.9985269204765542,0.8096209041526975,0.8388942031217275,0.8324320080746912,0.7187581592999188,0.8050821023314305,0.7677757312121899,0.7659852408831116,0.8316959141018765
peace,0.708435702676466,0.6795211579196252,0.850272506040542,0.746838940737133,0.7654984279723264,0.6071203447323339,0.8963082782176635,0.8524016211915694,0.870806878531183,0.8387325620397745,0.6484043046309735,0.8228998964679153,0.7390866497655051,0.7037142894766462,0.8500048241445721,0.9658508916752679,0.9493339418956341,0.8622145018510616,0.7969771840540804,0.7784457679081087,0.7095496413556773,0.7730266816293324,0.8908523959588145,0.9823139132024937,0.7183518693035962,0.6004986515328301,0.7469126003887696,0.8903954112871135,1.007227729065907,0.9310041206656804,0.9285285212378378,0.715043964632526,0.7178610626450992,0.6676190362733793,0.733452026387457,0.8914097783411166,0.9624487186934927,0.8345517271282863,0.7744879039990081,0.6933275182326578,0.7887484843986708,0.8203126327650555,0.6536927927226804,0.892147292850679,0.7576086003691341,0.8861415841101201,0.7989080037949016,0.8297216692887307,0.7298050789918693,0.7655384714184551,0.8642042123361957,0.7868501765261626,0.6895025984302832,0.8111574055052281,0.8385675016838402,0.9372888525672032,0.9152553268659472,0.7935364453646132,0.7452664835335755,0.7771698600638309,0.7476266492622077,0.8506161225703948,0.9041665122615651
peace,0.923983435929409,0.7587793547502335,0.7487973600585882,0.7579605575441369,0.6067963049913842,0.6797187641453082,0.7965446994061317,0.837927174044397,0.8491173057882546,0.7219505578129466,0.7508889852180647,0.773049619336054,0.7618874101164441,0.8688017720664665,0.6691825890038072,0.6850704394957059,0.7701564704352554,0.6634396296662326,0.609952972104334,0.6506522840380246,0.7757285411551234,0.8630530816325476,0.8651366534392826,0.9587915432539091,0.8101665117570861,0.8236200512328828,0.7749592962971656,0.7798173534263991,1.0080545331595214,0.8261351437255032,0.8348274269094123,0.6854885697083034,0.8410422274905068,0.8658331979323465,0.9110310127937866,0.8630084524901502,0.7873261771916017,0.7830576687136792,0.7927919321231097,0.8107187043560904,0.9267650440806179,0.9072639549201208,0.8752910953725781,1.00292099804703,0.5343761624723175,0.7539941425673969,0.7988727380885617,0.7327770526039028,0.7070249275347609,0.6282840359636793,0.7688671387915738,0.8894027053841832,0.8773936342304274,0.7247870113759298,0.8220245078531687,0.9357599815216092,0.6479932954654768,0.7841164019627471,0.828649629080894,0.8010015340036791,0.8850633394017394,0.6502173970338134,0.6994181339202588
peace,0.8682041342695996,0.6297775938904986,0.8811767841033277,0.8449818156231914,0.8741919739705362,0.7530710347240297,0.8509838436713453,0.6827712429849213,0.7585495057533681,0.8036338940277534,0.7101250575443091,0.8218106868034262,0.6855792771206735,0.8268650809835011,0.974185030438728,0.6743334361382642,0.7977439883724075,0.6382038941954853,0.7167045981909583,0.8701949171739446,0.7569371398209866,0.8742410138768464,0.8355883358676758,0.7935481728660008,0.6970587405276534,0.8685488218497538,0.8304133728451495,0.6471959591990646,0.7035474406716682,0.5230971118448635,0.6634373193716241,0.7686623738979627,0.6944144359652308,0.7168333403946313,0.9390570157575777,0.9028813324038067,0.7305331812239398,0.8793537634402516,0.9214872852904175,0.8618548491585756,0.8298927483041896,0.9098323077718405,0.8769517979957413,0.678690573644259,0.7811067746061033,0.7447930918940454,0.9152473483927079,0.7419577949214575,0.7247815028690157,0.902668207447164,0.8259671015931771,1.0111782350631642,0.7137758477193545,0.7481164070534001,0.9121967737427826,0.6720899628738979,0.9319692357925888,0.6792544617815428,0.8610223563211035,0.6156948973534723,0.8045129839988313,0.6630469510615171,0.9926275237011488
peace,0.6928369487204485,0.7171142991019158,0.8535425956302873,0.7399042371103262,0.8699953357019201,0.7289109821334213,0.7212049043397445,0.7972441293919453,0.6783069493039858,0.8396366364667485,0.8877298519869756,0.8552996639992438,0.8643280871378255,0.6075144780034667,0.7538352254140943,0.7772934834356288,0.94544526717956,0.741869261166004,0.5698265507209838,0.6996030493003175,0.733880678261221,0.5843517866072346,0.8968702520705876,0.6430419967814942,0.8446021548232089,0.6907603274303465,0.9506984367305078,0.7723846302221845,0.7520888345414573,0.8528254446656659,0.6992699515479258,0.8575546473894201,0.7518331375163508,0.7405398153389939,0.7912431289716053,0.6910329564013329,0.7809108315413332,0.8339485047122607,0.5691258601282239,0.90913075295376,0.8815978130127899,0.6145422825433628,0.5989567704311353,0.8841906625601195,0.8764518908516056,0.8623034753991394,0.6573076196497682,0.9828642223743483,0.7244999133184473,0.823947654101825,0.8251779021838838,0.9592931152797357,0.8125167299943744,0.8415841355674532,0.7922874122545918,0.6803400611288303,0.5681339403563019,0.8032579874793985,0.6587636909485222,0.8350177215313872,0.8148750087184157,0.8124433696047361,0.6947075380537535
peace,0.9036544076361367,0.8474771097229615,0.6818300216935418,1.0068547583922265,0.7789208682415192,0.6665713499341193,0.7241648015738172,0.6491109138433393,0.9359426917686904,0.9080448326829188,0.8739479574736371,0.8551141901852851,0.9248342160816373,0.7758005787578063,0.8422662143479056,0.7188108469616002,0.784655144755886,0.8450077173167391,0.4918857176223413,0.7380289224365284,0.8164987139774184,0.7922483934058626,0.754760367425447,0.8589151938807478,0.7292287626791946,0.6778092540013464,0.9183766106289556,0.9042648525937198,0.7400850902397376,0.7931305430313303,0.8845989687357045,0.8044034326730749,0.8530207606871348,0.8475566793726745,0.7680829782845193,0.8515924002681406,0.7035056373975382,0.8394274318078556,0.7925902343588327,0.7639279568084741,0.6753264130536655,0.8131659260959191,0.8038530277656445,0.7160363537844235,0.6403128179781202,0.6355524899368541,0.7745927010440441,0.8306497639421789,0.9849971594300958,0.7954845154949486,0.6374613948421534,0.779308183175373,0.925136489851895,0.7317204391498754,0.9118603577400892,0.8175724713034996,0.8646881554520857,0.9858855998204044,0.6162736092631727,0.8896504183008239,0.7905298882118683,0.705081946664637,0.7899365363076893
peace,0.9690970943151545,0.9334945979755653,0.5999285538808697,0.7230160293984167,0.8942894235569369,0.7978255922216968,0.798198666012277,0.643167354420735,0.7254523157700973,0.6641794252966087,0.6346682521918505,0.6742262016602474,0.707190224255366,0.7238886531091911,0.7157870277939575,0.9020456073417601,0.7092855794979642,0.9426184692185633,0.7516024122411041,0.8439198659750919,0.8471143081398869,0.7102156579207204,0.76719094349923,0.7497056163059647,0.8372440712810828,0.7871155510582157,0.725160172605302,0.8119058288659311,0.833961608312996,0.9850044678542588,0.8068126456095902,0.8010008346808539,0.8428398610460004,0.7050597637337142,0.6274490398964508,0.7687897908279179,0.9072099097977742,0.9233551713168692,0.6120615294268522,0.8666079480493467,0.5815201998172341,0.8459180554832586,0.8399359312896656,0.6276019970484457,0.9000046143131688,0.9743835901290919,0.7937519668997525,0.8140999874976964,0.9479116202986906,0.687366796591202,0.6898922542377107,0.7160616496080799,0.8037082104310993,0.803441584426248,0.7446709724719747,0.7699519588542462,0.7460431765049247,0.7508199988619388,0.7231478539721414,0.7239560261525815,0.5999056165072401,0.7776324905622016,0.6044420677782731
peace,0.8750559118707422,0.744008215585484,0.7880590421283673,0.7626790367248044,0.7755886224651773,0.9263374815596719,0.6648503588072718,0.6376683077657516,0.8119372326663964,0.7504120276260682,0.8359623921343946,0.8716577239741315,0.6893656743434815,0.8603388843264814,0.6978056513080494,0.8074575190938125,0.6763086276406195,0.8132143757191329,0.79791227190781,0.6897070511393855,0.6641588658652255,0.8750638584096989,0.7546999547321619,0.9012030962232347,0.7456606270175328,0.930217973561921,0.705161044501217,0.9472746557511209,0.8174371863058063,0.8399796740768711,0.6995975386555573,0.8729215182930787,0.8763928132411173,0.7675565142474786,0.5866004607999283,0.6886671434086633,0.6886519338608041,0.8449352817541348,0.7534967660479858,0.755439028372775,0.7433687730138583,0.9469290277821959,0.8045351960829848,0.8197740335583298,0.7380610488562012,0.7970361342992804,0.7024310657294786,0.834372467755793,0.685344642202697,0.8744219845599159,0.726504772722824,0.8948392812988204,0.9907294257681977,0.800110111152516,0.931161512214289,0.875144894898542,0.6567217960964208,0.8110927777518508,0.8501198705689224,0.8597715315426296,0.8178206804974992,0.8165311396327222,0.8005087358115235
peace,0.8133176085993686,0.6776321029700955,0.7763789219021322,0.6547018645188472,0.7502372317246024,0.7409194448899112,0.734533702632946,0.6947991842210952,0.8269277273796888,0.768192969428814,0.7579573744247,0.6592426005503724,0.7702138807803011,0.9145532799915965,0.9160806309860342,0.8373512579718446,0.7704846024880161,0.8558982830224526,0.7332646411823309,0.7700747744116619,0.7257477557402912,0.890836642716409,0.8780005960991637,0.7965317740954007,0.9731252309290565,0.8412514580770947,0.8356227546336312,0.8249120246540088,0.6737713182266757,0.710572016859263,0.794536204631379,0.79536165212287,0.8589762700210437,0.733213289094562,0.8070686700756544,0.8088560131103484,0.8128195081776125,0.8016414517053282,0.6596159981448004,0.573878153634222,0.705823636419274,0.7468876977201095,0.6821548130949562,0.7944326131125651,0.9090106968788199,0.872603316542788,0.8466333295413611,0.8985310738662504,0.707537695566977,0.7543203730329077,0.8614846863058223,0.7525469990828006,0.758017350984887,0.9862419121909268,0.8095442077863323,0.9763626200200738,0.6176703333597231,0.7369133695396706,0.8408816580651928,0.809373257977308,0.5944453736802915,0.7770420819427784,1.0473017596618703
peace,0.8246912771830098,0.8604435999998787,0.7356056832074858,0.8243284147396341,0.7987671801764679,0.9118814431738909,0.9087000886779828,0.840751614482074,0.8070965815594545,0.6320892464103959,0.6286044562904507,0.8081910913397518,0.8874634111461657,0.9331746056956172,0.711026124962638,0.6490761406358722,0.8932959152894583,0.7185308232901642,0.6422931732327185,0.75063218418809,0.7488901033275756,0.9320171076307348,0.8865633914681535,0.726261289723667,0.9397954342556043,0.8125025857914354,0.9060835635294094,0.9327178508122212,0.7737407099930472,0.8571319574127018,0.7593241535566583,0.8930102261919268,0.8090275143803723,0.8960322219065697,0.9524756663818463,0.8547231831794972,0.7906540144258148,0.7923172123410003,0.5042968249021119,0.7287205680168656,0.8932573520335343,0.8969881207014836,0.7265432341899473,0.8164574617738737,0.7810733577920512,0.8689602378709294,1.02086147633459,0.8708468578001924,0.7329822545430086,0.7921580471909327,0.9401928253102733,0.659132307561569,0.7384942334511141,0.870996393200671,0.9294331253205392,0.8608967902273613,0.7393305084782694,0.8536535301326393,0.8414292766736581,0.835082176702292,0.790292632303766,0.8052994308185627,0.7092500139461243
peace,1.0480204224997494,0.815699944067719,0.8548512281050811,0.7782088783571659,0.8845310329379452,0.6701567058437865,0.6254394464485835,0.7969528492575841,1.0054055275117733,0.9208320834539795,0.719155357026956,0.8516087409973093,0.7364010522169442,0.8426416687444303,0.8504393876246038,0.8926479120898134,0.6434336302842392,0.6734412011145148,0.7924429442095042,0.6967576664335448,0.6890277930015077,0.8271857379222934,0.7083964435553632,1.0257656890388458,0.7466834012706097,0.7729767915792308,0.8297540540517138,0.6492044618854254,0.8508504512165346,0.8341467649833887,0.76506944846223,0.8273927307596284,0.842828251282397,0.94351907123003,1.0500261467980088,0.6938499012365328,0.6702652590058457,0.8102749611308016,0.5921081519320627,0.8649415231825505,0.8113080763072857,0.8367286599261378,0.7696428064880054,0.8255015765968402,0.8472239577643869,0.8200023405666591,0.6654901384537458,0.8172005827201522,0.9853964686049836,0.8240892058479864,0.8137055612768165,0.9560037657890826,0.7254384442235128,0.8889677640086773,0.7469842646947826,0.9086583343345137,0.8798048154467564,0.758772113667278,0.7734038873667058,0.8977811541418228,0.6144549098776683,0.7558070890105302,0.8620417483624517
peace,0.7691893228605015,0.8134863380206925,0.5958849054339594,0.7145521904330454,0.867945267215181,0.7248992622935587,0.6697540289177988,0.9061608532954596,0.8515684054069703,0.6911466647182909,0.8138503844432099,0.6944052205274713,0.7847540943124385,0.817598818952546,0.7191503600799605,0.874233293352524,0.8897351702321656,0.8263565524899857,0.8413982151540402,0.6547171161631258,0.9362187226843528,0.7908675011943531,0.7064743634874584,0.8145835812455926,0.8745469992388883,0.8512349567053971,0.691530963521157,0.8757637889517499,0.793934091820081,0.8501204182384122,0.71984484994187,0.9045911589386653,0.8182715526264822,0.918882331413823,0.6465131891143878,0.6598580880384988,0.7759972153364695,0.9467625019972782,0.9962810897673726,0.7111573700925201,0.8053047031611473,0.8155151975280656,0.8718157613038054,0.8884962666412488,0.6885601807088332,0.8064593360217372,0.599148207623008,0.8810791283040404,0.7661380131675963,0.6794617920697938,0.8332546809956812,0.7630130756994504,0.9261461030776224,0.7107417864453786,1.0222955200060935,0.885455554296335,0.9287694413184172,0.697116379845155,0.978845937713376,0.6787452554591733,0.7790188303546426,0.930465662740676,0.8506769072504475
peace,0.6760838082704038,0.9135410061842653,0.8339954452742538,0.7583799763945067,0.6457990743950379,0.8434750529872828,0.7836572197033574,0.8156309348747235,0.6414798639829409,0.7581342941643654,0.8480304621541512,0.9876464611304732,0.779471837714937,0.9443299059068121,0.8787348420849848,0.8233784966253349,0.6987658216333886,0.7029521456469044,0.86175408707066,0.7473504425894788,0.7384637281233901,0.7819389660965707,0.7836169169660808,0.8900767976193688,0.7494502301739789,0.8801240036024316,0.8439705134054404,0.6326004012637949,0.8294507662983308,0.5332241565722897,0.7104776738348013,0.8463076846562249,0.7989356899740625,0.6232107894038459,0.6880838233026453,0.539108688674778,0.6657436742955717,0.8579063349318551,0.7442567061424854,0.8169945541726559,0.8013644381539496,0.8032583070499586,0.9023132423113052,0.7797089357828977,0.8910668373059907,0.5522656607062498,0.9111425956844047,0.6709921907890223,0.6927060276921679,0.7295382510508744,0.9083855220831437,0.7110700150855342,0.7344111220763646,0.7038312281974222,0.8255394800859438,0.8743608334887668,0.9704324515760632,1.0399817499786772,0.865018075318797,0.8365654186869369,0.6782660267891789,0.9909303153730977,0.8215403109333946
peace,0.7710935158092365,0.8387531769053554,0.736364927260512,0.5662328435708646,0.8571802920933602,0.9342473851933905,0.8556922635200948,0.7992920869998347,0.8013271752391361,0.8172279747716287,0.8141654221088584,0.7939298682519446,0.8025342879468852,0.9555012740440465,0.8472273214346533,0.8105146984024565,0.8659226896295917,0.8659298986783244,0.8945997962769859,0.724308858816714,0.7519472093852211,0.7186442545805748,0.8766722923493693,0.8717870974407026,0.6726757127477629,0.8390837812820323,0.9372233867867874,0.7764667361275513,0.8313973273926305,0.8730485702824425,0.667944176060128,0.8151988158991103,0.9272116189741472,0.7406791183235852,0.8832466142258829,0.8027161607139119,0.7325495357866326,0.7903491449185585,0.7473872075913769,0.7111685958237135,0.7745655227546893,0.8068426312386122,0.7833945617451132,0.773462641887116,0.82259958829656,0.8531405974981049,0.685590476716026,0.7747604130619392,0.6026459090006151,0.7837816640965797,0.8150529046071622,0.8569780012165438,0.8154104806496305,0.8548175644054249,0.8065224981669278,0.7324481621817526,0.6884064831610301,0.773699729271147,0.7233723796593043,0.7880280885369031,0.7508122996512571,0.8419081012564048,0.8048955024457235
peace,0.8447494336257249,0.8442384723274562,0.7820326956283571,0.788166365507868,0.8501604488321362,1.0445938930674126,0.7010868853064418,0.804175148798946,0.680429165277596,0.7979087650442089,0.7325939096345626,0.788009358894784,0.8155310333947859,0.7510608887576039,0.6216241323812618,0.9425535677152808,0.883927697979931,0.7869440771089136,0.7105267001789439,0.8085024590283028,0.8360988825041409,0.8770011815759609,0.8862222164400786,0.9050676305311847,0.625914031050502,0.7695356785978856,0.8993100820611628,0.7076368297362036,0.9219267577181673,0.9810377615138276,0.9191254319459161,0.8661590407103216,0.7552493772637152,0.8281634803747873,0.6653905351279377,0.7218889335408244,0.728919651748853,0.8061972573965948,0.760782273457171,0.8261599956620065,0.8877826824877258,0.7290272457128739,0.8148601092937051,0.7584031010182064,0.8190162493657183,0.868617259821182,0.8921235790842212,0.8670304119293039,0.8413985628928995,0.6579786726980471,0.6918734070454111,0.7175821720199509,0.8358620206807525,0.6708995087609461,0.8337522328167858,0.826446925713265,0.6064310894480316,0.6912397178232448,0.904387557485675,0.8697409148394913,0.7149606002805067,0.6965139014585551,0.554965331492142
peace,0.9471297687721315,0.8041054368431045,0.9883724055345201,0.7808328913027743,0.8282589298889586,0.8891298471428597,0.9638842686180911,0.8501021658484424,0.8002407217938293,0.8027957661115364,0.6954164397793066,0.761811713313435,0.805121948461509,0.9381893875101763,0.7569956806518657,0.9062654645473787,0.7918161988736141,0.9243558559582439,0.8676722493972951,0.8609195362851353,0.8978826659995529,0.8833159911285959,0.9063813395703825,1.0131763959240565,0.9616894711348929,0.8466424234164963,0.7558253141296347,0.8366417789690825,0.6073804274341478,0.8828986612501025,0.693996680542639,0.9122481275974507,0.9980289033690718,0.6549065657315092,0.7949695603792414,0.6935587147332569,0.6271690036063508,0.7893678348796124,0.8635167037098548,0.8754400429319045,0.8153925812565345,0.6335767943386438,0.8123378762453305,0.6507451983754463,0.6573011741942137,0.7003180111743441,0.9049811191378421,0.8545255345681544,0.8322590697882601,0.7137385819163166,0.7612224616448607,0.6629877493842938,0.9364301326892097,1.0197258007570293,0.8556598414073127,0.8731754211010362,0.7841039860788631,0.6380547636341636,0.7156035209372807,0.7534615451066494,0.7614743989487245,0.7384606371429716,0.8047753308571568
peace,0.7149830911467985,1.0167724120619628,0.6634625985003748,0.8887309544022551,0.7738145289838113,0.8462798095261849,0.8508114867177625,0.8157043230120655,0.6866629252400376,0.7667960249629908,0.8169095272199344,0.810643383528412,0.6976868025217974,0.9291212459041567,0.5506426574082319,0.7749875112235363,0.7078681244814382,0.8182165416359193,0.9016725856004427,0.6593030988822922,1.0353605232288445,0.8201848636957862,0.8381723990095469,0.6560245664652588,0.7953432811666524,0.8971674821517892,0.8209921572218678,0.8140195573726917,0.7948140431321612,0.6621999908336579,0.6616291328936547,0.9169327126640711,0.8882286705943094,0.9030271172467284,0.7177179956195381,0.7842432238831082,0.9231800186001146,0.677134467524036,0.9129882407553267,0.7413480407376107,0.7144766699565496,0.7968083700193488,0.6882998090888204,0.6103106405502942,0.8076029686648958,0.853426577038139,0.9215290172637556,0.8606974713171487,0.9965397184832706,0.9361074975736483,0.8738078751686615,0.8468618825355992,0.9230102183073232,0.5786977888671468,0.751994295873705,0.614151895303929,0.86630976323861,0.7257236122589101,1.1019653142338044,0.748207420182922,0.8106363164882524,0.7597733465812334,0.7511168761856123
peace,0.6753478116168702,0.6719850590059026,0.5820506997727015,0.8545462302803439,0.757535323347202,0.9933628226042647,0.6755859815932754,0.9476314520154946,0.9572259335351522,0.9277043166500482,0.8234797310465518,0.7661794274780599,0.9276067696937285,0.7208536857162319,0.8270707595445721,0.7956252053977874,0.7108583137303981,0.8278046972284304,0.8741838251593013,0.7069171790561024,0.846012018711585,0.5770971812600187,0.6950844658939767,0.7542654277122045,0.8357337236966117,0.8869314749634055,0.8082822891163838,0.8566595734489997,0.7839418096730576,0.8404748142908299,0.8351909066628709,0.7490979374365745,0.7644620123452729,0.8600127172351218,0.9812087808641402,0.9206818581309321,0.68708839438826,0.687441826077409,0.7464368651231736,0.8098921337877595,0.804825625697432,0.924028027692835,0.9295113305846776,0.800566558441551,0.7772303423639126,0.85167464322876,0.906320132005151,0.8552436809977548,0.7568454196609292,0.7387746138292678,0.6889396281534276,0.8193486847595253,0.8623120098319688,0.8734845193129458,0.9151760369754899,0.9480309600661934,0.6625034352322664,0.8404762433431328,0.8439259489380676,0.7926053591581999,0.7171655430055723,0.9444629834736771,0.7411399488952566
peace,0.5807431140567062,0.8020072285110235,0.7762136333114241,0.985769727281347,0.8489693954193751,0.7694737253168769,0.7803144909606926,0.7791596492162249,1.0217133374563385,0.8675483868137844,0.6592839827725989,0.7755560051899015,0.7976367551999491,0.6892431796535732,0.6217044542752911,0.8595563381786845,0.7195367004262097,0.9248771618559982,0.8008194432607835,0.7525731179738265,0.5583266349854406,0.9222317849627932,0.8293526832645303,0.7551805281182637,0.7109708612419798,0.9599091209031255,0.6935780299327144,0.7631352541697348,0.8569745102057064,0.9450766640023375,0.7783680292962221,0.7265183025767458,0.7893260791444682,0.8904470662957337,0.9129394885263203,0.6624840850954619,0.811494012037701,0.6565734591038601,0.8884217170977273,0.8422383900583154,0.7078814369049271,0.9534145570051165,0.8335013480007388,0.8225192480466629,0.7820888517654041,0.7991962065665343,0.7618517498577212,0.7258791503783747,0.9229130587605394,0.7507257410334318,0.7473591962268278,0.7870705909851118,0.9424514480854809,0.9131165893697314,0.7605151630432514,0.9226785425558678,0.8108120170428339,0.7156574731991965,0.7523870651996594,0.9373253869283729,1.0082845263569113,0.8319816758753202,0.7433462838316982
peace,0.7875082532326054,0.723755581806108,0.7383236621076751,0.7284952202203181,0.7920656252501344,0.8120681036457927,0.7851838859318211,0.777867706547843,0.8760491623505694,0.7770791075074553,0.7834984189366266,0.7823439728973894,0.9543287732951269,0.7508785375174254,0.8596296106941536,0.725162230606254,0.8349944831425263,0.8546233191788338,0.9084259286802739,0.7615731830707435,0.6886037435174819,0.7216014676739425,0.8964541573136672,1.0081751612486674,0.8834453412012719,0.6737860570211649,0.8800652881112838,0.7056208908978459,0.7650857382868761,0.8187231076865294,0.8355368855470965,0.8065442094671217,0.7398887852950412,0.9059958264674335,0.7472433595102741,0.9254512745361989,0.6640620109210333,0.8215530341944424,0.6773849036768469,0.7165917368007364,0.7486987791066583,0.9520605454730975,0.9308024666102328,0.8874248762557196,0.8033285750216866,0.8188058949371344,0.9266479161831357,0.8701305286206799,0.8018008423370757,0.948667158001628,0.8814529536163516,0.8242419865839018,0.7541023219751519,0.7450757746706987,0.766382464479972,0.8456990885761986,0.8835782815932807,0.6555708154448964,0.6053401322348771,0.7048510193407869,0.7592323386624654,0.9195947200656194,0.7719581832016812
peace,0.8254773348971893,0.8417904511987672,0.6976429139828981,0.9459888831878271,0.733519411402008,0.9559791455966281,0.7873823998536286,0.7662496702386894,0.6889210816343699,0.8197285291198582,1.025438239403594,0.8413588290402003,0.8270436871948905,0.7333396374210842,0.859198374861178,0.815761780712295,0.7937165525258528,0.849479478432851,0.6184154021180108,0.7899475507604822,0.6802972154881296,0.8028898498319944,0.7275800624366646,0.7344160149438796,0.6666558717214299,0.9115664971246822,0.7322253501732122,0.7375761376366247,0.9530615071172419,0.8567957432766584,0.5965360761988019,0.9385360171721816,0.9647890641699304,0.9554376088256348,0.8668189243011131,0.6898290240068988,0.7950774492651809,0.655155469761696,0.713398394449793,0.6889113276037274,0.7372969544810482,0.8163953890211464,0.7555088050834488,0.7512138244710023,0.7709105555276532,0.9499472679551882,1.0163755502350804,0.754930382018081,0.8336074202496957,0.7158722037443355,0.8767651304856509,0.7523549938072257,0.7288895136910203,1.0001587265815697,0.6643930757008395,0.5547172645312026,0.8734830246149001,0.7632371589046859,0.7354003420746078,1.0731659000440645,0.8730226572582697,0.7941485902494524,0.7292068360272302
peace,0.8445787848831687,0.626714737080565,0.7483898561028199,0.7962901030202205,0.8213491831696936,0.7857568663205892,0.7306788756271104,0.8920662145661539,0.6348346435800878,0.7722076127984906,0.7482069437679011,0.9011843100042667,0.7541116905670636,0.8437663556777311,0.8333046796159413,0.616488165789288,0.7934352615090374,0.6257264178225248,0.8351285218454233,0.7269678466022831,0.9186669576849398,0.7819231900122039,0.7229943697795765,0.9199858866194918,0.7128109835291647,0.889469506134764,0.8467528674018133,0.7634568377400396,0.6664022194486359,0.9241662541817344,0.850046405735936,0.7228051979239831,0.824460568459459,0.9006161898732487,0.8112018794196888,0.8238398832653098,0.9032003743804029,0.9537262774303177,0.78804008250382,0.6662557134671591,0.6697423686423954,0.7309007187160109,0.7065108473581017,0.6317531103899316,0.984782500313155,0.8528099262276334,0.7476202403165009,0.7967483157608022,0.6213600912496559,0.9157321897908742,0.6050389608456285,0.8510027781644264,0.61615778452517,0.758599190488074,0.9242688872270892,0.6366047908358231,0.7851291099781361,0.8627770675727188,0.8464169500344385,0.8070185999778363,0.8495763512338199,0.7389176044395711,0.9932795855332998
peace,0.6389382147108165,0.9162070744328775,0.8189494536783517,0.8617109231364349,0.879454601758374,0.8555628603463243,0.718897823944103,0.7713730310511219,0.6548410332941169,0.7701504273988578,0.8322518994808443,0.8607128275356704,0.8391434344994262,0.6244910258569866,0.7437826067579272,0.7337750510632473,0.6689832066756642,0.716406659889624,0.800127918036951,0.9413788520778428,0.7046935670791005,0.6871135564994302,0.7400527556355446,0.8337466387086111,0.9223707890358543,0.7913491092310031,0.6554121254047989,0.676691717171995,0.8188281388659945,0.8995254394676057,0.9815741924841284,0.6817599165097264,0.8139774381284319,0.6970154962754801,0.7101373324415374,0.701668826772516,0.7665738835225466,0.711772091402753,1.0478846056933468,0.7540324216714328,0.8987778110859493,0.7340472325365202,1.0233240529868228,0.8339064981418829,0.8836931729528023,0.7408922490394062,0.8976440605102376,0.8334889025817919,0.7621022454124796,0.692010856357037,0.7762456489030426,0.7676856521377533,0.8869028276586426,0.7767751134402338,0.6078456296715515,0.8646180048503181,0.9293166581938292,0.633393251497156,0.9804730613396055,0.9396651803153352,0.7369119334867029,0.6882840393182355,0.9052977456925217
peace,0.6630350820461932,0.7331659421782594,0.6684870258493715,0.8005907809480907,0.9465185143372128,0.8374916834351328,0.9018074498722826,0.7648197524465317,0.8097302829361845,0.677356223535047,0.7903114071461685,0.7254029890343457,0.7839729701623729,0.7770987927382031,0.7685560121985986,1.0107556999930174,0.9767544652711927,0.9416142381541743,0.9795058967497258,0.9419302649277868,0.7977622665889827,0.7875090394960812,0.823540025052058,0.7789315081284587,0.6959954618567549,0.8296605255547015,0.6433878916446669,0.813764164045636,0.7005227114923855,0.7918961129629299,0.8191203442539136,0.7647146528597182,0.6359489137129346,0.6811981166550484,0.845824362168005,0.7442557806153114,0.8560849752784397,0.8009701291631569,0.7802168108889523,0.8347643588121528,0.7325102928105192,0.8400394918073085,0.7580492917519641,1.0536285559039436,0.6866064382863917,0.7642751369935957,0.7683093003047446,0.6648134438939131,0.8725812589098526,0.7571275918919418,0.5620221778324866,0.8695128571545334,0.7363831218647144,0.7895098577080234,0.8676822579855858,0.7635293414977886,0.7627103360593414,1.0464701984322164,0.5846254251865077,0.6714034513370555,0.6907939065074555,0.978902274090901,0.7355386693957952
peace,0.824020887484567,0.7525921797077677,0.8603200342330888,0.7987286452288507,0.8253099196199573,0.9287246371303182,0.8440269646848966,0.7264932622543738,0.8312067049088575,1.0418652748347887,0.8564970469003759,0.8151909654979003,0.66294470472393,0.8724418530664955,0.887222688018172,0.8312723146787301,0.8114094119093799,1.0832539681173936,0.8855427749124407,0.9240028261842964,0.8066882154421822,0.7868405581961945,0.8632099077702141,0.7867457137797069,0.7949566015321903,0.8463205681874363,0.7487190154382669,0.8220409215059618,0.8080084146526051,0.8967025637454034,0.7388685661847927,0.600006809472254,0.7689365079857325,0.8397286022724748,0.8964107457160237,0.7307156997228185,0.854209985964289,0.9135154365618032,0.875125066310549,0.7209364896554252,0.7316773625162633,0.8435003449674645,0.96253403121251,0.8014165159382423,0.7834672280670426,0.6630382534887084,0.76357131201758,0.7284761846082213,0.802719937418291,0.6487176007064832,0.7671409545606291,0.6991065654238814,0.8940229305838849,0.7140827642123517,0.7427650762350257,0.8282126525954608,0.7546284422496076,1.0359452622486325,0.8930515157279423,0.8017206578314219,0.8368101385447005,0.5644576812364415,0.9231725173710497
peace,0.851189666976717,0.7926842177072578,0.8565849682754422,0.8687849243842807,0.7583627482663752,0.8380162041161752,0.9048724541486701,0.8454897743202215,0.7747394012762662,0.8296650761657868,0.9382239063622635,0.8783975941015452,0.6836932845727958,0.8586683814212421,0.8454157905191857,0.916411352371157,0.8032819512929801,0.7630659708601315,0.6631835185543058,0.7305405593008713,0.9207945569752295,0.819795648669918,0.7900212186573023,0.9295623782592556,0.9089602467345985,0.726425444637199,0.9200996333626335,0.6341418969320863,0.8459544941900423,0.8341308397393867,0.9149781912638456,0.8381011676245507,0.775543980119699,0.7834437258949919,1.0693248986743287,0.8082640447981597,0.8597075691947554,0.597883824003448,0.717264310184532,0.8518768044631125,0.6385477476478609,0.8549398833667252,0.7274874645582265,0.6966148690044525,0.7271163746371774,0.9527538858144362,0.8333417921490279,0.7089563622249075,0.8775339852308108,0.8829738344091872,0.761869189919736,0.8959173625095325,0.9006749635598237,0.8851331967346733,0.7326247966760944,0.6820948107224178,0.6307132675799038,0.7344485360852453,0.7632189041630365,0.7713563913882329,0.7952796479248461,0.9732988549210099,0.7660422826768427
peace,0.7951225883410327,0.6182408161050426,1.0227971464538042,0.6684092599304889,0.7293145295510643,0.8695722046870166,0.8246192438218175,0.9643186270299071,0.8720013655727508,0.7918715948762141,0.9044083868844359,0.9161307945868373,0.7339841238617862,0.896302938616424,0.777773883730159,0.7896522092414497,0.8142933283028906,0.7619219127659247,0.7565408852173988,0.8984720848248693,0.6471061094649917,0.6938373054540813,0.8674733983110492,0.7927100540840845,0.8991512652022784,0.8357932278123458,0.6666295340956347,0.8062834419277587,0.8534547801089217,0.8234039658533321,0.7531725826372551,0.7726059679879799,0.7439914844239245,0.667480291839882,0.6537260435152265,0.8390020956094368,0.7128541634471097,0.8575598427452059,0.740493251254847,0.6686851413285052,0.7592056364775452,1.0094374972418054,0.790438922081697,0.8645866668332232,0.8168803809924078,0.6594801963833539,0.944896324602317,0.7752178190176066,0.6689487435281306,0.7487766491556666,0.7793755905025802,0.8749479523501226,0.7319236819389721,1.0620345599983931,0.7062831017491393,0.8611994962231029,0.6026027258588389,0.7876301333740701,0.8367234279322115,0.688041674617738,0.949904548104167,0.8434476651184172,0.7682359535153573
peace,0.8423677501627976,0.7406685838063217,0.9251379902407577,0.9015298601822177,0.8373390067107488,0.8611692047497924,0.6522803789898782,0.9466945106744465,0.7900642178734699,0.9025045649426102,0.8749842223524698,0.9009714767543873,0.6952237049741046,0.7079500657684089,1.024827476882057,0.6480657926507644,0.6902389646491291,0.804324399659816,0.804497972732861,0.7459981922867526,0.8616078871919273,0.8902083437600501,0.7981832367091202,0.7731510140311604,0.7977737810384854,0.7502639208025582,0.630176305781115,0.8300924437007546,0.8765835713748041,0.7846072721676094,0.5734921818094432,0.7428284954678248,0.890572207186793,0.6561751487463191,0.869588402210372,0.7554583871630228,0.7981224849325059,0.7314100489216129,0.6864417490382053,0.9434246468270372,0.8815839032571491,0.864472102950204,0.8908555482201913,0.8502714872302497,0.8944131255780234,0.7336099254019586,0.9377686887279046,0.928843105953733,0.838048196751794,0.7712005452114952,0.677647078135026,0.8228657774204194,0.9684915179668065,0.6839162826649002,0.9018075148525606,0.7528561126093444,0.7613902215184722,0.6824541008737132,0.7247507073433029,0.8646782085561147,0.8771127568756769,0.8235858081076606,0.7499187135240148
peace,0.6896442797767761,0.8061758466810226,0.7635045695783382,0.821118142243743,0.7678762300179669,0.7704335213314537,0.8158960686112463,0.8352192464643723,0.9223921290097736,0.7663011665925308,0.8545494517052277,0.9803622059032076,0.8572076324227563,0.916425099356498,0.7379372660731277,0.7279644359651657,0.7840625871615063,0.7947060114786262,0.9070824517115945,0.7270316050818646,0.7911372089802414,0.9074825247013211,0.8215543583398676,0.7989183029695418,0.8238497621466931,0.6872447498489138,0.6856246885758039,0.6411786248366392,0.8206681787369604,0.8918854749843017,0.8765586484603871,0.9143627992564816,0.9454222219053875,0.8144647384488164,0.7935392282226451,0.947596469484246,0.7298984803322913,0.6821467379616752,0.7661120547430899,0.7544256690665785,0.8048326745821022,0.714998030885688,0.8369733144763333,0.7430887959609517,0.9228203826355873,0.6805434496560293,0.7860527183947899,0.7665085708422489,0.8230889922670468,0.8926704482826707,0.8266210906388943,0.7871408801648787,0.8691255037765294,0.8843024769416152,0.8269199796704343,0.8387591827306496,0.8646635546295615,0.635607327415075,0.7649194788543544,0.8376233931208664,0.7708392516225625,0.771185311036181,0.8374901542799934
peace,0.8397644974015431,0.8467059354570887,0.7207776538279694,0.6582196639445819,0.880438678235251,0.7257584492511501,0.7188474643727725,0.7098248474587976,0.915103014133554,0.8212026812086464,0.8342523398384535,0.8689551183227469,0.7957629469584454,0.9012688462665709,0.6803196844020443,0.6914392994245994,0.6859230534333962,0.8421668497570334,0.850641769619869,0.7527417963286497,0.7767561651211226,0.9268070600795233,0.7305563804046907,0.8295432791253287,0.7314284128980131,0.909597432494017,0.8628426184272668,0.6601078573995414,0.7739198970352055,0.592099320893708,0.8900455581010831,1.0047308950921436,0.581955887999945,0.6572901309062953,0.8167320083569853,0.7981541189710547,0.758915482819488,0.6262379982748867,0.832344682997513,0.888751385194698,1.0846985448754232,0.9307287922136822,0.6701284008058763,0.7988108588838232,0.8592077721448715,0.7311738552476704,0.8780012001542891,0.8703377789936935,0.9237359715735833,0.880224275326752,0.8285143650107759,0.7362068252991115,0.6706921405506843,0.8219016138153953,0.7596165908289649,0.7692802762326858,0.9121790490719369,0.9368924013805862,0.6764633383746697,0.7789569394084812,0.7566794829703434,0.8314908642002672,0.5733722311023839
peace,0.653916201495722,0.7882505066961595,0.8786115204305316,0.8075290737453574,0.8671507073057703,0.8197308377686987,0.9276289573744115,0.948588754883218,0.7239537112834507,0.8883645339787553,0.8508119548467055,1.0504668145083471,0.7202164980985883,0.7883264468968182,0.6967726366684133,0.7027063767898,0.8385564021645101,0.8205543420539111,0.8541451093908179,0.8519753727449066,0.776436124717559,0.7757460931301837,0.7029201267528086,0.7298845695715406,0.794319822344206,0.8197029641842081,0.871078789158859,0.8608860659792174,0.9557076765565733,0.7027311907502432,0.7767414589355931,0.7114695443802229,0.9277287069362071,0.7497526111803577,0.9155027452444637,0.945278613372606,0.8413436963460782,0.8293058827725031,0.803864514548458,0.7682893963833578,0.7562615236171935,0.7852583276285693,0.98243783904791,0.695814478503382,0.820460922377599,0.87113059641874,0.7715624158657645,0.8416082371241579,0.649539818731656,0.9325043146315181,0.913114871144109,0.7901574100626351,0.7120164134694932,0.8792898147586908,0.6851880533697937,0.6995375934090399,0.7946390508931317,0.9518041566988016,0.8640581855935319,0.7353004830010715,0.6317902058484498,0.8041520413631814,0.8251421785901598
peace,0.7927219918411197,0.9806391680231676,0.7868073110391555,0.5717879625824231,0.7592860441823612,0.845464457854743,0.8386897308751973,0.782332171376497,0.7657781813927178,0.6000377115201766,0.8085770756221534,0.7661377223921038,0.824924988204346,0.849128927402029,0.9241068372044641,0.7044434898686133,0.6706017845484286,0.74260332688756,0.7264406754943693,0.7174590425283722,0.9444906440868253,0.8148415871538295,0.9972393462628082,0.7996929576975238,0.6828123550934039,0.7191825415802231,0.9024455347043958,0.6866148263039477,0.8557876644263879,0.764324747084734,0.707017442733524,0.9386519732148224,0.7411433963679981,0.7172428975399633,0.7921106920447177,0.7491762307158135,1.0214985900599869,0.906035729337558,0.7409307577544837,0.7524662888741569,0.5980551724932262,0.8137403651091445,0.7252940657061193,0.8088011382159934,0.603372590509577,0.7973243664011059,0.9698671306233495,0.8054141161232328,0.7225317812949459,0.7979533275090175,0.7935751263813914,1.0191833140756292,0.7667158070779314,0.6796706696777144,0.8021458174227438,0.81955332378393,0.8562295966354156,0.8755761850231387,0.9955526085509796,0.7404336298327462,0.7313450255821816,0.6145863522845352,0.8661653766715723
peace,0.7112685634560856,0.889176427991462,0.7508365086414155,0.9725957971760368,0.6566493111019932,0.9022925503352694,0.8903842562812787,0.852657643846422,0.6882736301012461,0.8531150820308554,0.8126874740796706,0.6169743789587335,0.9558272989734663,0.765438858408301,0.9481217696024387,0.7932338549898017,0.8982326063298739,0.7140474888259718,0.8214434954328484,0.8143941993127678,0.7676398972607368,0.7130777186085333,0.49331992691605675,0.7154240591506416,0.8700509113575734,0.6604770451109837,0.6811866360171381,0.6565137191635294,0.8208888116310556,0.7106593414906742,0.9220342977200138,0.8734619707119274,0.8200124063950963,0.8303949666575854,0.7237051927350299,0.7237307374005257,0.8711026546582014,0.8913392023637042,0.8702262371913546,0.7529417343576602,0.7608677922479716,0.7068243218194972,0.8768253837257886,0.60385444379597,0.5795763695142965,0.5995140627549156,0.585731071730567,0.9357140901498145,0.8786805363570274,0.6801403398316946,0.7894067093312555,0.9465790373848365,0.8500198620912424,1.0114376267970806,0.7885733865907182,0.7344841053627436,0.6918890833312886,0.8023644655799446,0.8936064391586968,0.809912503326929,0.7641805000356986,0.9256520435317214,0.8528892096133005
peace,0.7886563503380093,0.7233408726554912,0.7745557208468206,0.8472747222756907,0.7219651123884909,0.6766347061232508,0.7519848743398317,0.7950790307922262,0.9363290165165777,0.683996263013748,0.822674809693285,0.772242852669277,0.7772059214077273,0.9539366302884257,0.8081212137325368,0.7086445088284221,0.8888746721545606,0.8815240683306863,0.6998828888078387,0.6807063270312955,0.8410519724707071,0.7967031081258378,0.7529417295291073,0.9056298507988371,0.7407719303964243,0.8421562902503388,0.9174644367950788,0.7660869139851815,0.6170901265270776,0.7596932216605151,0.8189283741575438,0.9003005942762808,0.7478839309764101,0.9723093446463215,0.6701177621266259,0.8164143664547322,0.7760836966290795,0.934709089313998,0.6526352819218059,0.8425634758135924,0.7755768368105289,0.952914094968599,0.7171441318777418,0.8415318262494438,0.7161808459562152,0.818806217742285,0.7630635127269229,0.7614770244742576,0.6012564695229352,0.8414584064358097,0.691776086304815,0.6883320384948108,0.6444716594441225,0.6943950641601013,0.8500479766329186,0.845117328848641,0.8663710960541229,0.697301910715519,0.8214781625572725,0.7384616466995879,0.8954729688338317,0.8426013954844302,0.7343481673286388
peace,0.9040575535318238,0.8507344340641325,0.6612997173086176,0.6328477818668424,0.6652314179473382,0.9649181716526639,0.698453737396357,0.9876140207681822,0.6932681416945607,0.6826134944722656,0.8879952481063262,0.8925523310902437,0.855582517363362,0.8676110293791646,0.7198378224641667,0.883300319548065,0.8239996671718602,0.7634724610416108,0.8094619897784768,0.9060645818149279,0.8391850602957818,0.5842197907299653,0.8891227871291878,0.8814638713462549,0.7620935320359447,0.8116748293219124,0.8112739751159332,0.6020540424023232,0.7598329690905891,0.7637022922053093,0.7841273131146704,0.7474152236132356,0.8662841769223383,0.7190871101435343,0.8910077166023553,0.86157420833971,0.9360418387801592,0.9733799034137054,0.974045182141556,0.6814382035631972,0.8344185835595128,0.7282213743686592,1.1280299589689118,0.8614071358984791,0.9416311989693794,0.8435369503498489,0.5364556914296863,0.7216434968383776,0.7314417059313693,0.7609864722436375,0.835956830025343,0.8501332724414365,0.537266356028341,0.7763080435823937,0.7514123878614342,0.9381038323702492,0.8592244604080432,0.7816922477596197,0.8223680823862682,0.6312976962281274,0.8661352044831807,0.7604461079407228,0.7192621227238244
peace,0.9314231839836258,0.8273580822677593,0.7334569069819306,0.739560685375052,0.8365906339640494,0.8288171296473963,0.8029425051424445,0.6796643611404046,0.6944535979890738,0.7251686021833742,0.7803853569247264,0.795868893689216,0.784002897426512,0.7885755038929517,0.988124559792107,0.8849250086593172,0.9188216756548238,0.8464263991563981,0.8072402672316248,0.8409958239614213,0.822582017261544,0.8807978208611553,0.7024859533351566,0.8724747094616427,0.8167058668777303,0.6192912962350862,0.8085721686631093,0.6693782199110816,0.746500232661395,0.784080934024506,0.6492898131158328,0.7946258817093779,0.8068468077070509,0.8755073731796885,0.7546234649715796,0.8274475004319489,0.7904587250886189,0.7581729263798357,0.6329422704859631,0.7888399692670502,0.8744512497402503,0.7066283209414884,0.7782216138701727,0.7929512673572365,0.9102440631781764,0.8030107823856041,0.8288087375313091,0.799134395293646,0.7507694175026524,0.686552608244249,0.7714927902595384,0.8393359304459207,0.8123076367999578,0.9479516929714155,0.894585203661718,0.9240557900521477,0.5967723390348715,0.9579334252383955,0.8266811595327146,0.8408925462421801,0.8896027345661182,0.8021317308413627,0.6929619452496683
peace,0.9447407633129673,0.7231777939876114,0.7014282620517488,0.7765699084994162,0.7613996065453466,0.8003806834228127,0.790179172036114,0.9347129767569242,0.8459322599052211,0.7142203020867072,0.7279495741542406,0.761181135234192,0.7615798995229508,0.7485255863186543,0.6898257981956406,0.8290402137436154,0.7544395497461187,0.7048198540954957,0.8485475195092691,0.8847821998773291,0.7754362902199773,0.9781486364518517,1.0215520699031175,0.8496890153361276,0.7531189280805649,0.8268953554376758,0.6775556934752728,0.7128136392434672,0.63173108615991,0.7371535017498535,0.6767479749808776,0.8624056731915688,0.7250841474409692,0.827662129151658,0.8747906440723433,0.9171342411508522,0.764657545868897,0.8310637498939795,0.8342501500563505,0.9272091381522182,0.8783558079083946,0.9303344988786711,0.6335348541719386,0.733572898992815,0.9031816834223927,0.8580701836897825,0.7874954454277471,0.7525950116639988,0.878868454462893,0.6020422928560878,0.8792191185312735,0.8090688266040815,0.7511160482407735,0.8502440901903145,0.7613950917714885,0.802901873472587,0.7953754199109643,0.8744529923983464,0.8159181821183263,0.6090880348886725,0.6607906197496777,0.6915833796801073,0.8456544666778582
peace,0.8556852421522755,0.9670357184754205,0.6985569589032439,0.9309252969887817,0.606212133502322,0.8017757957491122,0.8245203400044695,0.824159025656943,0.7690404482242954,0.8117895591860449,0.6764780429364702,0.8865161486796422,0.8249790433453441,0.8362233413481869,0.7720983538445919,0.7672020375251166,0.8524730894165269,0.9589973849957409,0.6606368909400772,0.6555929825206109,0.8266205312388923,0.7667799913645683,0.8124105771672494,0.7976210685400661,0.8622009367853694,0.7713836569780056,0.6791788210100733,0.7210146038908029,0.7839548345105505,0.6745029531128602,0.7963146093249016,0.8060754655714503,0.7642196400128852,0.8209222133791795,0.638572141913769,0.7046815661436762,0.6857301113696396,0.8879856737947425,1.0306164002580636,0.7119180420027726,0.7764757763032564,0.730657075738452,0.8221225240807943,0.7391591350579845,0.8282779876747187,0.8665026616721587,0.6776175062109243,0.8271514315524969,0.6205943976780954,0.7743466035559547,0.767631957451923,0.7770862949484908,0.7687939543608785,0.7505072879433612,0.7734217821605115,0.823813769177685,0.8266257207387749,0.8115199344699633,0.7426402576353525,0.9080336648254783,0.95253550836582,0.6711585684954748,0.816426915594992
peace,0.7531858067475508,0.8925598052895,0.7987405798791493,0.8053177947903136,0.8494967823391444,0.7702461041469745,0.9677481077398,0.8509739728316551,0.893160749497483,0.7779444404035869,0.7877144338414064,0.8811624859564006,0.8711182268259586,0.6751331467667373,0.812763259648282,0.8473837945566427,0.7869699375003303,0.8378927565683326,0.7912005752154305,0.5753249056044356,0.6689108560027834,0.897498443419282,0.7755619749577669,0.8189690995242432,0.7996343197008804,0.7174701701171362,0.7532921528176942,0.8328949476838168,0.843099613569718,1.0188409470480317,0.7522257821222388,0.9670639158325892,0.7139585117099464,0.8488600193745358,0.8177872619531835,0.7874134448824814,0.7994341548137295,0.7377385008094111,0.8903904555463846,0.7157384959411092,0.8317525920314894,0.875585833357738,0.938420309338772,0.8971769468897978,0.8572429446397725,0.7362268036850007,0.7214224847693586,0.6861421114870321,0.6765734430573255,0.7998595961855657,0.7272583297633478,0.91992256344896,0.7421038408439572,0.8094255837371683,0.7735356231559829,0.659614256261585,0.9089440831580319,0.8695482084644993,0.8810522088923048,0.8594946660248954,0.7240514965004881,0.7259951034763223,0.8451987641193116
peace,0.9542919565984201,0.8385978897843199,0.8978466676850974,0.7474127667702087,0.9097850909969982,0.7580531607865225,0.82401592712462,0.7633838904621186,0.8889156173676894,0.8902761989285141,0.6523218919856831,0.932529783422218,1.0376409192759195,0.7644667316968711,0.7873198428336778,0.9239429794240154,0.8066767455305717,0.7996025689966906,0.9896968733887413,0.6645702838591974,0.7211036869866272,0.8417822993555859,0.63804554061243,0.7626990816596937,0.7617834369924774,0.8961773820222316,0.869285303450192,0.6316772751170678,0.7306876658315451,0.73099437159064,0.7783424123249659,0.6902452810390654,0.8451647941971666,0.7305812930696256,0.8588621936003723,0.7997145756168303,0.7026924860989611,0.9388277302745497,0.9417726634283043,0.8290345315209781,0.7760793787155983,0.6943707186625221,0.9071113369872431,0.8822639535023133,0.7186004054986975,0.7313187266319184,0.8456920464175713,0.6824556252648833,0.737431357625061,0.6959434335027369,0.6991665990365649,0.72799355058023,0.8906004154505544,0.624545351965963,0.8433484279978971,0.8257947332810198,0.8968343764084931,0.82570489871305,0.7621160675333867,0.7184690274560135,0.8990411673909452,0.8496948084255294,0.7506864341183785
peace,0.8908911724166662,0.7554121784793887,0.7999058134506004,0.7395516291455371,0.8533841904400229,0.700580864981012,0.7701411311933849,0.7345446216748885,0.8263711961662017,0.8388487918241033,0.6895839072908325,0.8406431388824745,0.6523276616308964,1.0191973171438962,0.7488526930719902,0.9049260664968943,0.8201166392565834,0.8241795501019171,0.6833926074153743,0.8843440859081638,0.80486471319144,0.847013968868439,0.7909285677154883,0.8130043062916625,0.7112828405768232,0.7847108923169277,0.7580110791680655,0.7294428802243886,0.8134525739694913,0.8363386955818516,0.8250772009729846,0.7897739205163534,0.8411109055030256,0.8242164211981776,0.8097527204494979,0.8166151019968958,0.9183002989767937,0.6794926438597351,0.7681403830182107,0.8338174608622873,0.6417264097517335,0.9382584483326071,0.8254817875724482,0.895690176442374,0.9119761878554884,0.8412452928910653,0.576740629455595,0.8147694221730211,0.8211886913528599,0.6913133244428595,0.6210326543247183,0.8461669302801355,0.6750809662782065,1.0061417208966787,0.8263137281813157,0.935151171750491,0.8031163399367782,0.8751538827976283,0.8053263931229718,0.9005572930375674,0.5961668098464654,0.8888147843889421,0.8668764160934217
peace,0.784584834191698,0.7590836115335208,0.770089774949023,0.8282766968381999,0.9214039364655966,0.7465810792222488,0.6298232908841191,1.0484580984245064,0.867157456451369,0.7608788385958015,0.9188846718997049,0.8933693901815105,0.84922823736699,0.7522948308005506,0.8667322518984337,0.908955882369271,0.6279927267709156,0.8224494981972112,0.8298175702777469,0.8266076661428873,0.8046183616516178,0.9186073075353902,0.7788683066922837,0.799721455071103,0.8315665318078457,0.7821930472695183,0.6613998743248846,0.8214130043688933,0.8225456377371458,0.7634834918584551,0.7867685083470698,0.48201297603600196,0.9208406049334135,0.89010301758606,0.6662168819517482,0.7324532754972438,0.9448521361041591,0.6845149322679048,0.8478458689236135,0.7507983268919556,0.8410141956685167,0.8050138025157065,0.7716768170722909,0.8388521873251454,0.7506952814151553,0.6215767127044526,0.7072277731246266,0.6952141375119054,0.6395880842079128,0.8369400066347705,0.7827233309389493,0.835394106580982,0.8520751355603375,0.8756468836760243,0.8406921741148782,0.7020391403205781,0.8579525525250976,0.8221804739207706,1.0190104779124827,0.8007918339873006,0.8382899785732932,0.7905174391185699,0.8048895850696548
peace,0.7981386645916905,0.7565376423799348,0.8177353657754917,0.862176044212311,0.7580493320629342,0.8835573288510227,0.8714310329599795,0.7119737748173354,0.7036310274381856,0.8448153400106927,0.7412464215020854,0.6954289352730507,0.9716897446153403,0.7033672435701315,0.6476404551840761,0.7216306611578885,0.8231648193722564,0.8073552077334214,0.9887213430164832,0.7231607052227236,0.8236156406987923,0.912848888838915,0.7340984151506652,0.8703724208068973,0.6167828899141026,0.9758754539410739,0.8994757761507215,0.7319325002791028,0.8829817777833716,0.9313182899459934,0.6711331416183272,0.7400122101025219,0.9346083413842933,0.8067472889439964,0.8436166165699484,0.8070197228606291,0.8891488843665811,0.8512931640548034,0.8106217263922003,0.5898307352182681,0.8640010630514943,0.8729240976659212,0.6760461127242973,0.6828401091764398,0.8517598595669598,0.8194325068134269,0.6025206418078339,0.7177978295854422,0.8313843098902035,0.8676676869168869,0.7415680780174199,0.7852543511501637,0.7120647894305379,0.9323923674161532,0.8174588277526009,0.7332311717185254,0.6843698567825183,0.6733112631201031,0.9811554719252331,0.7826488155804885,0.7600478909821752,0.7786756185468299,0.7369790213863178
peace,0.7892989506921424,0.803492840360497,0.8015003532142189,0.6737402201323546,0.8892430980048194,0.7447040566859434,0.7341336652789187,0.7296173983467458,0.6947528306868903,0.8267797665287313,0.889498197234,0.7277010781366187,0.6156874214618229,0.6972885402391577,0.7551714050705948,0.6768564688568748,0.7401268310997929,0.7448473175719267,0.7984509977883073,0.6545045533747709,0.8580113372992306,0.966093881869979,0.9429117205480102,0.7415955852701743,0.866865516115836,0.8550253805902012,0.7956474837070769,0.8177005641175124,0.8683043796859045,0.8883375804373441,0.7188327736598273,0.8747691389982684,0.9666462523485446,0.888218164201754,0.9536462915289861,0.5416480643154966,0.8595709062628094,0.8264251269908206,0.9027084697223566,0.6874373842421598,0.7493858908228282,0.8900536732980648,0.6940331442542168,0.8242314257451382,0.7983061417094451,0.7804069333133987,0.857269864209689,0.6884499212620634,0.7219883218369875,0.786075120455304,0.6798817634829086,0.9230921802333043,0.7201232862569957,0.8786329600040894,0.7124496693052685,0.8704197206142752,0.6391151325553105,0.9408615401044509,0.9135133005106635,0.7447416491877448,0.7174359367922867,0.8457802512500121,0.6473893778196251
peace,0.8034752086794251,0.7192411565082161,0.7745689884722027,0.7356151228926332,0.7201631367106218,0.9704794157624587,0.8780543483336972,0.6520137017827854,0.7124186595232592,0.8857449029334913,0.8968686843804509,0.6614917304347154,0.8698604848691304,0.8265029116133022,0.6058330034934398,0.7596802281606692,0.7863836683649498,0.8048491805367348,0.6679417212679978,0.7236984495815294,0.7377056261351587,0.746432428334025,0.7481002552747185,0.7867367089085517,0.8309636615110418,0.977422572451458,0.8870888753546566,0.9316863389509753,0.7519244314976318,0.699607684975707,0.8801425275547332,0.7983789060115241,0.8730317800129537,0.7117699775414958,0.8648577098767642,0.7824750513590109,0.7539099015531731,0.7633244234349988,0.8490433417247878,0.877414131634439,0.7633585842279142,0.834430982842333,0.8340816394333178,0.8738336860031627,0.8986915193283154,0.9811221387272713,0.7534829613476988,0.9460009899660186,0.811707437506134,0.6905198794588301,0.7349515513952728,0.8465960120216214,0.8723760711925475,0.6983732143272171,0.7236115743381771,0.7466883343141087,0.7136631978101937,0.6119915009752513,0.5780686287036695,0.7618192884501629,0.8252079289626367,0.8655585606758651,0.6637665926025555
peace,0.6654660882607302,0.7472071396895644,0.8003342452888572,0.9008781600396799,0.871772206919022,0.7632171828852937,0.8360155304617765,0.7156460760869829,0.8074345755649823,0.7937576706966457,0.9404302289827988,0.8493555083825458,0.7229214953997298,0.7239445174187319,0.7666908467105201,0.6435533995556924,0.7769979621853211,0.7856340790351638,0.8466526878966372,0.8612125352148852,0.809891640938804,0.637000731336044,0.6778953468852265,0.739489507640058,0.865229144863489,0.8618523971074659,0.7750561726905233,1.0359730409766874,0.9561567585065691,0.9239919397851906,0.8700658154592633,0.8458541753841715,0.8385576036111074,0.6194970871637533,0.6948715643205292,0.7777863213251403,0.8127872495410908,0.7875543477157407,0.8272276781210999,0.5896699450257361,0.8505664302819333,0.8062137555811996,0.7812550041241695,0.8927312034526927,0.6954466616630444,0.7763105147372008,0.8284418411398488,0.7146988691390359,0.5996656021917841,0.6846959889654602,0.7935279412756109,0.7750980256337127,0.7981733950833291,0.734072315587654,0.6687736167446873,0.8137008258207928,0.7833477005513612,0.8637834882761664,0.7252315217072213,0.5979148009154681,0.5395540021549883,0.759853078551892,0.8127909162117797
